ISO-10303-21;
HEADER;
/* Generated by software containing ST-Developer
 * from STEP Tools, Inc. (www.steptools.com) 
 */
/* OPTION: using custom renumber hook */

FILE_DESCRIPTION(
/* description */ ('STEP AP242',
'CAx-IF Rec.Pracs.---Representation and Presentation of Product Manufa
cturing Information (PMI)---4.0---2014-10-13',
'CAx-IF Rec.Pracs.---3D Tessellated Geometry---0.4---2014-09-14','2;1'),

/* implementation_level */ '2;1');

FILE_NAME(
/* name */ 'CL-SB-22A-12T',
/* time_stamp */ '2026-01-10T11:03:13+01:00',
/* author */ ('License CC BY-ND 4.0'),
/* organization */ ('CADENAS'),
/* preprocessor_version */ 'ST-DEVELOPER v20',
/* originating_system */ 'PARTsolutions',
/* authorisation */ '  ');

FILE_SCHEMA (('AP242_MANAGED_MODEL_BASED_3D_ENGINEERING_MIM_LF { 1 0 10303 442 1 1 4 }'));
ENDSEC;

DATA;
#10=DRAUGHTING_PRE_DEFINED_COLOUR('white');
#11=CONTEXT_DEPENDENT_SHAPE_REPRESENTATION(#15,#11546);
#12=CONTEXT_DEPENDENT_SHAPE_REPRESENTATION(#16,#11548);
#13=NEXT_ASSEMBLY_USAGE_OCCURRENCE('NAUO1','22A-12_c','22A-12_c',#11549,
#11550,'');
#14=NEXT_ASSEMBLY_USAGE_OCCURRENCE('NAUO2','2Side setting_s',
'2Side setting_s',#11549,#11551,'');
#15=(
REPRESENTATION_RELATIONSHIP(' ',' ',#7712,#7711)
REPRESENTATION_RELATIONSHIP_WITH_TRANSFORMATION(#17)
SHAPE_REPRESENTATION_RELATIONSHIP()
);
#16=(
REPRESENTATION_RELATIONSHIP(' ',' ',#7713,#7711)
REPRESENTATION_RELATIONSHIP_WITH_TRANSFORMATION(#18)
SHAPE_REPRESENTATION_RELATIONSHIP()
);
#17=ITEM_DEFINED_TRANSFORMATION(' ',' ',#7714,#8153);
#18=ITEM_DEFINED_TRANSFORMATION(' ',' ',#7714,#8187);
#19=SHAPE_REPRESENTATION_RELATIONSHIP('','',#7712,#21);
#20=SHAPE_REPRESENTATION_RELATIONSHIP('','',#7713,#22);
#21=ADVANCED_BREP_SHAPE_REPRESENTATION('',(#7706),#11536);
#22=ADVANCED_BREP_SHAPE_REPRESENTATION('',(#7707),#11537);
#23=B_SPLINE_CURVE_WITH_KNOTS('',3,(#10824,#10825,#10826,#10827,#10828),
 .UNSPECIFIED.,.F.,.F.,(4,1,4),(2.25406463813061E-24,0.000171376381966919,
0.000342752763933838),.UNSPECIFIED.);
#24=B_SPLINE_CURVE_WITH_KNOTS('',3,(#10847,#10848,#10849,#10850,#10851),
 .UNSPECIFIED.,.F.,.F.,(4,1,4),(0.,0.000171485946217981,0.000342971892435961),
 .UNSPECIFIED.);
#25=B_SPLINE_CURVE_WITH_KNOTS('',3,(#10862,#10863,#10864,#10865,#10866),
 .UNSPECIFIED.,.F.,.F.,(4,1,4),(2.16841895313195E-19,0.000171376370362662,
0.000342752740725323),.UNSPECIFIED.);
#26=B_SPLINE_CURVE_WITH_KNOTS('',3,(#10894,#10895,#10896,#10897,#10898),
 .UNSPECIFIED.,.F.,.F.,(4,1,4),(0.,0.000171485946217975,0.00034297189243595),
 .UNSPECIFIED.);
#27=CYLINDRICAL_SURFACE('',#7873,0.1);
#28=CYLINDRICAL_SURFACE('',#7875,0.1);
#29=CYLINDRICAL_SURFACE('',#7876,0.1);
#30=CYLINDRICAL_SURFACE('',#7878,0.0999999999999998);
#31=CYLINDRICAL_SURFACE('',#7880,0.1);
#32=CYLINDRICAL_SURFACE('',#7881,0.0999999999999998);
#33=CYLINDRICAL_SURFACE('',#7883,0.1);
#34=CYLINDRICAL_SURFACE('',#7892,0.1);
#35=CYLINDRICAL_SURFACE('',#7895,0.1);
#36=CYLINDRICAL_SURFACE('',#7898,0.100000000000001);
#37=CYLINDRICAL_SURFACE('',#7901,0.1);
#38=CYLINDRICAL_SURFACE('',#7905,0.1);
#39=CYLINDRICAL_SURFACE('',#7908,0.100000000000001);
#40=CYLINDRICAL_SURFACE('',#7911,0.1);
#41=CYLINDRICAL_SURFACE('',#7914,0.0999999999999998);
#42=CYLINDRICAL_SURFACE('',#7918,0.1);
#43=CYLINDRICAL_SURFACE('',#7921,0.0999999999999998);
#44=CYLINDRICAL_SURFACE('',#7924,0.1);
#45=CYLINDRICAL_SURFACE('',#7927,0.100000000000001);
#46=CYLINDRICAL_SURFACE('',#7931,0.100000000000001);
#47=CYLINDRICAL_SURFACE('',#7934,0.100000000000001);
#48=CYLINDRICAL_SURFACE('',#7937,0.1);
#49=CYLINDRICAL_SURFACE('',#7940,0.1);
#50=CYLINDRICAL_SURFACE('',#7946,0.5);
#51=CYLINDRICAL_SURFACE('',#7949,0.4);
#52=CYLINDRICAL_SURFACE('',#7955,0.199999999999998);
#53=CYLINDRICAL_SURFACE('',#7956,0.199999999999999);
#54=CYLINDRICAL_SURFACE('',#7958,0.2);
#55=CYLINDRICAL_SURFACE('',#7961,0.2);
#56=CYLINDRICAL_SURFACE('',#7963,0.199999999999999);
#57=CYLINDRICAL_SURFACE('',#7964,0.2);
#58=CYLINDRICAL_SURFACE('',#7969,0.200000000000001);
#59=CYLINDRICAL_SURFACE('',#7970,0.200000000000001);
#60=CYLINDRICAL_SURFACE('',#7972,0.2);
#61=CYLINDRICAL_SURFACE('',#7975,0.2);
#62=CYLINDRICAL_SURFACE('',#7977,0.125);
#63=CYLINDRICAL_SURFACE('',#7982,0.200000000000001);
#64=CYLINDRICAL_SURFACE('',#7983,0.200000000000002);
#65=CYLINDRICAL_SURFACE('',#7987,0.200000000000001);
#66=CYLINDRICAL_SURFACE('',#7989,0.200000000000001);
#67=CYLINDRICAL_SURFACE('',#7991,0.125);
#68=CYLINDRICAL_SURFACE('',#7992,0.125);
#69=CYLINDRICAL_SURFACE('',#7997,0.200000000000001);
#70=CYLINDRICAL_SURFACE('',#7999,0.200000000000001);
#71=CYLINDRICAL_SURFACE('',#8001,0.125);
#72=CYLINDRICAL_SURFACE('',#8002,0.125);
#73=CYLINDRICAL_SURFACE('',#8004,0.250000000000001);
#74=CYLINDRICAL_SURFACE('',#8005,0.250000000000001);
#75=CYLINDRICAL_SURFACE('',#8006,0.05);
#76=CYLINDRICAL_SURFACE('',#8008,0.3);
#77=CYLINDRICAL_SURFACE('',#8021,0.400000000000002);
#78=CYLINDRICAL_SURFACE('',#8025,0.2);
#79=CYLINDRICAL_SURFACE('',#8030,0.199999999999999);
#80=CYLINDRICAL_SURFACE('',#8032,0.7);
#81=CYLINDRICAL_SURFACE('',#8036,0.400000000000001);
#82=CYLINDRICAL_SURFACE('',#8038,0.450000000000001);
#83=CYLINDRICAL_SURFACE('',#8039,0.4);
#84=CYLINDRICAL_SURFACE('',#8045,0.149999999999999);
#85=CYLINDRICAL_SURFACE('',#8050,0.4);
#86=CYLINDRICAL_SURFACE('',#8053,0.100000000000001);
#87=CYLINDRICAL_SURFACE('',#8068,0.400000000000001);
#88=CYLINDRICAL_SURFACE('',#8070,0.400000000000001);
#89=CYLINDRICAL_SURFACE('',#8074,0.150000000000001);
#90=CYLINDRICAL_SURFACE('',#8076,0.0999999999999994);
#91=CYLINDRICAL_SURFACE('',#8077,0.149999999999999);
#92=CYLINDRICAL_SURFACE('',#8083,0.4);
#93=CYLINDRICAL_SURFACE('',#8088,0.4);
#94=CYLINDRICAL_SURFACE('',#8091,0.100000000000001);
#95=CYLINDRICAL_SURFACE('',#8106,0.400000000000001);
#96=CYLINDRICAL_SURFACE('',#8108,0.400000000000001);
#97=CYLINDRICAL_SURFACE('',#8112,0.150000000000001);
#98=CYLINDRICAL_SURFACE('',#8114,0.0999999999999994);
#99=CYLINDRICAL_SURFACE('',#8115,0.149999999999999);
#100=CYLINDRICAL_SURFACE('',#8121,0.4);
#101=CYLINDRICAL_SURFACE('',#8126,0.4);
#102=CYLINDRICAL_SURFACE('',#8129,0.100000000000001);
#103=CYLINDRICAL_SURFACE('',#8144,0.400000000000001);
#104=CYLINDRICAL_SURFACE('',#8146,0.400000000000001);
#105=CYLINDRICAL_SURFACE('',#8150,0.150000000000001);
#106=CYLINDRICAL_SURFACE('',#8152,0.0999999999999994);
#107=CIRCLE('',#7716,0.400000000000001);
#108=CIRCLE('',#7718,0.4);
#109=CIRCLE('',#7720,0.400000000000001);
#110=CIRCLE('',#7722,0.4);
#111=CIRCLE('',#7725,0.400000000000001);
#112=CIRCLE('',#7727,0.4);
#113=CIRCLE('',#7729,0.400000000000001);
#114=CIRCLE('',#7731,0.4);
#115=CIRCLE('',#7734,0.400000000000001);
#116=CIRCLE('',#7736,0.400000000000001);
#117=CIRCLE('',#7739,0.125);
#118=CIRCLE('',#7740,0.200000000000001);
#119=CIRCLE('',#7741,0.200000000000001);
#120=CIRCLE('',#7742,0.125);
#121=CIRCLE('',#7744,0.250000000000001);
#122=CIRCLE('',#7746,0.250000000000001);
#123=CIRCLE('',#7748,0.200000000000001);
#124=CIRCLE('',#7749,0.199999999999999);
#125=CIRCLE('',#7750,0.2);
#126=CIRCLE('',#7751,0.2);
#127=CIRCLE('',#7752,0.199999999999999);
#128=CIRCLE('',#7753,0.200000000000001);
#129=CIRCLE('',#7754,0.2);
#130=CIRCLE('',#7755,0.2);
#131=CIRCLE('',#7756,0.125);
#132=CIRCLE('',#7758,0.200000000000001);
#133=CIRCLE('',#7759,0.200000000000001);
#134=CIRCLE('',#7761,0.125);
#135=CIRCLE('',#7763,0.200000000000002);
#136=CIRCLE('',#7764,0.200000000000001);
#137=CIRCLE('',#7765,0.125);
#138=CIRCLE('',#7766,0.2);
#139=CIRCLE('',#7767,0.200000000000001);
#140=CIRCLE('',#7768,0.200000000000001);
#141=CIRCLE('',#7769,0.2);
#142=CIRCLE('',#7770,0.199999999999999);
#143=CIRCLE('',#7771,0.199999999999999);
#144=CIRCLE('',#7772,0.199999999999998);
#145=CIRCLE('',#7778,0.200000000000001);
#146=CIRCLE('',#7779,0.200000000000001);
#147=CIRCLE('',#7781,0.125);
#148=CIRCLE('',#7785,0.200000000000001);
#149=CIRCLE('',#7786,0.2);
#150=CIRCLE('',#7788,0.1);
#151=CIRCLE('',#7789,0.0999999999999998);
#152=CIRCLE('',#7790,0.1);
#153=CIRCLE('',#7791,0.1);
#154=CIRCLE('',#7797,0.1);
#155=CIRCLE('',#7798,0.0999999999999998);
#156=CIRCLE('',#7799,0.1);
#157=CIRCLE('',#7807,0.200000000000001);
#158=CIRCLE('',#7809,0.1);
#159=CIRCLE('',#7811,0.199999999999999);
#160=CIRCLE('',#7812,0.2);
#161=CIRCLE('',#7814,0.1);
#162=CIRCLE('',#7815,0.0999999999999998);
#163=CIRCLE('',#7817,0.2);
#164=CIRCLE('',#7821,0.2);
#165=CIRCLE('',#7822,0.199999999999999);
#166=CIRCLE('',#7826,0.4);
#167=CIRCLE('',#7827,0.5);
#168=CIRCLE('',#7828,0.100000000000001);
#169=CIRCLE('',#7829,0.100000000000001);
#170=CIRCLE('',#7830,0.1);
#171=CIRCLE('',#7831,0.1);
#172=CIRCLE('',#7832,0.1);
#173=CIRCLE('',#7833,0.0999999999999998);
#174=CIRCLE('',#7834,0.1);
#175=CIRCLE('',#7835,0.100000000000001);
#176=CIRCLE('',#7836,0.1);
#177=CIRCLE('',#7837,0.100000000000001);
#178=CIRCLE('',#7838,0.1);
#179=CIRCLE('',#7839,0.0999999999999998);
#180=CIRCLE('',#7840,0.1);
#181=CIRCLE('',#7841,0.1);
#182=CIRCLE('',#7842,0.100000000000001);
#183=CIRCLE('',#7843,0.1);
#184=CIRCLE('',#7855,0.125);
#185=CIRCLE('',#7858,0.125);
#186=CIRCLE('',#7865,0.1);
#187=CIRCLE('',#7866,0.1);
#188=CIRCLE('',#7869,0.0999999999999998);
#189=CIRCLE('',#7870,0.1);
#190=CIRCLE('',#7888,0.4);
#191=CIRCLE('',#7890,0.4);
#192=CIRCLE('',#7893,0.1);
#193=CIRCLE('',#7896,0.1);
#194=CIRCLE('',#7899,0.100000000000001);
#195=CIRCLE('',#7902,0.1);
#196=CIRCLE('',#7906,0.1);
#197=CIRCLE('',#7909,0.100000000000001);
#198=CIRCLE('',#7912,0.1);
#199=CIRCLE('',#7915,0.0999999999999998);
#200=CIRCLE('',#7919,0.1);
#201=CIRCLE('',#7922,0.0999999999999998);
#202=CIRCLE('',#7925,0.1);
#203=CIRCLE('',#7928,0.100000000000001);
#204=CIRCLE('',#7932,0.100000000000001);
#205=CIRCLE('',#7935,0.100000000000001);
#206=CIRCLE('',#7938,0.1);
#207=CIRCLE('',#7941,0.1);
#208=CIRCLE('',#7945,0.5);
#209=CIRCLE('',#7948,0.4);
#210=CIRCLE('',#7951,0.125);
#211=CIRCLE('',#7952,0.200000000000001);
#212=CIRCLE('',#7953,0.200000000000001);
#213=CIRCLE('',#7954,0.125);
#214=CIRCLE('',#7966,0.250000000000001);
#215=CIRCLE('',#7968,0.250000000000001);
#216=CIRCLE('',#7979,0.3);
#217=CIRCLE('',#7980,0.05);
#218=CIRCLE('',#7985,0.125);
#219=CIRCLE('',#7986,0.125);
#220=CIRCLE('',#7995,0.125);
#221=CIRCLE('',#7996,0.125);
#222=CIRCLE('',#8007,0.05);
#223=CIRCLE('',#8009,0.3);
#224=CIRCLE('',#8012,0.199999999999999);
#225=CIRCLE('',#8013,0.7);
#226=CIRCLE('',#8014,0.400000000000001);
#227=CIRCLE('',#8015,0.450000000000001);
#228=CIRCLE('',#8017,0.450000000000001);
#229=CIRCLE('',#8018,0.400000000000001);
#230=CIRCLE('',#8019,0.7);
#231=CIRCLE('',#8020,0.199999999999999);
#232=CIRCLE('',#8022,0.400000000000002);
#233=CIRCLE('',#8023,0.400000000000002);
#234=CIRCLE('',#8026,0.2);
#235=CIRCLE('',#8027,0.2);
#236=CIRCLE('',#8040,0.4);
#237=CIRCLE('',#8041,0.4);
#238=CIRCLE('',#8046,0.149999999999999);
#239=CIRCLE('',#8047,0.149999999999999);
#240=CIRCLE('',#8051,0.4);
#241=CIRCLE('',#8052,0.4);
#242=CIRCLE('',#8054,0.100000000000001);
#243=CIRCLE('',#8055,0.100000000000001);
#244=CIRCLE('',#8059,0.400000000000001);
#245=CIRCLE('',#8060,0.0999999999999994);
#246=CIRCLE('',#8061,0.150000000000001);
#247=CIRCLE('',#8062,0.400000000000001);
#248=CIRCLE('',#8064,0.400000000000001);
#249=CIRCLE('',#8065,0.400000000000001);
#250=CIRCLE('',#8066,0.150000000000001);
#251=CIRCLE('',#8067,0.0999999999999994);
#252=CIRCLE('',#8078,0.149999999999999);
#253=CIRCLE('',#8079,0.149999999999999);
#254=CIRCLE('',#8084,0.4);
#255=CIRCLE('',#8085,0.4);
#256=CIRCLE('',#8089,0.4);
#257=CIRCLE('',#8090,0.4);
#258=CIRCLE('',#8092,0.100000000000001);
#259=CIRCLE('',#8093,0.100000000000001);
#260=CIRCLE('',#8097,0.400000000000001);
#261=CIRCLE('',#8098,0.400000000000001);
#262=CIRCLE('',#8099,0.150000000000001);
#263=CIRCLE('',#8100,0.0999999999999994);
#264=CIRCLE('',#8102,0.400000000000001);
#265=CIRCLE('',#8103,0.0999999999999994);
#266=CIRCLE('',#8104,0.150000000000001);
#267=CIRCLE('',#8105,0.400000000000001);
#268=CIRCLE('',#8116,0.149999999999999);
#269=CIRCLE('',#8117,0.149999999999999);
#270=CIRCLE('',#8122,0.4);
#271=CIRCLE('',#8123,0.4);
#272=CIRCLE('',#8127,0.4);
#273=CIRCLE('',#8128,0.4);
#274=CIRCLE('',#8130,0.100000000000001);
#275=CIRCLE('',#8131,0.100000000000001);
#276=CIRCLE('',#8135,0.400000000000001);
#277=CIRCLE('',#8136,0.400000000000001);
#278=CIRCLE('',#8137,0.150000000000001);
#279=CIRCLE('',#8138,0.0999999999999994);
#280=CIRCLE('',#8140,0.400000000000001);
#281=CIRCLE('',#8141,0.0999999999999994);
#282=CIRCLE('',#8142,0.150000000000001);
#283=CIRCLE('',#8143,0.400000000000001);
#284=ORIENTED_EDGE('',*,*,#1994,.T.);
#285=ORIENTED_EDGE('',*,*,#1995,.F.);
#286=ORIENTED_EDGE('',*,*,#1996,.F.);
#287=ORIENTED_EDGE('',*,*,#1997,.T.);
#288=ORIENTED_EDGE('',*,*,#1998,.F.);
#289=ORIENTED_EDGE('',*,*,#1999,.F.);
#290=ORIENTED_EDGE('',*,*,#2000,.T.);
#291=ORIENTED_EDGE('',*,*,#2001,.T.);
#292=ORIENTED_EDGE('',*,*,#2002,.T.);
#293=ORIENTED_EDGE('',*,*,#2003,.T.);
#294=ORIENTED_EDGE('',*,*,#2004,.F.);
#295=ORIENTED_EDGE('',*,*,#2005,.T.);
#296=ORIENTED_EDGE('',*,*,#2006,.F.);
#297=ORIENTED_EDGE('',*,*,#2007,.T.);
#298=ORIENTED_EDGE('',*,*,#2008,.T.);
#299=ORIENTED_EDGE('',*,*,#2009,.T.);
#300=ORIENTED_EDGE('',*,*,#1996,.T.);
#301=ORIENTED_EDGE('',*,*,#2010,.F.);
#302=ORIENTED_EDGE('',*,*,#2002,.F.);
#303=ORIENTED_EDGE('',*,*,#2011,.T.);
#304=ORIENTED_EDGE('',*,*,#2012,.T.);
#305=ORIENTED_EDGE('',*,*,#2013,.F.);
#306=ORIENTED_EDGE('',*,*,#2014,.F.);
#307=ORIENTED_EDGE('',*,*,#2015,.T.);
#308=ORIENTED_EDGE('',*,*,#2016,.F.);
#309=ORIENTED_EDGE('',*,*,#2017,.F.);
#310=ORIENTED_EDGE('',*,*,#2018,.T.);
#311=ORIENTED_EDGE('',*,*,#2019,.T.);
#312=ORIENTED_EDGE('',*,*,#2020,.T.);
#313=ORIENTED_EDGE('',*,*,#2021,.T.);
#314=ORIENTED_EDGE('',*,*,#2022,.F.);
#315=ORIENTED_EDGE('',*,*,#2023,.T.);
#316=ORIENTED_EDGE('',*,*,#2024,.F.);
#317=ORIENTED_EDGE('',*,*,#2025,.T.);
#318=ORIENTED_EDGE('',*,*,#2026,.T.);
#319=ORIENTED_EDGE('',*,*,#2027,.T.);
#320=ORIENTED_EDGE('',*,*,#2014,.T.);
#321=ORIENTED_EDGE('',*,*,#2028,.F.);
#322=ORIENTED_EDGE('',*,*,#2020,.F.);
#323=ORIENTED_EDGE('',*,*,#2029,.T.);
#324=ORIENTED_EDGE('',*,*,#2030,.F.);
#325=ORIENTED_EDGE('',*,*,#2031,.F.);
#326=ORIENTED_EDGE('',*,*,#2032,.T.);
#327=ORIENTED_EDGE('',*,*,#2033,.T.);
#328=ORIENTED_EDGE('',*,*,#2034,.T.);
#329=ORIENTED_EDGE('',*,*,#2035,.F.);
#330=ORIENTED_EDGE('',*,*,#2036,.T.);
#331=ORIENTED_EDGE('',*,*,#2037,.T.);
#332=ORIENTED_EDGE('',*,*,#2031,.T.);
#333=ORIENTED_EDGE('',*,*,#2038,.T.);
#334=ORIENTED_EDGE('',*,*,#2037,.F.);
#335=ORIENTED_EDGE('',*,*,#2039,.T.);
#336=ORIENTED_EDGE('',*,*,#2040,.T.);
#337=ORIENTED_EDGE('',*,*,#2041,.F.);
#338=ORIENTED_EDGE('',*,*,#2042,.F.);
#339=ORIENTED_EDGE('',*,*,#2043,.T.);
#340=ORIENTED_EDGE('',*,*,#2044,.T.);
#341=ORIENTED_EDGE('',*,*,#2045,.T.);
#342=ORIENTED_EDGE('',*,*,#2046,.T.);
#343=ORIENTED_EDGE('',*,*,#2047,.F.);
#344=ORIENTED_EDGE('',*,*,#2048,.T.);
#345=ORIENTED_EDGE('',*,*,#2049,.T.);
#346=ORIENTED_EDGE('',*,*,#2050,.T.);
#347=ORIENTED_EDGE('',*,*,#2051,.T.);
#348=ORIENTED_EDGE('',*,*,#2052,.T.);
#349=ORIENTED_EDGE('',*,*,#2053,.T.);
#350=ORIENTED_EDGE('',*,*,#2054,.T.);
#351=ORIENTED_EDGE('',*,*,#2055,.F.);
#352=ORIENTED_EDGE('',*,*,#2056,.T.);
#353=ORIENTED_EDGE('',*,*,#2057,.T.);
#354=ORIENTED_EDGE('',*,*,#2058,.T.);
#355=ORIENTED_EDGE('',*,*,#2059,.T.);
#356=ORIENTED_EDGE('',*,*,#2060,.F.);
#357=ORIENTED_EDGE('',*,*,#2061,.F.);
#358=ORIENTED_EDGE('',*,*,#2062,.F.);
#359=ORIENTED_EDGE('',*,*,#2063,.F.);
#360=ORIENTED_EDGE('',*,*,#2064,.T.);
#361=ORIENTED_EDGE('',*,*,#2065,.T.);
#362=ORIENTED_EDGE('',*,*,#2066,.F.);
#363=ORIENTED_EDGE('',*,*,#2067,.F.);
#364=ORIENTED_EDGE('',*,*,#2068,.T.);
#365=ORIENTED_EDGE('',*,*,#2069,.F.);
#366=ORIENTED_EDGE('',*,*,#2070,.F.);
#367=ORIENTED_EDGE('',*,*,#2071,.T.);
#368=ORIENTED_EDGE('',*,*,#2072,.T.);
#369=ORIENTED_EDGE('',*,*,#2073,.F.);
#370=ORIENTED_EDGE('',*,*,#2074,.T.);
#371=ORIENTED_EDGE('',*,*,#2075,.T.);
#372=ORIENTED_EDGE('',*,*,#2076,.F.);
#373=ORIENTED_EDGE('',*,*,#2077,.T.);
#374=ORIENTED_EDGE('',*,*,#2078,.T.);
#375=ORIENTED_EDGE('',*,*,#2079,.T.);
#376=ORIENTED_EDGE('',*,*,#2080,.F.);
#377=ORIENTED_EDGE('',*,*,#2081,.T.);
#378=ORIENTED_EDGE('',*,*,#2082,.T.);
#379=ORIENTED_EDGE('',*,*,#2083,.T.);
#380=ORIENTED_EDGE('',*,*,#2084,.T.);
#381=ORIENTED_EDGE('',*,*,#2085,.T.);
#382=ORIENTED_EDGE('',*,*,#2086,.F.);
#383=ORIENTED_EDGE('',*,*,#2087,.T.);
#384=ORIENTED_EDGE('',*,*,#2088,.T.);
#385=ORIENTED_EDGE('',*,*,#2089,.T.);
#386=ORIENTED_EDGE('',*,*,#2090,.F.);
#387=ORIENTED_EDGE('',*,*,#2091,.T.);
#388=ORIENTED_EDGE('',*,*,#2092,.F.);
#389=ORIENTED_EDGE('',*,*,#2093,.T.);
#390=ORIENTED_EDGE('',*,*,#2094,.T.);
#391=ORIENTED_EDGE('',*,*,#2095,.T.);
#392=ORIENTED_EDGE('',*,*,#2096,.T.);
#393=ORIENTED_EDGE('',*,*,#2097,.T.);
#394=ORIENTED_EDGE('',*,*,#2098,.T.);
#395=ORIENTED_EDGE('',*,*,#2099,.T.);
#396=ORIENTED_EDGE('',*,*,#2100,.F.);
#397=ORIENTED_EDGE('',*,*,#2101,.T.);
#398=ORIENTED_EDGE('',*,*,#2102,.T.);
#399=ORIENTED_EDGE('',*,*,#2103,.T.);
#400=ORIENTED_EDGE('',*,*,#2104,.T.);
#401=ORIENTED_EDGE('',*,*,#2105,.T.);
#402=ORIENTED_EDGE('',*,*,#2106,.T.);
#403=ORIENTED_EDGE('',*,*,#2107,.T.);
#404=ORIENTED_EDGE('',*,*,#2108,.F.);
#405=ORIENTED_EDGE('',*,*,#2109,.T.);
#406=ORIENTED_EDGE('',*,*,#2110,.F.);
#407=ORIENTED_EDGE('',*,*,#2111,.F.);
#408=ORIENTED_EDGE('',*,*,#2112,.F.);
#409=ORIENTED_EDGE('',*,*,#2113,.T.);
#410=ORIENTED_EDGE('',*,*,#2068,.F.);
#411=ORIENTED_EDGE('',*,*,#2114,.T.);
#412=ORIENTED_EDGE('',*,*,#2115,.F.);
#413=ORIENTED_EDGE('',*,*,#2116,.F.);
#414=ORIENTED_EDGE('',*,*,#2117,.F.);
#415=ORIENTED_EDGE('',*,*,#2118,.F.);
#416=ORIENTED_EDGE('',*,*,#2119,.F.);
#417=ORIENTED_EDGE('',*,*,#2120,.T.);
#418=ORIENTED_EDGE('',*,*,#2121,.F.);
#419=ORIENTED_EDGE('',*,*,#2122,.F.);
#420=ORIENTED_EDGE('',*,*,#2123,.F.);
#421=ORIENTED_EDGE('',*,*,#2124,.T.);
#422=ORIENTED_EDGE('',*,*,#2125,.F.);
#423=ORIENTED_EDGE('',*,*,#2126,.T.);
#424=ORIENTED_EDGE('',*,*,#2127,.T.);
#425=ORIENTED_EDGE('',*,*,#2128,.F.);
#426=ORIENTED_EDGE('',*,*,#2129,.F.);
#427=ORIENTED_EDGE('',*,*,#2130,.F.);
#428=ORIENTED_EDGE('',*,*,#2131,.F.);
#429=ORIENTED_EDGE('',*,*,#2132,.F.);
#430=ORIENTED_EDGE('',*,*,#2133,.T.);
#431=ORIENTED_EDGE('',*,*,#2134,.T.);
#432=ORIENTED_EDGE('',*,*,#2135,.F.);
#433=ORIENTED_EDGE('',*,*,#2136,.T.);
#434=ORIENTED_EDGE('',*,*,#2137,.T.);
#435=ORIENTED_EDGE('',*,*,#2138,.F.);
#436=ORIENTED_EDGE('',*,*,#2139,.F.);
#437=ORIENTED_EDGE('',*,*,#2140,.T.);
#438=ORIENTED_EDGE('',*,*,#2141,.F.);
#439=ORIENTED_EDGE('',*,*,#2142,.F.);
#440=ORIENTED_EDGE('',*,*,#2143,.F.);
#441=ORIENTED_EDGE('',*,*,#2144,.F.);
#442=ORIENTED_EDGE('',*,*,#2145,.T.);
#443=ORIENTED_EDGE('',*,*,#2146,.F.);
#444=ORIENTED_EDGE('',*,*,#2147,.F.);
#445=ORIENTED_EDGE('',*,*,#2148,.T.);
#446=ORIENTED_EDGE('',*,*,#2149,.F.);
#447=ORIENTED_EDGE('',*,*,#2150,.F.);
#448=ORIENTED_EDGE('',*,*,#2151,.T.);
#449=ORIENTED_EDGE('',*,*,#2064,.F.);
#450=ORIENTED_EDGE('',*,*,#2152,.T.);
#451=ORIENTED_EDGE('',*,*,#2153,.T.);
#452=ORIENTED_EDGE('',*,*,#2154,.T.);
#453=ORIENTED_EDGE('',*,*,#2155,.F.);
#454=ORIENTED_EDGE('',*,*,#2156,.T.);
#455=ORIENTED_EDGE('',*,*,#2113,.F.);
#456=ORIENTED_EDGE('',*,*,#2157,.T.);
#457=ORIENTED_EDGE('',*,*,#2158,.T.);
#458=ORIENTED_EDGE('',*,*,#2159,.F.);
#459=ORIENTED_EDGE('',*,*,#2160,.F.);
#460=ORIENTED_EDGE('',*,*,#2161,.T.);
#461=ORIENTED_EDGE('',*,*,#2162,.F.);
#462=ORIENTED_EDGE('',*,*,#2130,.T.);
#463=ORIENTED_EDGE('',*,*,#2163,.F.);
#464=ORIENTED_EDGE('',*,*,#2164,.F.);
#465=ORIENTED_EDGE('',*,*,#2165,.F.);
#466=ORIENTED_EDGE('',*,*,#2166,.T.);
#467=ORIENTED_EDGE('',*,*,#2056,.F.);
#468=ORIENTED_EDGE('',*,*,#2167,.T.);
#469=ORIENTED_EDGE('',*,*,#2046,.F.);
#470=ORIENTED_EDGE('',*,*,#2168,.T.);
#471=ORIENTED_EDGE('',*,*,#2169,.F.);
#472=ORIENTED_EDGE('',*,*,#2170,.T.);
#473=ORIENTED_EDGE('',*,*,#2171,.F.);
#474=ORIENTED_EDGE('',*,*,#2140,.F.);
#475=ORIENTED_EDGE('',*,*,#2172,.F.);
#476=ORIENTED_EDGE('',*,*,#2173,.T.);
#477=ORIENTED_EDGE('',*,*,#2174,.F.);
#478=ORIENTED_EDGE('',*,*,#2175,.T.);
#479=ORIENTED_EDGE('',*,*,#2176,.T.);
#480=ORIENTED_EDGE('',*,*,#2177,.T.);
#481=ORIENTED_EDGE('',*,*,#2178,.T.);
#482=ORIENTED_EDGE('',*,*,#2179,.T.);
#483=ORIENTED_EDGE('',*,*,#2180,.T.);
#484=ORIENTED_EDGE('',*,*,#2181,.T.);
#485=ORIENTED_EDGE('',*,*,#2182,.T.);
#486=ORIENTED_EDGE('',*,*,#2183,.F.);
#487=ORIENTED_EDGE('',*,*,#2184,.F.);
#488=ORIENTED_EDGE('',*,*,#2185,.F.);
#489=ORIENTED_EDGE('',*,*,#2186,.F.);
#490=ORIENTED_EDGE('',*,*,#2187,.T.);
#491=ORIENTED_EDGE('',*,*,#2188,.T.);
#492=ORIENTED_EDGE('',*,*,#2169,.T.);
#493=ORIENTED_EDGE('',*,*,#2189,.F.);
#494=ORIENTED_EDGE('',*,*,#2190,.T.);
#495=ORIENTED_EDGE('',*,*,#2191,.T.);
#496=ORIENTED_EDGE('',*,*,#2111,.T.);
#497=ORIENTED_EDGE('',*,*,#2192,.T.);
#498=ORIENTED_EDGE('',*,*,#2193,.T.);
#499=ORIENTED_EDGE('',*,*,#2194,.F.);
#500=ORIENTED_EDGE('',*,*,#2195,.T.);
#501=ORIENTED_EDGE('',*,*,#2196,.T.);
#502=ORIENTED_EDGE('',*,*,#2197,.F.);
#503=ORIENTED_EDGE('',*,*,#2198,.T.);
#504=ORIENTED_EDGE('',*,*,#2199,.T.);
#505=ORIENTED_EDGE('',*,*,#2200,.T.);
#506=ORIENTED_EDGE('',*,*,#2201,.T.);
#507=ORIENTED_EDGE('',*,*,#2170,.F.);
#508=ORIENTED_EDGE('',*,*,#2188,.F.);
#509=ORIENTED_EDGE('',*,*,#2202,.F.);
#510=ORIENTED_EDGE('',*,*,#2203,.F.);
#511=ORIENTED_EDGE('',*,*,#2164,.T.);
#512=ORIENTED_EDGE('',*,*,#2204,.T.);
#513=ORIENTED_EDGE('',*,*,#2205,.T.);
#514=ORIENTED_EDGE('',*,*,#2206,.F.);
#515=ORIENTED_EDGE('',*,*,#2207,.F.);
#516=ORIENTED_EDGE('',*,*,#2208,.T.);
#517=ORIENTED_EDGE('',*,*,#2209,.T.);
#518=ORIENTED_EDGE('',*,*,#2210,.T.);
#519=ORIENTED_EDGE('',*,*,#2168,.F.);
#520=ORIENTED_EDGE('',*,*,#2045,.F.);
#521=ORIENTED_EDGE('',*,*,#2211,.T.);
#522=ORIENTED_EDGE('',*,*,#2189,.T.);
#523=ORIENTED_EDGE('',*,*,#2212,.F.);
#524=ORIENTED_EDGE('',*,*,#2213,.F.);
#525=ORIENTED_EDGE('',*,*,#2214,.F.);
#526=ORIENTED_EDGE('',*,*,#2215,.T.);
#527=ORIENTED_EDGE('',*,*,#2216,.T.);
#528=ORIENTED_EDGE('',*,*,#2217,.F.);
#529=ORIENTED_EDGE('',*,*,#2218,.F.);
#530=ORIENTED_EDGE('',*,*,#2219,.T.);
#531=ORIENTED_EDGE('',*,*,#2220,.T.);
#532=ORIENTED_EDGE('',*,*,#2144,.T.);
#533=ORIENTED_EDGE('',*,*,#2221,.T.);
#534=ORIENTED_EDGE('',*,*,#2222,.F.);
#535=ORIENTED_EDGE('',*,*,#2223,.F.);
#536=ORIENTED_EDGE('',*,*,#2198,.F.);
#537=ORIENTED_EDGE('',*,*,#2224,.F.);
#538=ORIENTED_EDGE('',*,*,#2225,.F.);
#539=ORIENTED_EDGE('',*,*,#2032,.F.);
#540=ORIENTED_EDGE('',*,*,#2039,.F.);
#541=ORIENTED_EDGE('',*,*,#2036,.F.);
#542=ORIENTED_EDGE('',*,*,#2226,.F.);
#543=ORIENTED_EDGE('',*,*,#2175,.F.);
#544=ORIENTED_EDGE('',*,*,#2227,.T.);
#545=ORIENTED_EDGE('',*,*,#2049,.F.);
#546=ORIENTED_EDGE('',*,*,#2228,.F.);
#547=ORIENTED_EDGE('',*,*,#2190,.F.);
#548=ORIENTED_EDGE('',*,*,#2211,.F.);
#549=ORIENTED_EDGE('',*,*,#2044,.F.);
#550=ORIENTED_EDGE('',*,*,#2229,.F.);
#551=ORIENTED_EDGE('',*,*,#2230,.T.);
#552=ORIENTED_EDGE('',*,*,#2231,.F.);
#553=ORIENTED_EDGE('',*,*,#2232,.F.);
#554=ORIENTED_EDGE('',*,*,#2233,.T.);
#555=ORIENTED_EDGE('',*,*,#2078,.F.);
#556=ORIENTED_EDGE('',*,*,#2234,.F.);
#557=ORIENTED_EDGE('',*,*,#2235,.F.);
#558=ORIENTED_EDGE('',*,*,#2236,.F.);
#559=ORIENTED_EDGE('',*,*,#2237,.T.);
#560=ORIENTED_EDGE('',*,*,#2238,.F.);
#561=ORIENTED_EDGE('',*,*,#2239,.T.);
#562=ORIENTED_EDGE('',*,*,#2156,.F.);
#563=ORIENTED_EDGE('',*,*,#2240,.F.);
#564=ORIENTED_EDGE('',*,*,#2241,.T.);
#565=ORIENTED_EDGE('',*,*,#2242,.T.);
#566=ORIENTED_EDGE('',*,*,#2243,.F.);
#567=ORIENTED_EDGE('',*,*,#2096,.F.);
#568=ORIENTED_EDGE('',*,*,#2244,.F.);
#569=ORIENTED_EDGE('',*,*,#1997,.F.);
#570=ORIENTED_EDGE('',*,*,#2011,.F.);
#571=ORIENTED_EDGE('',*,*,#2005,.F.);
#572=ORIENTED_EDGE('',*,*,#2245,.F.);
#573=ORIENTED_EDGE('',*,*,#2015,.F.);
#574=ORIENTED_EDGE('',*,*,#2029,.F.);
#575=ORIENTED_EDGE('',*,*,#2023,.F.);
#576=ORIENTED_EDGE('',*,*,#2246,.F.);
#577=ORIENTED_EDGE('',*,*,#2033,.F.);
#578=ORIENTED_EDGE('',*,*,#2246,.T.);
#579=ORIENTED_EDGE('',*,*,#2022,.T.);
#580=ORIENTED_EDGE('',*,*,#2247,.T.);
#581=ORIENTED_EDGE('',*,*,#2248,.F.);
#582=ORIENTED_EDGE('',*,*,#2249,.F.);
#583=ORIENTED_EDGE('',*,*,#2035,.T.);
#584=ORIENTED_EDGE('',*,*,#2250,.T.);
#585=ORIENTED_EDGE('',*,*,#2251,.F.);
#586=ORIENTED_EDGE('',*,*,#2176,.F.);
#587=ORIENTED_EDGE('',*,*,#2226,.T.);
#588=ORIENTED_EDGE('',*,*,#2252,.F.);
#589=ORIENTED_EDGE('',*,*,#2253,.T.);
#590=ORIENTED_EDGE('',*,*,#2254,.T.);
#591=ORIENTED_EDGE('',*,*,#2024,.T.);
#592=ORIENTED_EDGE('',*,*,#2255,.F.);
#593=ORIENTED_EDGE('',*,*,#2256,.F.);
#594=ORIENTED_EDGE('',*,*,#2257,.T.);
#595=ORIENTED_EDGE('',*,*,#2258,.T.);
#596=ORIENTED_EDGE('',*,*,#2259,.F.);
#597=ORIENTED_EDGE('',*,*,#2182,.F.);
#598=ORIENTED_EDGE('',*,*,#2260,.T.);
#599=ORIENTED_EDGE('',*,*,#2261,.F.);
#600=ORIENTED_EDGE('',*,*,#2255,.T.);
#601=ORIENTED_EDGE('',*,*,#2027,.F.);
#602=ORIENTED_EDGE('',*,*,#2262,.F.);
#603=ORIENTED_EDGE('',*,*,#2019,.F.);
#604=ORIENTED_EDGE('',*,*,#2263,.T.);
#605=ORIENTED_EDGE('',*,*,#2009,.F.);
#606=ORIENTED_EDGE('',*,*,#2264,.F.);
#607=ORIENTED_EDGE('',*,*,#2001,.F.);
#608=ORIENTED_EDGE('',*,*,#2265,.T.);
#609=ORIENTED_EDGE('',*,*,#2100,.T.);
#610=ORIENTED_EDGE('',*,*,#2266,.T.);
#611=ORIENTED_EDGE('',*,*,#2267,.T.);
#612=ORIENTED_EDGE('',*,*,#2268,.F.);
#613=ORIENTED_EDGE('',*,*,#2108,.T.);
#614=ORIENTED_EDGE('',*,*,#2159,.T.);
#615=ORIENTED_EDGE('',*,*,#2269,.T.);
#616=ORIENTED_EDGE('',*,*,#2270,.T.);
#617=ORIENTED_EDGE('',*,*,#2271,.F.);
#618=ORIENTED_EDGE('',*,*,#2272,.T.);
#619=ORIENTED_EDGE('',*,*,#2273,.T.);
#620=ORIENTED_EDGE('',*,*,#2207,.T.);
#621=ORIENTED_EDGE('',*,*,#2274,.T.);
#622=ORIENTED_EDGE('',*,*,#2275,.T.);
#623=ORIENTED_EDGE('',*,*,#2276,.F.);
#624=ORIENTED_EDGE('',*,*,#2277,.T.);
#625=ORIENTED_EDGE('',*,*,#2278,.T.);
#626=ORIENTED_EDGE('',*,*,#2088,.F.);
#627=ORIENTED_EDGE('',*,*,#2279,.F.);
#628=ORIENTED_EDGE('',*,*,#2217,.T.);
#629=ORIENTED_EDGE('',*,*,#2280,.T.);
#630=ORIENTED_EDGE('',*,*,#2281,.F.);
#631=ORIENTED_EDGE('',*,*,#2282,.T.);
#632=ORIENTED_EDGE('',*,*,#2058,.F.);
#633=ORIENTED_EDGE('',*,*,#2283,.T.);
#634=ORIENTED_EDGE('',*,*,#2284,.T.);
#635=ORIENTED_EDGE('',*,*,#2285,.T.);
#636=ORIENTED_EDGE('',*,*,#2053,.F.);
#637=ORIENTED_EDGE('',*,*,#2286,.F.);
#638=ORIENTED_EDGE('',*,*,#2183,.T.);
#639=ORIENTED_EDGE('',*,*,#2259,.T.);
#640=ORIENTED_EDGE('',*,*,#2287,.F.);
#641=ORIENTED_EDGE('',*,*,#2288,.F.);
#642=ORIENTED_EDGE('',*,*,#2012,.F.);
#643=ORIENTED_EDGE('',*,*,#2245,.T.);
#644=ORIENTED_EDGE('',*,*,#2004,.T.);
#645=ORIENTED_EDGE('',*,*,#2289,.T.);
#646=ORIENTED_EDGE('',*,*,#2290,.F.);
#647=ORIENTED_EDGE('',*,*,#2291,.F.);
#648=ORIENTED_EDGE('',*,*,#2292,.F.);
#649=ORIENTED_EDGE('',*,*,#2293,.T.);
#650=ORIENTED_EDGE('',*,*,#2294,.T.);
#651=ORIENTED_EDGE('',*,*,#2006,.T.);
#652=ORIENTED_EDGE('',*,*,#2263,.F.);
#653=ORIENTED_EDGE('',*,*,#2018,.F.);
#654=ORIENTED_EDGE('',*,*,#1994,.F.);
#655=ORIENTED_EDGE('',*,*,#2244,.T.);
#656=ORIENTED_EDGE('',*,*,#2107,.F.);
#657=ORIENTED_EDGE('',*,*,#2295,.F.);
#658=ORIENTED_EDGE('',*,*,#2296,.F.);
#659=ORIENTED_EDGE('',*,*,#2297,.F.);
#660=ORIENTED_EDGE('',*,*,#2298,.T.);
#661=ORIENTED_EDGE('',*,*,#2101,.F.);
#662=ORIENTED_EDGE('',*,*,#2265,.F.);
#663=ORIENTED_EDGE('',*,*,#2000,.F.);
#664=ORIENTED_EDGE('',*,*,#2299,.F.);
#665=ORIENTED_EDGE('',*,*,#2300,.T.);
#666=ORIENTED_EDGE('',*,*,#2301,.F.);
#667=ORIENTED_EDGE('',*,*,#2302,.F.);
#668=ORIENTED_EDGE('',*,*,#2303,.F.);
#669=ORIENTED_EDGE('',*,*,#2302,.T.);
#670=ORIENTED_EDGE('',*,*,#2304,.F.);
#671=ORIENTED_EDGE('',*,*,#2237,.F.);
#672=ORIENTED_EDGE('',*,*,#2305,.F.);
#673=ORIENTED_EDGE('',*,*,#2306,.F.);
#674=ORIENTED_EDGE('',*,*,#2307,.T.);
#675=ORIENTED_EDGE('',*,*,#2308,.T.);
#676=ORIENTED_EDGE('',*,*,#2309,.F.);
#677=ORIENTED_EDGE('',*,*,#2310,.F.);
#678=ORIENTED_EDGE('',*,*,#2119,.T.);
#679=ORIENTED_EDGE('',*,*,#2311,.T.);
#680=ORIENTED_EDGE('',*,*,#2209,.F.);
#681=ORIENTED_EDGE('',*,*,#2312,.F.);
#682=ORIENTED_EDGE('',*,*,#2313,.F.);
#683=ORIENTED_EDGE('',*,*,#2314,.F.);
#684=ORIENTED_EDGE('',*,*,#2315,.F.);
#685=ORIENTED_EDGE('',*,*,#2300,.F.);
#686=ORIENTED_EDGE('',*,*,#2316,.F.);
#687=ORIENTED_EDGE('',*,*,#2235,.T.);
#688=ORIENTED_EDGE('',*,*,#2317,.F.);
#689=ORIENTED_EDGE('',*,*,#2318,.T.);
#690=ORIENTED_EDGE('',*,*,#2200,.F.);
#691=ORIENTED_EDGE('',*,*,#2319,.T.);
#692=ORIENTED_EDGE('',*,*,#2320,.T.);
#693=ORIENTED_EDGE('',*,*,#2321,.F.);
#694=ORIENTED_EDGE('',*,*,#2142,.T.);
#695=ORIENTED_EDGE('',*,*,#2322,.T.);
#696=ORIENTED_EDGE('',*,*,#2323,.T.);
#697=ORIENTED_EDGE('',*,*,#2324,.F.);
#698=ORIENTED_EDGE('',*,*,#2277,.F.);
#699=ORIENTED_EDGE('',*,*,#2325,.T.);
#700=ORIENTED_EDGE('',*,*,#2326,.F.);
#701=ORIENTED_EDGE('',*,*,#2327,.T.);
#702=ORIENTED_EDGE('',*,*,#2328,.T.);
#703=ORIENTED_EDGE('',*,*,#2157,.F.);
#704=ORIENTED_EDGE('',*,*,#2112,.T.);
#705=ORIENTED_EDGE('',*,*,#2191,.F.);
#706=ORIENTED_EDGE('',*,*,#2329,.F.);
#707=ORIENTED_EDGE('',*,*,#2117,.T.);
#708=ORIENTED_EDGE('',*,*,#2330,.F.);
#709=ORIENTED_EDGE('',*,*,#2331,.T.);
#710=ORIENTED_EDGE('',*,*,#2332,.F.);
#711=ORIENTED_EDGE('',*,*,#2333,.F.);
#712=ORIENTED_EDGE('',*,*,#2334,.F.);
#713=ORIENTED_EDGE('',*,*,#2148,.F.);
#714=ORIENTED_EDGE('',*,*,#2335,.F.);
#715=ORIENTED_EDGE('',*,*,#2194,.T.);
#716=ORIENTED_EDGE('',*,*,#2336,.T.);
#717=ORIENTED_EDGE('',*,*,#2154,.F.);
#718=ORIENTED_EDGE('',*,*,#2337,.T.);
#719=ORIENTED_EDGE('',*,*,#2338,.F.);
#720=ORIENTED_EDGE('',*,*,#2232,.T.);
#721=ORIENTED_EDGE('',*,*,#2339,.T.);
#722=ORIENTED_EDGE('',*,*,#2340,.F.);
#723=ORIENTED_EDGE('',*,*,#2341,.F.);
#724=ORIENTED_EDGE('',*,*,#2342,.F.);
#725=ORIENTED_EDGE('',*,*,#2343,.F.);
#726=ORIENTED_EDGE('',*,*,#2106,.F.);
#727=ORIENTED_EDGE('',*,*,#2344,.F.);
#728=ORIENTED_EDGE('',*,*,#2177,.F.);
#729=ORIENTED_EDGE('',*,*,#2251,.T.);
#730=ORIENTED_EDGE('',*,*,#2345,.F.);
#731=ORIENTED_EDGE('',*,*,#2248,.T.);
#732=ORIENTED_EDGE('',*,*,#2346,.F.);
#733=ORIENTED_EDGE('',*,*,#2290,.T.);
#734=ORIENTED_EDGE('',*,*,#2347,.F.);
#735=ORIENTED_EDGE('',*,*,#2295,.T.);
#736=ORIENTED_EDGE('',*,*,#2105,.F.);
#737=ORIENTED_EDGE('',*,*,#2348,.F.);
#738=ORIENTED_EDGE('',*,*,#2178,.F.);
#739=ORIENTED_EDGE('',*,*,#2344,.T.);
#740=ORIENTED_EDGE('',*,*,#2349,.F.);
#741=ORIENTED_EDGE('',*,*,#2350,.F.);
#742=ORIENTED_EDGE('',*,*,#2351,.T.);
#743=ORIENTED_EDGE('',*,*,#2352,.T.);
#744=ORIENTED_EDGE('',*,*,#2353,.T.);
#745=ORIENTED_EDGE('',*,*,#2354,.T.);
#746=ORIENTED_EDGE('',*,*,#2355,.T.);
#747=ORIENTED_EDGE('',*,*,#2356,.T.);
#748=ORIENTED_EDGE('',*,*,#2357,.T.);
#749=ORIENTED_EDGE('',*,*,#2358,.T.);
#750=ORIENTED_EDGE('',*,*,#2359,.T.);
#751=ORIENTED_EDGE('',*,*,#2360,.T.);
#752=ORIENTED_EDGE('',*,*,#2361,.T.);
#753=ORIENTED_EDGE('',*,*,#2362,.T.);
#754=ORIENTED_EDGE('',*,*,#2363,.T.);
#755=ORIENTED_EDGE('',*,*,#2364,.T.);
#756=ORIENTED_EDGE('',*,*,#2365,.T.);
#757=ORIENTED_EDGE('',*,*,#2366,.T.);
#758=ORIENTED_EDGE('',*,*,#2367,.T.);
#759=ORIENTED_EDGE('',*,*,#2368,.T.);
#760=ORIENTED_EDGE('',*,*,#2369,.T.);
#761=ORIENTED_EDGE('',*,*,#2370,.T.);
#762=ORIENTED_EDGE('',*,*,#2371,.T.);
#763=ORIENTED_EDGE('',*,*,#2372,.T.);
#764=ORIENTED_EDGE('',*,*,#2373,.T.);
#765=ORIENTED_EDGE('',*,*,#2374,.T.);
#766=ORIENTED_EDGE('',*,*,#2375,.T.);
#767=ORIENTED_EDGE('',*,*,#2376,.T.);
#768=ORIENTED_EDGE('',*,*,#2377,.T.);
#769=ORIENTED_EDGE('',*,*,#2378,.T.);
#770=ORIENTED_EDGE('',*,*,#2379,.T.);
#771=ORIENTED_EDGE('',*,*,#2380,.T.);
#772=ORIENTED_EDGE('',*,*,#2381,.T.);
#773=ORIENTED_EDGE('',*,*,#2382,.T.);
#774=ORIENTED_EDGE('',*,*,#2104,.F.);
#775=ORIENTED_EDGE('',*,*,#2383,.F.);
#776=ORIENTED_EDGE('',*,*,#2179,.F.);
#777=ORIENTED_EDGE('',*,*,#2348,.T.);
#778=ORIENTED_EDGE('',*,*,#2103,.F.);
#779=ORIENTED_EDGE('',*,*,#2384,.F.);
#780=ORIENTED_EDGE('',*,*,#2180,.F.);
#781=ORIENTED_EDGE('',*,*,#2383,.T.);
#782=ORIENTED_EDGE('',*,*,#2102,.F.);
#783=ORIENTED_EDGE('',*,*,#2298,.F.);
#784=ORIENTED_EDGE('',*,*,#2385,.F.);
#785=ORIENTED_EDGE('',*,*,#2293,.F.);
#786=ORIENTED_EDGE('',*,*,#2386,.F.);
#787=ORIENTED_EDGE('',*,*,#2253,.F.);
#788=ORIENTED_EDGE('',*,*,#2387,.F.);
#789=ORIENTED_EDGE('',*,*,#2260,.F.);
#790=ORIENTED_EDGE('',*,*,#2181,.F.);
#791=ORIENTED_EDGE('',*,*,#2384,.T.);
#792=ORIENTED_EDGE('',*,*,#2388,.F.);
#793=ORIENTED_EDGE('',*,*,#2389,.F.);
#794=ORIENTED_EDGE('',*,*,#2271,.T.);
#795=ORIENTED_EDGE('',*,*,#2390,.F.);
#796=ORIENTED_EDGE('',*,*,#2391,.F.);
#797=ORIENTED_EDGE('',*,*,#2392,.F.);
#798=ORIENTED_EDGE('',*,*,#2393,.F.);
#799=ORIENTED_EDGE('',*,*,#2281,.T.);
#800=ORIENTED_EDGE('',*,*,#2308,.F.);
#801=ORIENTED_EDGE('',*,*,#2394,.T.);
#802=ORIENTED_EDGE('',*,*,#2388,.T.);
#803=ORIENTED_EDGE('',*,*,#2395,.F.);
#804=ORIENTED_EDGE('',*,*,#2396,.F.);
#805=ORIENTED_EDGE('',*,*,#2215,.F.);
#806=ORIENTED_EDGE('',*,*,#2397,.F.);
#807=ORIENTED_EDGE('',*,*,#2392,.T.);
#808=ORIENTED_EDGE('',*,*,#2398,.F.);
#809=ORIENTED_EDGE('',*,*,#2399,.F.);
#810=ORIENTED_EDGE('',*,*,#2400,.F.);
#811=ORIENTED_EDGE('',*,*,#2340,.T.);
#812=ORIENTED_EDGE('',*,*,#2401,.F.);
#813=ORIENTED_EDGE('',*,*,#2230,.F.);
#814=ORIENTED_EDGE('',*,*,#2402,.F.);
#815=ORIENTED_EDGE('',*,*,#2399,.T.);
#816=ORIENTED_EDGE('',*,*,#2238,.T.);
#817=ORIENTED_EDGE('',*,*,#2304,.T.);
#818=ORIENTED_EDGE('',*,*,#2301,.T.);
#819=ORIENTED_EDGE('',*,*,#2315,.T.);
#820=ORIENTED_EDGE('',*,*,#2149,.T.);
#821=ORIENTED_EDGE('',*,*,#2334,.T.);
#822=ORIENTED_EDGE('',*,*,#2062,.T.);
#823=ORIENTED_EDGE('',*,*,#2403,.T.);
#824=ORIENTED_EDGE('',*,*,#2390,.T.);
#825=ORIENTED_EDGE('',*,*,#2270,.F.);
#826=ORIENTED_EDGE('',*,*,#2404,.T.);
#827=ORIENTED_EDGE('',*,*,#2070,.T.);
#828=ORIENTED_EDGE('',*,*,#2330,.T.);
#829=ORIENTED_EDGE('',*,*,#2116,.T.);
#830=ORIENTED_EDGE('',*,*,#2309,.T.);
#831=ORIENTED_EDGE('',*,*,#2395,.T.);
#832=ORIENTED_EDGE('',*,*,#2405,.F.);
#833=ORIENTED_EDGE('',*,*,#2406,.T.);
#834=ORIENTED_EDGE('',*,*,#2240,.T.);
#835=ORIENTED_EDGE('',*,*,#2155,.T.);
#836=ORIENTED_EDGE('',*,*,#2336,.F.);
#837=ORIENTED_EDGE('',*,*,#2193,.F.);
#838=ORIENTED_EDGE('',*,*,#2166,.F.);
#839=ORIENTED_EDGE('',*,*,#2407,.T.);
#840=ORIENTED_EDGE('',*,*,#2283,.F.);
#841=ORIENTED_EDGE('',*,*,#2057,.F.);
#842=ORIENTED_EDGE('',*,*,#2408,.F.);
#843=ORIENTED_EDGE('',*,*,#2284,.F.);
#844=ORIENTED_EDGE('',*,*,#2407,.F.);
#845=ORIENTED_EDGE('',*,*,#2165,.T.);
#846=ORIENTED_EDGE('',*,*,#2203,.T.);
#847=ORIENTED_EDGE('',*,*,#2409,.T.);
#848=ORIENTED_EDGE('',*,*,#2229,.T.);
#849=ORIENTED_EDGE('',*,*,#2043,.F.);
#850=ORIENTED_EDGE('',*,*,#2410,.T.);
#851=ORIENTED_EDGE('',*,*,#2172,.T.);
#852=ORIENTED_EDGE('',*,*,#2139,.T.);
#853=ORIENTED_EDGE('',*,*,#2341,.T.);
#854=ORIENTED_EDGE('',*,*,#2400,.T.);
#855=ORIENTED_EDGE('',*,*,#2402,.T.);
#856=ORIENTED_EDGE('',*,*,#2393,.T.);
#857=ORIENTED_EDGE('',*,*,#2397,.T.);
#858=ORIENTED_EDGE('',*,*,#2214,.T.);
#859=ORIENTED_EDGE('',*,*,#2131,.T.);
#860=ORIENTED_EDGE('',*,*,#2162,.T.);
#861=ORIENTED_EDGE('',*,*,#2411,.F.);
#862=ORIENTED_EDGE('',*,*,#2059,.F.);
#863=ORIENTED_EDGE('',*,*,#2282,.F.);
#864=ORIENTED_EDGE('',*,*,#2231,.T.);
#865=ORIENTED_EDGE('',*,*,#2401,.T.);
#866=ORIENTED_EDGE('',*,*,#2398,.T.);
#867=ORIENTED_EDGE('',*,*,#2339,.F.);
#868=ORIENTED_EDGE('',*,*,#2391,.T.);
#869=ORIENTED_EDGE('',*,*,#2280,.F.);
#870=ORIENTED_EDGE('',*,*,#2216,.F.);
#871=ORIENTED_EDGE('',*,*,#2396,.T.);
#872=ORIENTED_EDGE('',*,*,#2171,.T.);
#873=ORIENTED_EDGE('',*,*,#2201,.F.);
#874=ORIENTED_EDGE('',*,*,#2322,.F.);
#875=ORIENTED_EDGE('',*,*,#2141,.T.);
#876=ORIENTED_EDGE('',*,*,#2412,.F.);
#877=ORIENTED_EDGE('',*,*,#2413,.T.);
#878=ORIENTED_EDGE('',*,*,#2414,.T.);
#879=ORIENTED_EDGE('',*,*,#2196,.F.);
#880=ORIENTED_EDGE('',*,*,#2415,.F.);
#881=ORIENTED_EDGE('',*,*,#2146,.T.);
#882=ORIENTED_EDGE('',*,*,#2335,.T.);
#883=ORIENTED_EDGE('',*,*,#2147,.T.);
#884=ORIENTED_EDGE('',*,*,#2415,.T.);
#885=ORIENTED_EDGE('',*,*,#2195,.F.);
#886=ORIENTED_EDGE('',*,*,#2416,.F.);
#887=ORIENTED_EDGE('',*,*,#2205,.F.);
#888=ORIENTED_EDGE('',*,*,#2417,.F.);
#889=ORIENTED_EDGE('',*,*,#2128,.T.);
#890=ORIENTED_EDGE('',*,*,#2418,.T.);
#891=ORIENTED_EDGE('',*,*,#2419,.F.);
#892=ORIENTED_EDGE('',*,*,#2118,.T.);
#893=ORIENTED_EDGE('',*,*,#2329,.T.);
#894=ORIENTED_EDGE('',*,*,#2210,.F.);
#895=ORIENTED_EDGE('',*,*,#2311,.F.);
#896=ORIENTED_EDGE('',*,*,#2129,.T.);
#897=ORIENTED_EDGE('',*,*,#2417,.T.);
#898=ORIENTED_EDGE('',*,*,#2204,.F.);
#899=ORIENTED_EDGE('',*,*,#2163,.T.);
#900=ORIENTED_EDGE('',*,*,#2420,.T.);
#901=ORIENTED_EDGE('',*,*,#2412,.T.);
#902=ORIENTED_EDGE('',*,*,#2145,.F.);
#903=ORIENTED_EDGE('',*,*,#2220,.F.);
#904=ORIENTED_EDGE('',*,*,#2225,.T.);
#905=ORIENTED_EDGE('',*,*,#2421,.T.);
#906=ORIENTED_EDGE('',*,*,#2413,.F.);
#907=ORIENTED_EDGE('',*,*,#2420,.F.);
#908=ORIENTED_EDGE('',*,*,#2224,.T.);
#909=ORIENTED_EDGE('',*,*,#2197,.T.);
#910=ORIENTED_EDGE('',*,*,#2414,.F.);
#911=ORIENTED_EDGE('',*,*,#2421,.F.);
#912=ORIENTED_EDGE('',*,*,#2223,.T.);
#913=ORIENTED_EDGE('',*,*,#2422,.T.);
#914=ORIENTED_EDGE('',*,*,#2319,.F.);
#915=ORIENTED_EDGE('',*,*,#2199,.F.);
#916=ORIENTED_EDGE('',*,*,#2222,.T.);
#917=ORIENTED_EDGE('',*,*,#2423,.T.);
#918=ORIENTED_EDGE('',*,*,#2320,.F.);
#919=ORIENTED_EDGE('',*,*,#2422,.F.);
#920=ORIENTED_EDGE('',*,*,#2143,.T.);
#921=ORIENTED_EDGE('',*,*,#2321,.T.);
#922=ORIENTED_EDGE('',*,*,#2423,.F.);
#923=ORIENTED_EDGE('',*,*,#2221,.F.);
#924=ORIENTED_EDGE('',*,*,#2389,.T.);
#925=ORIENTED_EDGE('',*,*,#2394,.F.);
#926=ORIENTED_EDGE('',*,*,#2307,.F.);
#927=ORIENTED_EDGE('',*,*,#2120,.F.);
#928=ORIENTED_EDGE('',*,*,#2310,.T.);
#929=ORIENTED_EDGE('',*,*,#2424,.F.);
#930=ORIENTED_EDGE('',*,*,#2272,.F.);
#931=ORIENTED_EDGE('',*,*,#2424,.T.);
#932=ORIENTED_EDGE('',*,*,#2312,.T.);
#933=ORIENTED_EDGE('',*,*,#2208,.F.);
#934=ORIENTED_EDGE('',*,*,#2273,.F.);
#935=ORIENTED_EDGE('',*,*,#2206,.T.);
#936=ORIENTED_EDGE('',*,*,#2416,.T.);
#937=ORIENTED_EDGE('',*,*,#2425,.F.);
#938=ORIENTED_EDGE('',*,*,#2274,.F.);
#939=ORIENTED_EDGE('',*,*,#2425,.T.);
#940=ORIENTED_EDGE('',*,*,#2419,.T.);
#941=ORIENTED_EDGE('',*,*,#2426,.F.);
#942=ORIENTED_EDGE('',*,*,#2275,.F.);
#943=ORIENTED_EDGE('',*,*,#2276,.T.);
#944=ORIENTED_EDGE('',*,*,#2426,.T.);
#945=ORIENTED_EDGE('',*,*,#2418,.F.);
#946=ORIENTED_EDGE('',*,*,#2127,.F.);
#947=ORIENTED_EDGE('',*,*,#2325,.F.);
#948=ORIENTED_EDGE('',*,*,#2236,.T.);
#949=ORIENTED_EDGE('',*,*,#2316,.T.);
#950=ORIENTED_EDGE('',*,*,#2299,.T.);
#951=ORIENTED_EDGE('',*,*,#2303,.T.);
#952=ORIENTED_EDGE('',*,*,#2427,.T.);
#953=ORIENTED_EDGE('',*,*,#1998,.T.);
#954=ORIENTED_EDGE('',*,*,#2264,.T.);
#955=ORIENTED_EDGE('',*,*,#2008,.F.);
#956=ORIENTED_EDGE('',*,*,#2428,.T.);
#957=ORIENTED_EDGE('',*,*,#2016,.T.);
#958=ORIENTED_EDGE('',*,*,#2262,.T.);
#959=ORIENTED_EDGE('',*,*,#2026,.F.);
#960=ORIENTED_EDGE('',*,*,#2429,.F.);
#961=ORIENTED_EDGE('',*,*,#2256,.T.);
#962=ORIENTED_EDGE('',*,*,#2261,.T.);
#963=ORIENTED_EDGE('',*,*,#2430,.F.);
#964=ORIENTED_EDGE('',*,*,#2431,.T.);
#965=ORIENTED_EDGE('',*,*,#2432,.T.);
#966=ORIENTED_EDGE('',*,*,#2287,.T.);
#967=ORIENTED_EDGE('',*,*,#2258,.F.);
#968=ORIENTED_EDGE('',*,*,#2433,.F.);
#969=ORIENTED_EDGE('',*,*,#2430,.T.);
#970=ORIENTED_EDGE('',*,*,#2288,.T.);
#971=ORIENTED_EDGE('',*,*,#2432,.F.);
#972=ORIENTED_EDGE('',*,*,#2376,.F.);
#973=ORIENTED_EDGE('',*,*,#2434,.F.);
#974=ORIENTED_EDGE('',*,*,#2435,.T.);
#975=ORIENTED_EDGE('',*,*,#2436,.T.);
#976=ORIENTED_EDGE('',*,*,#2377,.F.);
#977=ORIENTED_EDGE('',*,*,#2436,.F.);
#978=ORIENTED_EDGE('',*,*,#2437,.T.);
#979=ORIENTED_EDGE('',*,*,#2438,.T.);
#980=ORIENTED_EDGE('',*,*,#2378,.F.);
#981=ORIENTED_EDGE('',*,*,#2438,.F.);
#982=ORIENTED_EDGE('',*,*,#2439,.T.);
#983=ORIENTED_EDGE('',*,*,#2440,.T.);
#984=ORIENTED_EDGE('',*,*,#2379,.F.);
#985=ORIENTED_EDGE('',*,*,#2440,.F.);
#986=ORIENTED_EDGE('',*,*,#2441,.T.);
#987=ORIENTED_EDGE('',*,*,#2442,.T.);
#988=ORIENTED_EDGE('',*,*,#2380,.F.);
#989=ORIENTED_EDGE('',*,*,#2442,.F.);
#990=ORIENTED_EDGE('',*,*,#2443,.T.);
#991=ORIENTED_EDGE('',*,*,#2444,.T.);
#992=ORIENTED_EDGE('',*,*,#2381,.F.);
#993=ORIENTED_EDGE('',*,*,#2444,.F.);
#994=ORIENTED_EDGE('',*,*,#2445,.T.);
#995=ORIENTED_EDGE('',*,*,#2446,.T.);
#996=ORIENTED_EDGE('',*,*,#2382,.F.);
#997=ORIENTED_EDGE('',*,*,#2446,.F.);
#998=ORIENTED_EDGE('',*,*,#2447,.T.);
#999=ORIENTED_EDGE('',*,*,#2448,.T.);
#1000=ORIENTED_EDGE('',*,*,#2375,.F.);
#1001=ORIENTED_EDGE('',*,*,#2448,.F.);
#1002=ORIENTED_EDGE('',*,*,#2449,.T.);
#1003=ORIENTED_EDGE('',*,*,#2434,.T.);
#1004=ORIENTED_EDGE('',*,*,#2435,.F.);
#1005=ORIENTED_EDGE('',*,*,#2449,.F.);
#1006=ORIENTED_EDGE('',*,*,#2447,.F.);
#1007=ORIENTED_EDGE('',*,*,#2445,.F.);
#1008=ORIENTED_EDGE('',*,*,#2443,.F.);
#1009=ORIENTED_EDGE('',*,*,#2441,.F.);
#1010=ORIENTED_EDGE('',*,*,#2439,.F.);
#1011=ORIENTED_EDGE('',*,*,#2437,.F.);
#1012=ORIENTED_EDGE('',*,*,#2368,.F.);
#1013=ORIENTED_EDGE('',*,*,#2450,.F.);
#1014=ORIENTED_EDGE('',*,*,#2451,.T.);
#1015=ORIENTED_EDGE('',*,*,#2452,.T.);
#1016=ORIENTED_EDGE('',*,*,#2369,.F.);
#1017=ORIENTED_EDGE('',*,*,#2452,.F.);
#1018=ORIENTED_EDGE('',*,*,#2453,.T.);
#1019=ORIENTED_EDGE('',*,*,#2454,.T.);
#1020=ORIENTED_EDGE('',*,*,#2370,.F.);
#1021=ORIENTED_EDGE('',*,*,#2454,.F.);
#1022=ORIENTED_EDGE('',*,*,#2455,.T.);
#1023=ORIENTED_EDGE('',*,*,#2456,.T.);
#1024=ORIENTED_EDGE('',*,*,#2371,.F.);
#1025=ORIENTED_EDGE('',*,*,#2456,.F.);
#1026=ORIENTED_EDGE('',*,*,#2457,.T.);
#1027=ORIENTED_EDGE('',*,*,#2458,.T.);
#1028=ORIENTED_EDGE('',*,*,#2372,.F.);
#1029=ORIENTED_EDGE('',*,*,#2458,.F.);
#1030=ORIENTED_EDGE('',*,*,#2459,.T.);
#1031=ORIENTED_EDGE('',*,*,#2460,.T.);
#1032=ORIENTED_EDGE('',*,*,#2373,.F.);
#1033=ORIENTED_EDGE('',*,*,#2460,.F.);
#1034=ORIENTED_EDGE('',*,*,#2461,.T.);
#1035=ORIENTED_EDGE('',*,*,#2462,.T.);
#1036=ORIENTED_EDGE('',*,*,#2374,.F.);
#1037=ORIENTED_EDGE('',*,*,#2462,.F.);
#1038=ORIENTED_EDGE('',*,*,#2463,.T.);
#1039=ORIENTED_EDGE('',*,*,#2464,.T.);
#1040=ORIENTED_EDGE('',*,*,#2367,.F.);
#1041=ORIENTED_EDGE('',*,*,#2464,.F.);
#1042=ORIENTED_EDGE('',*,*,#2465,.T.);
#1043=ORIENTED_EDGE('',*,*,#2450,.T.);
#1044=ORIENTED_EDGE('',*,*,#2451,.F.);
#1045=ORIENTED_EDGE('',*,*,#2465,.F.);
#1046=ORIENTED_EDGE('',*,*,#2463,.F.);
#1047=ORIENTED_EDGE('',*,*,#2461,.F.);
#1048=ORIENTED_EDGE('',*,*,#2459,.F.);
#1049=ORIENTED_EDGE('',*,*,#2457,.F.);
#1050=ORIENTED_EDGE('',*,*,#2455,.F.);
#1051=ORIENTED_EDGE('',*,*,#2453,.F.);
#1052=ORIENTED_EDGE('',*,*,#2360,.F.);
#1053=ORIENTED_EDGE('',*,*,#2466,.F.);
#1054=ORIENTED_EDGE('',*,*,#2467,.T.);
#1055=ORIENTED_EDGE('',*,*,#2468,.T.);
#1056=ORIENTED_EDGE('',*,*,#2361,.F.);
#1057=ORIENTED_EDGE('',*,*,#2468,.F.);
#1058=ORIENTED_EDGE('',*,*,#2469,.T.);
#1059=ORIENTED_EDGE('',*,*,#2470,.T.);
#1060=ORIENTED_EDGE('',*,*,#2362,.F.);
#1061=ORIENTED_EDGE('',*,*,#2470,.F.);
#1062=ORIENTED_EDGE('',*,*,#2471,.T.);
#1063=ORIENTED_EDGE('',*,*,#2472,.T.);
#1064=ORIENTED_EDGE('',*,*,#2363,.F.);
#1065=ORIENTED_EDGE('',*,*,#2472,.F.);
#1066=ORIENTED_EDGE('',*,*,#2473,.T.);
#1067=ORIENTED_EDGE('',*,*,#2474,.T.);
#1068=ORIENTED_EDGE('',*,*,#2364,.F.);
#1069=ORIENTED_EDGE('',*,*,#2474,.F.);
#1070=ORIENTED_EDGE('',*,*,#2475,.T.);
#1071=ORIENTED_EDGE('',*,*,#2476,.T.);
#1072=ORIENTED_EDGE('',*,*,#2365,.F.);
#1073=ORIENTED_EDGE('',*,*,#2476,.F.);
#1074=ORIENTED_EDGE('',*,*,#2477,.T.);
#1075=ORIENTED_EDGE('',*,*,#2478,.T.);
#1076=ORIENTED_EDGE('',*,*,#2366,.F.);
#1077=ORIENTED_EDGE('',*,*,#2478,.F.);
#1078=ORIENTED_EDGE('',*,*,#2479,.T.);
#1079=ORIENTED_EDGE('',*,*,#2480,.T.);
#1080=ORIENTED_EDGE('',*,*,#2359,.F.);
#1081=ORIENTED_EDGE('',*,*,#2480,.F.);
#1082=ORIENTED_EDGE('',*,*,#2481,.T.);
#1083=ORIENTED_EDGE('',*,*,#2466,.T.);
#1084=ORIENTED_EDGE('',*,*,#2467,.F.);
#1085=ORIENTED_EDGE('',*,*,#2481,.F.);
#1086=ORIENTED_EDGE('',*,*,#2479,.F.);
#1087=ORIENTED_EDGE('',*,*,#2477,.F.);
#1088=ORIENTED_EDGE('',*,*,#2475,.F.);
#1089=ORIENTED_EDGE('',*,*,#2473,.F.);
#1090=ORIENTED_EDGE('',*,*,#2471,.F.);
#1091=ORIENTED_EDGE('',*,*,#2469,.F.);
#1092=ORIENTED_EDGE('',*,*,#2352,.F.);
#1093=ORIENTED_EDGE('',*,*,#2482,.F.);
#1094=ORIENTED_EDGE('',*,*,#2483,.T.);
#1095=ORIENTED_EDGE('',*,*,#2484,.T.);
#1096=ORIENTED_EDGE('',*,*,#2353,.F.);
#1097=ORIENTED_EDGE('',*,*,#2484,.F.);
#1098=ORIENTED_EDGE('',*,*,#2485,.T.);
#1099=ORIENTED_EDGE('',*,*,#2486,.T.);
#1100=ORIENTED_EDGE('',*,*,#2354,.F.);
#1101=ORIENTED_EDGE('',*,*,#2486,.F.);
#1102=ORIENTED_EDGE('',*,*,#2487,.T.);
#1103=ORIENTED_EDGE('',*,*,#2488,.T.);
#1104=ORIENTED_EDGE('',*,*,#2355,.F.);
#1105=ORIENTED_EDGE('',*,*,#2488,.F.);
#1106=ORIENTED_EDGE('',*,*,#2489,.T.);
#1107=ORIENTED_EDGE('',*,*,#2490,.T.);
#1108=ORIENTED_EDGE('',*,*,#2356,.F.);
#1109=ORIENTED_EDGE('',*,*,#2490,.F.);
#1110=ORIENTED_EDGE('',*,*,#2491,.T.);
#1111=ORIENTED_EDGE('',*,*,#2492,.T.);
#1112=ORIENTED_EDGE('',*,*,#2357,.F.);
#1113=ORIENTED_EDGE('',*,*,#2492,.F.);
#1114=ORIENTED_EDGE('',*,*,#2493,.T.);
#1115=ORIENTED_EDGE('',*,*,#2494,.T.);
#1116=ORIENTED_EDGE('',*,*,#2358,.F.);
#1117=ORIENTED_EDGE('',*,*,#2494,.F.);
#1118=ORIENTED_EDGE('',*,*,#2495,.T.);
#1119=ORIENTED_EDGE('',*,*,#2496,.T.);
#1120=ORIENTED_EDGE('',*,*,#2351,.F.);
#1121=ORIENTED_EDGE('',*,*,#2496,.F.);
#1122=ORIENTED_EDGE('',*,*,#2497,.T.);
#1123=ORIENTED_EDGE('',*,*,#2482,.T.);
#1124=ORIENTED_EDGE('',*,*,#2483,.F.);
#1125=ORIENTED_EDGE('',*,*,#2497,.F.);
#1126=ORIENTED_EDGE('',*,*,#2495,.F.);
#1127=ORIENTED_EDGE('',*,*,#2493,.F.);
#1128=ORIENTED_EDGE('',*,*,#2491,.F.);
#1129=ORIENTED_EDGE('',*,*,#2489,.F.);
#1130=ORIENTED_EDGE('',*,*,#2487,.F.);
#1131=ORIENTED_EDGE('',*,*,#2485,.F.);
#1132=ORIENTED_EDGE('',*,*,#2498,.T.);
#1133=ORIENTED_EDGE('',*,*,#2350,.T.);
#1134=ORIENTED_EDGE('',*,*,#2498,.F.);
#1135=ORIENTED_EDGE('',*,*,#2499,.T.);
#1136=ORIENTED_EDGE('',*,*,#2349,.T.);
#1137=ORIENTED_EDGE('',*,*,#2499,.F.);
#1138=ORIENTED_EDGE('',*,*,#2500,.T.);
#1139=ORIENTED_EDGE('',*,*,#2071,.F.);
#1140=ORIENTED_EDGE('',*,*,#2404,.F.);
#1141=ORIENTED_EDGE('',*,*,#2269,.F.);
#1142=ORIENTED_EDGE('',*,*,#2158,.F.);
#1143=ORIENTED_EDGE('',*,*,#2328,.F.);
#1144=ORIENTED_EDGE('',*,*,#2501,.T.);
#1145=ORIENTED_EDGE('',*,*,#2502,.F.);
#1146=ORIENTED_EDGE('',*,*,#2267,.F.);
#1147=ORIENTED_EDGE('',*,*,#2503,.F.);
#1148=ORIENTED_EDGE('',*,*,#2504,.F.);
#1149=ORIENTED_EDGE('',*,*,#2505,.F.);
#1150=ORIENTED_EDGE('',*,*,#2242,.F.);
#1151=ORIENTED_EDGE('',*,*,#2506,.F.);
#1152=ORIENTED_EDGE('',*,*,#2507,.T.);
#1153=ORIENTED_EDGE('',*,*,#2331,.F.);
#1154=ORIENTED_EDGE('',*,*,#2153,.F.);
#1155=ORIENTED_EDGE('',*,*,#2239,.F.);
#1156=ORIENTED_EDGE('',*,*,#2403,.F.);
#1157=ORIENTED_EDGE('',*,*,#2061,.T.);
#1158=ORIENTED_EDGE('',*,*,#2508,.T.);
#1159=ORIENTED_EDGE('',*,*,#2509,.T.);
#1160=ORIENTED_EDGE('',*,*,#2065,.F.);
#1161=ORIENTED_EDGE('',*,*,#2151,.F.);
#1162=ORIENTED_EDGE('',*,*,#2074,.F.);
#1163=ORIENTED_EDGE('',*,*,#2508,.F.);
#1164=ORIENTED_EDGE('',*,*,#2150,.T.);
#1165=ORIENTED_EDGE('',*,*,#2314,.T.);
#1166=ORIENTED_EDGE('',*,*,#2510,.T.);
#1167=ORIENTED_EDGE('',*,*,#2075,.F.);
#1168=ORIENTED_EDGE('',*,*,#2510,.F.);
#1169=ORIENTED_EDGE('',*,*,#2313,.T.);
#1170=ORIENTED_EDGE('',*,*,#2511,.T.);
#1171=ORIENTED_EDGE('',*,*,#2076,.T.);
#1172=ORIENTED_EDGE('',*,*,#2511,.F.);
#1173=ORIENTED_EDGE('',*,*,#2318,.F.);
#1174=ORIENTED_EDGE('',*,*,#2512,.T.);
#1175=ORIENTED_EDGE('',*,*,#2077,.F.);
#1176=ORIENTED_EDGE('',*,*,#2512,.F.);
#1177=ORIENTED_EDGE('',*,*,#2317,.T.);
#1178=ORIENTED_EDGE('',*,*,#2234,.T.);
#1179=ORIENTED_EDGE('',*,*,#2079,.F.);
#1180=ORIENTED_EDGE('',*,*,#2233,.F.);
#1181=ORIENTED_EDGE('',*,*,#2338,.T.);
#1182=ORIENTED_EDGE('',*,*,#2513,.T.);
#1183=ORIENTED_EDGE('',*,*,#2080,.T.);
#1184=ORIENTED_EDGE('',*,*,#2513,.F.);
#1185=ORIENTED_EDGE('',*,*,#2337,.F.);
#1186=ORIENTED_EDGE('',*,*,#2514,.T.);
#1187=ORIENTED_EDGE('',*,*,#2081,.F.);
#1188=ORIENTED_EDGE('',*,*,#2514,.F.);
#1189=ORIENTED_EDGE('',*,*,#2343,.T.);
#1190=ORIENTED_EDGE('',*,*,#2515,.T.);
#1191=ORIENTED_EDGE('',*,*,#2082,.F.);
#1192=ORIENTED_EDGE('',*,*,#2515,.F.);
#1193=ORIENTED_EDGE('',*,*,#2342,.T.);
#1194=ORIENTED_EDGE('',*,*,#2138,.T.);
#1195=ORIENTED_EDGE('',*,*,#2516,.T.);
#1196=ORIENTED_EDGE('',*,*,#2517,.T.);
#1197=ORIENTED_EDGE('',*,*,#2518,.T.);
#1198=ORIENTED_EDGE('',*,*,#2516,.F.);
#1199=ORIENTED_EDGE('',*,*,#2137,.F.);
#1200=ORIENTED_EDGE('',*,*,#2519,.F.);
#1201=ORIENTED_EDGE('',*,*,#2517,.F.);
#1202=ORIENTED_EDGE('',*,*,#2136,.F.);
#1203=ORIENTED_EDGE('',*,*,#2520,.T.);
#1204=ORIENTED_EDGE('',*,*,#2410,.F.);
#1205=ORIENTED_EDGE('',*,*,#2042,.T.);
#1206=ORIENTED_EDGE('',*,*,#2521,.F.);
#1207=ORIENTED_EDGE('',*,*,#2040,.F.);
#1208=ORIENTED_EDGE('',*,*,#2411,.T.);
#1209=ORIENTED_EDGE('',*,*,#2522,.T.);
#1210=ORIENTED_EDGE('',*,*,#2134,.F.);
#1211=ORIENTED_EDGE('',*,*,#2523,.T.);
#1212=ORIENTED_EDGE('',*,*,#2524,.T.);
#1213=ORIENTED_EDGE('',*,*,#2525,.T.);
#1214=ORIENTED_EDGE('',*,*,#2523,.F.);
#1215=ORIENTED_EDGE('',*,*,#2133,.F.);
#1216=ORIENTED_EDGE('',*,*,#2084,.F.);
#1217=ORIENTED_EDGE('',*,*,#2524,.F.);
#1218=ORIENTED_EDGE('',*,*,#2132,.T.);
#1219=ORIENTED_EDGE('',*,*,#2213,.T.);
#1220=ORIENTED_EDGE('',*,*,#2526,.T.);
#1221=ORIENTED_EDGE('',*,*,#2085,.F.);
#1222=ORIENTED_EDGE('',*,*,#2526,.F.);
#1223=ORIENTED_EDGE('',*,*,#2212,.T.);
#1224=ORIENTED_EDGE('',*,*,#2527,.T.);
#1225=ORIENTED_EDGE('',*,*,#2086,.T.);
#1226=ORIENTED_EDGE('',*,*,#2527,.F.);
#1227=ORIENTED_EDGE('',*,*,#2219,.F.);
#1228=ORIENTED_EDGE('',*,*,#2528,.T.);
#1229=ORIENTED_EDGE('',*,*,#2087,.F.);
#1230=ORIENTED_EDGE('',*,*,#2528,.F.);
#1231=ORIENTED_EDGE('',*,*,#2218,.T.);
#1232=ORIENTED_EDGE('',*,*,#2279,.T.);
#1233=ORIENTED_EDGE('',*,*,#2089,.F.);
#1234=ORIENTED_EDGE('',*,*,#2278,.F.);
#1235=ORIENTED_EDGE('',*,*,#2324,.T.);
#1236=ORIENTED_EDGE('',*,*,#2529,.T.);
#1237=ORIENTED_EDGE('',*,*,#2090,.T.);
#1238=ORIENTED_EDGE('',*,*,#2529,.F.);
#1239=ORIENTED_EDGE('',*,*,#2323,.F.);
#1240=ORIENTED_EDGE('',*,*,#2126,.F.);
#1241=ORIENTED_EDGE('',*,*,#2530,.T.);
#1242=ORIENTED_EDGE('',*,*,#2091,.F.);
#1243=ORIENTED_EDGE('',*,*,#2530,.F.);
#1244=ORIENTED_EDGE('',*,*,#2125,.T.);
#1245=ORIENTED_EDGE('',*,*,#2531,.T.);
#1246=ORIENTED_EDGE('',*,*,#2092,.T.);
#1247=ORIENTED_EDGE('',*,*,#2531,.F.);
#1248=ORIENTED_EDGE('',*,*,#2124,.F.);
#1249=ORIENTED_EDGE('',*,*,#2532,.T.);
#1250=ORIENTED_EDGE('',*,*,#2094,.F.);
#1251=ORIENTED_EDGE('',*,*,#2533,.F.);
#1252=ORIENTED_EDGE('',*,*,#2534,.F.);
#1253=ORIENTED_EDGE('',*,*,#2535,.T.);
#1254=ORIENTED_EDGE('',*,*,#2122,.T.);
#1255=ORIENTED_EDGE('',*,*,#2536,.T.);
#1256=ORIENTED_EDGE('',*,*,#2095,.F.);
#1257=ORIENTED_EDGE('',*,*,#2536,.F.);
#1258=ORIENTED_EDGE('',*,*,#2121,.T.);
#1259=ORIENTED_EDGE('',*,*,#2306,.T.);
#1260=ORIENTED_EDGE('',*,*,#2537,.T.);
#1261=ORIENTED_EDGE('',*,*,#2072,.F.);
#1262=ORIENTED_EDGE('',*,*,#2537,.F.);
#1263=ORIENTED_EDGE('',*,*,#2305,.T.);
#1264=ORIENTED_EDGE('',*,*,#2115,.T.);
#1265=ORIENTED_EDGE('',*,*,#2538,.T.);
#1266=ORIENTED_EDGE('',*,*,#2067,.T.);
#1267=ORIENTED_EDGE('',*,*,#2539,.T.);
#1268=ORIENTED_EDGE('',*,*,#2538,.F.);
#1269=ORIENTED_EDGE('',*,*,#2114,.F.);
#1270=ORIENTED_EDGE('',*,*,#2540,.T.);
#1271=ORIENTED_EDGE('',*,*,#2202,.T.);
#1272=ORIENTED_EDGE('',*,*,#2541,.T.);
#1273=ORIENTED_EDGE('',*,*,#2173,.F.);
#1274=ORIENTED_EDGE('',*,*,#2520,.F.);
#1275=ORIENTED_EDGE('',*,*,#2135,.T.);
#1276=ORIENTED_EDGE('',*,*,#2522,.F.);
#1277=ORIENTED_EDGE('',*,*,#2161,.F.);
#1278=ORIENTED_EDGE('',*,*,#2050,.F.);
#1279=ORIENTED_EDGE('',*,*,#2227,.F.);
#1280=ORIENTED_EDGE('',*,*,#2174,.T.);
#1281=ORIENTED_EDGE('',*,*,#2542,.T.);
#1282=ORIENTED_EDGE('',*,*,#2051,.F.);
#1283=ORIENTED_EDGE('',*,*,#2542,.F.);
#1284=ORIENTED_EDGE('',*,*,#2185,.T.);
#1285=ORIENTED_EDGE('',*,*,#2543,.T.);
#1286=ORIENTED_EDGE('',*,*,#2052,.F.);
#1287=ORIENTED_EDGE('',*,*,#2543,.F.);
#1288=ORIENTED_EDGE('',*,*,#2184,.T.);
#1289=ORIENTED_EDGE('',*,*,#2286,.T.);
#1290=ORIENTED_EDGE('',*,*,#2054,.F.);
#1291=ORIENTED_EDGE('',*,*,#2285,.F.);
#1292=ORIENTED_EDGE('',*,*,#2408,.T.);
#1293=ORIENTED_EDGE('',*,*,#2544,.T.);
#1294=ORIENTED_EDGE('',*,*,#2055,.T.);
#1295=ORIENTED_EDGE('',*,*,#2544,.F.);
#1296=ORIENTED_EDGE('',*,*,#2409,.F.);
#1297=ORIENTED_EDGE('',*,*,#2540,.F.);
#1298=ORIENTED_EDGE('',*,*,#2160,.T.);
#1299=ORIENTED_EDGE('',*,*,#2047,.T.);
#1300=ORIENTED_EDGE('',*,*,#2167,.F.);
#1301=ORIENTED_EDGE('',*,*,#2541,.F.);
#1302=ORIENTED_EDGE('',*,*,#2187,.F.);
#1303=ORIENTED_EDGE('',*,*,#2545,.T.);
#1304=ORIENTED_EDGE('',*,*,#2048,.F.);
#1305=ORIENTED_EDGE('',*,*,#2545,.F.);
#1306=ORIENTED_EDGE('',*,*,#2186,.T.);
#1307=ORIENTED_EDGE('',*,*,#2228,.T.);
#1308=ORIENTED_EDGE('',*,*,#2192,.F.);
#1309=ORIENTED_EDGE('',*,*,#2546,.F.);
#1310=ORIENTED_EDGE('',*,*,#2326,.T.);
#1311=ORIENTED_EDGE('',*,*,#2069,.T.);
#1312=ORIENTED_EDGE('',*,*,#2152,.F.);
#1313=ORIENTED_EDGE('',*,*,#2063,.T.);
#1314=ORIENTED_EDGE('',*,*,#2333,.T.);
#1315=ORIENTED_EDGE('',*,*,#2547,.F.);
#1316=ORIENTED_EDGE('',*,*,#2505,.T.);
#1317=ORIENTED_EDGE('',*,*,#2548,.F.);
#1318=ORIENTED_EDGE('',*,*,#2097,.F.);
#1319=ORIENTED_EDGE('',*,*,#2243,.T.);
#1320=ORIENTED_EDGE('',*,*,#2504,.T.);
#1321=ORIENTED_EDGE('',*,*,#2549,.F.);
#1322=ORIENTED_EDGE('',*,*,#2098,.F.);
#1323=ORIENTED_EDGE('',*,*,#2548,.T.);
#1324=ORIENTED_EDGE('',*,*,#2503,.T.);
#1325=ORIENTED_EDGE('',*,*,#2266,.F.);
#1326=ORIENTED_EDGE('',*,*,#2099,.F.);
#1327=ORIENTED_EDGE('',*,*,#2549,.T.);
#1328=ORIENTED_EDGE('',*,*,#2502,.T.);
#1329=ORIENTED_EDGE('',*,*,#2550,.F.);
#1330=ORIENTED_EDGE('',*,*,#2109,.F.);
#1331=ORIENTED_EDGE('',*,*,#2268,.T.);
#1332=ORIENTED_EDGE('',*,*,#2501,.F.);
#1333=ORIENTED_EDGE('',*,*,#2327,.F.);
#1334=ORIENTED_EDGE('',*,*,#2546,.T.);
#1335=ORIENTED_EDGE('',*,*,#2110,.T.);
#1336=ORIENTED_EDGE('',*,*,#2550,.T.);
#1337=ORIENTED_EDGE('',*,*,#2507,.F.);
#1338=ORIENTED_EDGE('',*,*,#2551,.F.);
#1339=ORIENTED_EDGE('',*,*,#2405,.T.);
#1340=ORIENTED_EDGE('',*,*,#2547,.T.);
#1341=ORIENTED_EDGE('',*,*,#2332,.T.);
#1342=ORIENTED_EDGE('',*,*,#2506,.T.);
#1343=ORIENTED_EDGE('',*,*,#2241,.F.);
#1344=ORIENTED_EDGE('',*,*,#2406,.F.);
#1345=ORIENTED_EDGE('',*,*,#2551,.T.);
#1346=ORIENTED_EDGE('',*,*,#2519,.T.);
#1347=ORIENTED_EDGE('',*,*,#2041,.T.);
#1348=ORIENTED_EDGE('',*,*,#2521,.T.);
#1349=ORIENTED_EDGE('',*,*,#2525,.F.);
#1350=ORIENTED_EDGE('',*,*,#2083,.F.);
#1351=ORIENTED_EDGE('',*,*,#2518,.F.);
#1352=ORIENTED_EDGE('',*,*,#2060,.T.);
#1353=ORIENTED_EDGE('',*,*,#2509,.F.);
#1354=ORIENTED_EDGE('',*,*,#2073,.T.);
#1355=ORIENTED_EDGE('',*,*,#2539,.F.);
#1356=ORIENTED_EDGE('',*,*,#2066,.T.);
#1357=ORIENTED_EDGE('',*,*,#2500,.F.);
#1358=ORIENTED_EDGE('',*,*,#2552,.T.);
#1359=ORIENTED_EDGE('',*,*,#2123,.T.);
#1360=ORIENTED_EDGE('',*,*,#2535,.F.);
#1361=ORIENTED_EDGE('',*,*,#2553,.T.);
#1362=ORIENTED_EDGE('',*,*,#2554,.F.);
#1363=ORIENTED_EDGE('',*,*,#2555,.F.);
#1364=ORIENTED_EDGE('',*,*,#2533,.T.);
#1365=ORIENTED_EDGE('',*,*,#2093,.F.);
#1366=ORIENTED_EDGE('',*,*,#2532,.F.);
#1367=ORIENTED_EDGE('',*,*,#2552,.F.);
#1368=ORIENTED_EDGE('',*,*,#2556,.T.);
#1369=ORIENTED_EDGE('',*,*,#2557,.T.);
#1370=ORIENTED_EDGE('',*,*,#2558,.F.);
#1371=ORIENTED_EDGE('',*,*,#2554,.T.);
#1372=ORIENTED_EDGE('',*,*,#2559,.F.);
#1373=ORIENTED_EDGE('',*,*,#2560,.F.);
#1374=ORIENTED_EDGE('',*,*,#2561,.T.);
#1375=ORIENTED_EDGE('',*,*,#2562,.F.);
#1376=ORIENTED_EDGE('',*,*,#2563,.T.);
#1377=ORIENTED_EDGE('',*,*,#2564,.T.);
#1378=ORIENTED_EDGE('',*,*,#2565,.T.);
#1379=ORIENTED_EDGE('',*,*,#2566,.T.);
#1380=ORIENTED_EDGE('',*,*,#2567,.T.);
#1381=ORIENTED_EDGE('',*,*,#2568,.F.);
#1382=ORIENTED_EDGE('',*,*,#2569,.T.);
#1383=ORIENTED_EDGE('',*,*,#2570,.T.);
#1384=ORIENTED_EDGE('',*,*,#2571,.F.);
#1385=ORIENTED_EDGE('',*,*,#2572,.F.);
#1386=ORIENTED_EDGE('',*,*,#2573,.F.);
#1387=ORIENTED_EDGE('',*,*,#2574,.T.);
#1388=ORIENTED_EDGE('',*,*,#2575,.F.);
#1389=ORIENTED_EDGE('',*,*,#2576,.F.);
#1390=ORIENTED_EDGE('',*,*,#2577,.F.);
#1391=ORIENTED_EDGE('',*,*,#2578,.F.);
#1392=ORIENTED_EDGE('',*,*,#2579,.F.);
#1393=ORIENTED_EDGE('',*,*,#2580,.T.);
#1394=ORIENTED_EDGE('',*,*,#2581,.T.);
#1395=ORIENTED_EDGE('',*,*,#2582,.T.);
#1396=ORIENTED_EDGE('',*,*,#2583,.F.);
#1397=ORIENTED_EDGE('',*,*,#2582,.F.);
#1398=ORIENTED_EDGE('',*,*,#2584,.T.);
#1399=ORIENTED_EDGE('',*,*,#2585,.T.);
#1400=ORIENTED_EDGE('',*,*,#2586,.F.);
#1401=ORIENTED_EDGE('',*,*,#2585,.F.);
#1402=ORIENTED_EDGE('',*,*,#2587,.T.);
#1403=ORIENTED_EDGE('',*,*,#2534,.T.);
#1404=ORIENTED_EDGE('',*,*,#2588,.T.);
#1405=ORIENTED_EDGE('',*,*,#2557,.F.);
#1406=ORIENTED_EDGE('',*,*,#2589,.F.);
#1407=ORIENTED_EDGE('',*,*,#2560,.T.);
#1408=ORIENTED_EDGE('',*,*,#2561,.F.);
#1409=ORIENTED_EDGE('',*,*,#2589,.T.);
#1410=ORIENTED_EDGE('',*,*,#2556,.F.);
#1411=ORIENTED_EDGE('',*,*,#2553,.F.);
#1412=ORIENTED_EDGE('',*,*,#2587,.F.);
#1413=ORIENTED_EDGE('',*,*,#2584,.F.);
#1414=ORIENTED_EDGE('',*,*,#2581,.F.);
#1415=ORIENTED_EDGE('',*,*,#2590,.T.);
#1416=ORIENTED_EDGE('',*,*,#2559,.T.);
#1417=ORIENTED_EDGE('',*,*,#2591,.F.);
#1418=ORIENTED_EDGE('',*,*,#2571,.T.);
#1419=ORIENTED_EDGE('',*,*,#2583,.T.);
#1420=ORIENTED_EDGE('',*,*,#2586,.T.);
#1421=ORIENTED_EDGE('',*,*,#2555,.T.);
#1422=ORIENTED_EDGE('',*,*,#2558,.T.);
#1423=ORIENTED_EDGE('',*,*,#2588,.F.);
#1424=ORIENTED_EDGE('',*,*,#2562,.T.);
#1425=ORIENTED_EDGE('',*,*,#2590,.F.);
#1426=ORIENTED_EDGE('',*,*,#2580,.F.);
#1427=ORIENTED_EDGE('',*,*,#2592,.T.);
#1428=ORIENTED_EDGE('',*,*,#2563,.F.);
#1429=ORIENTED_EDGE('',*,*,#2592,.F.);
#1430=ORIENTED_EDGE('',*,*,#2579,.T.);
#1431=ORIENTED_EDGE('',*,*,#2593,.T.);
#1432=ORIENTED_EDGE('',*,*,#2564,.F.);
#1433=ORIENTED_EDGE('',*,*,#2593,.F.);
#1434=ORIENTED_EDGE('',*,*,#2578,.T.);
#1435=ORIENTED_EDGE('',*,*,#2594,.T.);
#1436=ORIENTED_EDGE('',*,*,#2565,.F.);
#1437=ORIENTED_EDGE('',*,*,#2594,.F.);
#1438=ORIENTED_EDGE('',*,*,#2577,.T.);
#1439=ORIENTED_EDGE('',*,*,#2595,.T.);
#1440=ORIENTED_EDGE('',*,*,#2566,.F.);
#1441=ORIENTED_EDGE('',*,*,#2595,.F.);
#1442=ORIENTED_EDGE('',*,*,#2576,.T.);
#1443=ORIENTED_EDGE('',*,*,#2596,.T.);
#1444=ORIENTED_EDGE('',*,*,#2567,.F.);
#1445=ORIENTED_EDGE('',*,*,#2596,.F.);
#1446=ORIENTED_EDGE('',*,*,#2575,.T.);
#1447=ORIENTED_EDGE('',*,*,#2597,.T.);
#1448=ORIENTED_EDGE('',*,*,#2568,.T.);
#1449=ORIENTED_EDGE('',*,*,#2597,.F.);
#1450=ORIENTED_EDGE('',*,*,#2574,.F.);
#1451=ORIENTED_EDGE('',*,*,#2598,.T.);
#1452=ORIENTED_EDGE('',*,*,#2569,.F.);
#1453=ORIENTED_EDGE('',*,*,#2598,.F.);
#1454=ORIENTED_EDGE('',*,*,#2573,.T.);
#1455=ORIENTED_EDGE('',*,*,#2599,.T.);
#1456=ORIENTED_EDGE('',*,*,#2570,.F.);
#1457=ORIENTED_EDGE('',*,*,#2599,.F.);
#1458=ORIENTED_EDGE('',*,*,#2572,.T.);
#1459=ORIENTED_EDGE('',*,*,#2591,.T.);
#1460=ORIENTED_EDGE('',*,*,#2600,.F.);
#1461=ORIENTED_EDGE('',*,*,#2601,.F.);
#1462=ORIENTED_EDGE('',*,*,#2602,.T.);
#1463=ORIENTED_EDGE('',*,*,#2603,.T.);
#1464=ORIENTED_EDGE('',*,*,#2604,.F.);
#1465=ORIENTED_EDGE('',*,*,#2605,.F.);
#1466=ORIENTED_EDGE('',*,*,#2606,.T.);
#1467=ORIENTED_EDGE('',*,*,#2601,.T.);
#1468=ORIENTED_EDGE('',*,*,#2607,.F.);
#1469=ORIENTED_EDGE('',*,*,#2608,.F.);
#1470=ORIENTED_EDGE('',*,*,#2609,.T.);
#1471=ORIENTED_EDGE('',*,*,#2605,.T.);
#1472=ORIENTED_EDGE('',*,*,#2610,.F.);
#1473=ORIENTED_EDGE('',*,*,#2611,.F.);
#1474=ORIENTED_EDGE('',*,*,#2612,.T.);
#1475=ORIENTED_EDGE('',*,*,#2608,.T.);
#1476=ORIENTED_EDGE('',*,*,#2613,.T.);
#1477=ORIENTED_EDGE('',*,*,#2614,.F.);
#1478=ORIENTED_EDGE('',*,*,#2615,.F.);
#1479=ORIENTED_EDGE('',*,*,#2611,.T.);
#1480=ORIENTED_EDGE('',*,*,#2616,.F.);
#1481=ORIENTED_EDGE('',*,*,#2603,.F.);
#1482=ORIENTED_EDGE('',*,*,#2617,.T.);
#1483=ORIENTED_EDGE('',*,*,#2618,.T.);
#1484=ORIENTED_EDGE('',*,*,#2619,.F.);
#1485=ORIENTED_EDGE('',*,*,#2620,.F.);
#1486=ORIENTED_EDGE('',*,*,#2621,.T.);
#1487=ORIENTED_EDGE('',*,*,#2614,.T.);
#1488=ORIENTED_EDGE('',*,*,#2622,.F.);
#1489=ORIENTED_EDGE('',*,*,#2618,.F.);
#1490=ORIENTED_EDGE('',*,*,#2623,.T.);
#1491=ORIENTED_EDGE('',*,*,#2429,.T.);
#1492=ORIENTED_EDGE('',*,*,#2433,.T.);
#1493=ORIENTED_EDGE('',*,*,#2431,.F.);
#1494=ORIENTED_EDGE('',*,*,#2624,.T.);
#1495=ORIENTED_EDGE('',*,*,#2387,.T.);
#1496=ORIENTED_EDGE('',*,*,#2625,.F.);
#1497=ORIENTED_EDGE('',*,*,#2620,.T.);
#1498=ORIENTED_EDGE('',*,*,#2257,.F.);
#1499=ORIENTED_EDGE('',*,*,#2624,.F.);
#1500=ORIENTED_EDGE('',*,*,#2619,.T.);
#1501=ORIENTED_EDGE('',*,*,#2613,.F.);
#1502=ORIENTED_EDGE('',*,*,#2610,.T.);
#1503=ORIENTED_EDGE('',*,*,#2607,.T.);
#1504=ORIENTED_EDGE('',*,*,#2604,.T.);
#1505=ORIENTED_EDGE('',*,*,#2600,.T.);
#1506=ORIENTED_EDGE('',*,*,#2616,.T.);
#1507=ORIENTED_EDGE('',*,*,#2622,.T.);
#1508=ORIENTED_EDGE('',*,*,#2625,.T.);
#1509=ORIENTED_EDGE('',*,*,#2252,.T.);
#1510=ORIENTED_EDGE('',*,*,#2623,.F.);
#1511=ORIENTED_EDGE('',*,*,#2617,.F.);
#1512=ORIENTED_EDGE('',*,*,#2602,.F.);
#1513=ORIENTED_EDGE('',*,*,#2606,.F.);
#1514=ORIENTED_EDGE('',*,*,#2609,.F.);
#1515=ORIENTED_EDGE('',*,*,#2612,.F.);
#1516=ORIENTED_EDGE('',*,*,#2615,.T.);
#1517=ORIENTED_EDGE('',*,*,#2621,.F.);
#1518=ORIENTED_EDGE('',*,*,#2626,.F.);
#1519=ORIENTED_EDGE('',*,*,#2249,.T.);
#1520=ORIENTED_EDGE('',*,*,#2627,.T.);
#1521=ORIENTED_EDGE('',*,*,#2628,.F.);
#1522=ORIENTED_EDGE('',*,*,#2629,.T.);
#1523=ORIENTED_EDGE('',*,*,#2630,.F.);
#1524=ORIENTED_EDGE('',*,*,#2631,.F.);
#1525=ORIENTED_EDGE('',*,*,#2632,.F.);
#1526=ORIENTED_EDGE('',*,*,#2633,.F.);
#1527=ORIENTED_EDGE('',*,*,#2634,.F.);
#1528=ORIENTED_EDGE('',*,*,#2250,.F.);
#1529=ORIENTED_EDGE('',*,*,#2635,.T.);
#1530=ORIENTED_EDGE('',*,*,#2636,.T.);
#1531=ORIENTED_EDGE('',*,*,#2637,.T.);
#1532=ORIENTED_EDGE('',*,*,#2638,.T.);
#1533=ORIENTED_EDGE('',*,*,#2639,.T.);
#1534=ORIENTED_EDGE('',*,*,#2640,.T.);
#1535=ORIENTED_EDGE('',*,*,#2641,.F.);
#1536=ORIENTED_EDGE('',*,*,#2642,.T.);
#1537=ORIENTED_EDGE('',*,*,#2643,.F.);
#1538=ORIENTED_EDGE('',*,*,#2034,.F.);
#1539=ORIENTED_EDGE('',*,*,#2038,.F.);
#1540=ORIENTED_EDGE('',*,*,#2030,.T.);
#1541=ORIENTED_EDGE('',*,*,#2626,.T.);
#1542=ORIENTED_EDGE('',*,*,#2644,.T.);
#1543=ORIENTED_EDGE('',*,*,#2635,.F.);
#1544=ORIENTED_EDGE('',*,*,#2636,.F.);
#1545=ORIENTED_EDGE('',*,*,#2644,.F.);
#1546=ORIENTED_EDGE('',*,*,#2634,.T.);
#1547=ORIENTED_EDGE('',*,*,#2645,.T.);
#1548=ORIENTED_EDGE('',*,*,#2637,.F.);
#1549=ORIENTED_EDGE('',*,*,#2645,.F.);
#1550=ORIENTED_EDGE('',*,*,#2633,.T.);
#1551=ORIENTED_EDGE('',*,*,#2646,.T.);
#1552=ORIENTED_EDGE('',*,*,#2638,.F.);
#1553=ORIENTED_EDGE('',*,*,#2646,.F.);
#1554=ORIENTED_EDGE('',*,*,#2632,.T.);
#1555=ORIENTED_EDGE('',*,*,#2647,.T.);
#1556=ORIENTED_EDGE('',*,*,#2639,.F.);
#1557=ORIENTED_EDGE('',*,*,#2647,.F.);
#1558=ORIENTED_EDGE('',*,*,#2631,.T.);
#1559=ORIENTED_EDGE('',*,*,#2648,.T.);
#1560=ORIENTED_EDGE('',*,*,#2640,.F.);
#1561=ORIENTED_EDGE('',*,*,#2648,.F.);
#1562=ORIENTED_EDGE('',*,*,#2630,.T.);
#1563=ORIENTED_EDGE('',*,*,#2649,.T.);
#1564=ORIENTED_EDGE('',*,*,#2641,.T.);
#1565=ORIENTED_EDGE('',*,*,#2649,.F.);
#1566=ORIENTED_EDGE('',*,*,#2629,.F.);
#1567=ORIENTED_EDGE('',*,*,#2650,.T.);
#1568=ORIENTED_EDGE('',*,*,#2642,.F.);
#1569=ORIENTED_EDGE('',*,*,#2650,.F.);
#1570=ORIENTED_EDGE('',*,*,#2628,.T.);
#1571=ORIENTED_EDGE('',*,*,#2651,.T.);
#1572=ORIENTED_EDGE('',*,*,#2643,.T.);
#1573=ORIENTED_EDGE('',*,*,#2651,.F.);
#1574=ORIENTED_EDGE('',*,*,#2627,.F.);
#1575=ORIENTED_EDGE('',*,*,#2345,.T.);
#1576=ORIENTED_EDGE('',*,*,#2652,.F.);
#1577=ORIENTED_EDGE('',*,*,#2653,.F.);
#1578=ORIENTED_EDGE('',*,*,#2654,.T.);
#1579=ORIENTED_EDGE('',*,*,#2655,.T.);
#1580=ORIENTED_EDGE('',*,*,#2656,.T.);
#1581=ORIENTED_EDGE('',*,*,#2657,.F.);
#1582=ORIENTED_EDGE('',*,*,#2658,.F.);
#1583=ORIENTED_EDGE('',*,*,#2653,.T.);
#1584=ORIENTED_EDGE('',*,*,#2659,.T.);
#1585=ORIENTED_EDGE('',*,*,#2660,.F.);
#1586=ORIENTED_EDGE('',*,*,#2661,.F.);
#1587=ORIENTED_EDGE('',*,*,#2657,.T.);
#1588=ORIENTED_EDGE('',*,*,#2662,.T.);
#1589=ORIENTED_EDGE('',*,*,#2663,.F.);
#1590=ORIENTED_EDGE('',*,*,#2664,.F.);
#1591=ORIENTED_EDGE('',*,*,#2660,.T.);
#1592=ORIENTED_EDGE('',*,*,#2665,.T.);
#1593=ORIENTED_EDGE('',*,*,#2666,.F.);
#1594=ORIENTED_EDGE('',*,*,#2667,.F.);
#1595=ORIENTED_EDGE('',*,*,#2663,.T.);
#1596=ORIENTED_EDGE('',*,*,#2668,.T.);
#1597=ORIENTED_EDGE('',*,*,#2669,.F.);
#1598=ORIENTED_EDGE('',*,*,#2670,.F.);
#1599=ORIENTED_EDGE('',*,*,#2666,.T.);
#1600=ORIENTED_EDGE('',*,*,#2671,.T.);
#1601=ORIENTED_EDGE('',*,*,#2655,.F.);
#1602=ORIENTED_EDGE('',*,*,#2672,.F.);
#1603=ORIENTED_EDGE('',*,*,#2673,.T.);
#1604=ORIENTED_EDGE('',*,*,#2674,.T.);
#1605=ORIENTED_EDGE('',*,*,#2017,.T.);
#1606=ORIENTED_EDGE('',*,*,#2428,.F.);
#1607=ORIENTED_EDGE('',*,*,#2025,.F.);
#1608=ORIENTED_EDGE('',*,*,#2675,.F.);
#1609=ORIENTED_EDGE('',*,*,#2669,.T.);
#1610=ORIENTED_EDGE('',*,*,#2676,.F.);
#1611=ORIENTED_EDGE('',*,*,#2673,.F.);
#1612=ORIENTED_EDGE('',*,*,#2677,.T.);
#1613=ORIENTED_EDGE('',*,*,#2386,.T.);
#1614=ORIENTED_EDGE('',*,*,#2676,.T.);
#1615=ORIENTED_EDGE('',*,*,#2292,.T.);
#1616=ORIENTED_EDGE('',*,*,#2674,.F.);
#1617=ORIENTED_EDGE('',*,*,#2668,.F.);
#1618=ORIENTED_EDGE('',*,*,#2665,.F.);
#1619=ORIENTED_EDGE('',*,*,#2662,.F.);
#1620=ORIENTED_EDGE('',*,*,#2659,.F.);
#1621=ORIENTED_EDGE('',*,*,#2656,.F.);
#1622=ORIENTED_EDGE('',*,*,#2652,.T.);
#1623=ORIENTED_EDGE('',*,*,#2671,.F.);
#1624=ORIENTED_EDGE('',*,*,#2254,.F.);
#1625=ORIENTED_EDGE('',*,*,#2677,.F.);
#1626=ORIENTED_EDGE('',*,*,#2672,.T.);
#1627=ORIENTED_EDGE('',*,*,#2654,.F.);
#1628=ORIENTED_EDGE('',*,*,#2658,.T.);
#1629=ORIENTED_EDGE('',*,*,#2661,.T.);
#1630=ORIENTED_EDGE('',*,*,#2664,.T.);
#1631=ORIENTED_EDGE('',*,*,#2667,.T.);
#1632=ORIENTED_EDGE('',*,*,#2670,.T.);
#1633=ORIENTED_EDGE('',*,*,#2675,.T.);
#1634=ORIENTED_EDGE('',*,*,#2247,.F.);
#1635=ORIENTED_EDGE('',*,*,#2678,.T.);
#1636=ORIENTED_EDGE('',*,*,#2679,.T.);
#1637=ORIENTED_EDGE('',*,*,#2680,.T.);
#1638=ORIENTED_EDGE('',*,*,#2681,.T.);
#1639=ORIENTED_EDGE('',*,*,#2682,.T.);
#1640=ORIENTED_EDGE('',*,*,#2683,.T.);
#1641=ORIENTED_EDGE('',*,*,#2684,.F.);
#1642=ORIENTED_EDGE('',*,*,#2685,.T.);
#1643=ORIENTED_EDGE('',*,*,#2686,.F.);
#1644=ORIENTED_EDGE('',*,*,#2687,.F.);
#1645=ORIENTED_EDGE('',*,*,#2291,.T.);
#1646=ORIENTED_EDGE('',*,*,#2688,.T.);
#1647=ORIENTED_EDGE('',*,*,#2689,.F.);
#1648=ORIENTED_EDGE('',*,*,#2690,.T.);
#1649=ORIENTED_EDGE('',*,*,#2691,.F.);
#1650=ORIENTED_EDGE('',*,*,#2692,.F.);
#1651=ORIENTED_EDGE('',*,*,#2693,.F.);
#1652=ORIENTED_EDGE('',*,*,#2694,.F.);
#1653=ORIENTED_EDGE('',*,*,#2695,.F.);
#1654=ORIENTED_EDGE('',*,*,#2013,.T.);
#1655=ORIENTED_EDGE('',*,*,#2687,.T.);
#1656=ORIENTED_EDGE('',*,*,#2696,.F.);
#1657=ORIENTED_EDGE('',*,*,#2678,.F.);
#1658=ORIENTED_EDGE('',*,*,#2021,.F.);
#1659=ORIENTED_EDGE('',*,*,#2028,.T.);
#1660=ORIENTED_EDGE('',*,*,#2695,.T.);
#1661=ORIENTED_EDGE('',*,*,#2697,.F.);
#1662=ORIENTED_EDGE('',*,*,#2679,.F.);
#1663=ORIENTED_EDGE('',*,*,#2696,.T.);
#1664=ORIENTED_EDGE('',*,*,#2694,.T.);
#1665=ORIENTED_EDGE('',*,*,#2698,.F.);
#1666=ORIENTED_EDGE('',*,*,#2680,.F.);
#1667=ORIENTED_EDGE('',*,*,#2697,.T.);
#1668=ORIENTED_EDGE('',*,*,#2693,.T.);
#1669=ORIENTED_EDGE('',*,*,#2699,.F.);
#1670=ORIENTED_EDGE('',*,*,#2681,.F.);
#1671=ORIENTED_EDGE('',*,*,#2698,.T.);
#1672=ORIENTED_EDGE('',*,*,#2692,.T.);
#1673=ORIENTED_EDGE('',*,*,#2700,.F.);
#1674=ORIENTED_EDGE('',*,*,#2682,.F.);
#1675=ORIENTED_EDGE('',*,*,#2699,.T.);
#1676=ORIENTED_EDGE('',*,*,#2691,.T.);
#1677=ORIENTED_EDGE('',*,*,#2701,.F.);
#1678=ORIENTED_EDGE('',*,*,#2683,.F.);
#1679=ORIENTED_EDGE('',*,*,#2700,.T.);
#1680=ORIENTED_EDGE('',*,*,#2690,.F.);
#1681=ORIENTED_EDGE('',*,*,#2702,.F.);
#1682=ORIENTED_EDGE('',*,*,#2684,.T.);
#1683=ORIENTED_EDGE('',*,*,#2701,.T.);
#1684=ORIENTED_EDGE('',*,*,#2689,.T.);
#1685=ORIENTED_EDGE('',*,*,#2703,.F.);
#1686=ORIENTED_EDGE('',*,*,#2685,.F.);
#1687=ORIENTED_EDGE('',*,*,#2702,.T.);
#1688=ORIENTED_EDGE('',*,*,#2688,.F.);
#1689=ORIENTED_EDGE('',*,*,#2346,.T.);
#1690=ORIENTED_EDGE('',*,*,#2686,.T.);
#1691=ORIENTED_EDGE('',*,*,#2703,.T.);
#1692=ORIENTED_EDGE('',*,*,#2704,.F.);
#1693=ORIENTED_EDGE('',*,*,#2705,.F.);
#1694=ORIENTED_EDGE('',*,*,#2706,.T.);
#1695=ORIENTED_EDGE('',*,*,#2707,.T.);
#1696=ORIENTED_EDGE('',*,*,#2708,.T.);
#1697=ORIENTED_EDGE('',*,*,#2709,.F.);
#1698=ORIENTED_EDGE('',*,*,#2710,.F.);
#1699=ORIENTED_EDGE('',*,*,#2705,.T.);
#1700=ORIENTED_EDGE('',*,*,#2711,.T.);
#1701=ORIENTED_EDGE('',*,*,#2712,.F.);
#1702=ORIENTED_EDGE('',*,*,#2713,.F.);
#1703=ORIENTED_EDGE('',*,*,#2709,.T.);
#1704=ORIENTED_EDGE('',*,*,#2714,.T.);
#1705=ORIENTED_EDGE('',*,*,#2715,.F.);
#1706=ORIENTED_EDGE('',*,*,#2716,.F.);
#1707=ORIENTED_EDGE('',*,*,#2712,.T.);
#1708=ORIENTED_EDGE('',*,*,#2717,.T.);
#1709=ORIENTED_EDGE('',*,*,#2718,.F.);
#1710=ORIENTED_EDGE('',*,*,#2719,.F.);
#1711=ORIENTED_EDGE('',*,*,#2715,.T.);
#1712=ORIENTED_EDGE('',*,*,#2720,.T.);
#1713=ORIENTED_EDGE('',*,*,#2707,.F.);
#1714=ORIENTED_EDGE('',*,*,#2721,.F.);
#1715=ORIENTED_EDGE('',*,*,#2722,.T.);
#1716=ORIENTED_EDGE('',*,*,#2723,.T.);
#1717=ORIENTED_EDGE('',*,*,#2724,.F.);
#1718=ORIENTED_EDGE('',*,*,#2725,.F.);
#1719=ORIENTED_EDGE('',*,*,#2718,.T.);
#1720=ORIENTED_EDGE('',*,*,#2726,.T.);
#1721=ORIENTED_EDGE('',*,*,#1999,.T.);
#1722=ORIENTED_EDGE('',*,*,#2427,.F.);
#1723=ORIENTED_EDGE('',*,*,#2007,.F.);
#1724=ORIENTED_EDGE('',*,*,#2727,.F.);
#1725=ORIENTED_EDGE('',*,*,#2724,.T.);
#1726=ORIENTED_EDGE('',*,*,#2728,.F.);
#1727=ORIENTED_EDGE('',*,*,#2722,.F.);
#1728=ORIENTED_EDGE('',*,*,#2729,.T.);
#1729=ORIENTED_EDGE('',*,*,#2385,.T.);
#1730=ORIENTED_EDGE('',*,*,#2728,.T.);
#1731=ORIENTED_EDGE('',*,*,#2297,.T.);
#1732=ORIENTED_EDGE('',*,*,#2726,.F.);
#1733=ORIENTED_EDGE('',*,*,#2723,.F.);
#1734=ORIENTED_EDGE('',*,*,#2717,.F.);
#1735=ORIENTED_EDGE('',*,*,#2714,.F.);
#1736=ORIENTED_EDGE('',*,*,#2711,.F.);
#1737=ORIENTED_EDGE('',*,*,#2708,.F.);
#1738=ORIENTED_EDGE('',*,*,#2704,.T.);
#1739=ORIENTED_EDGE('',*,*,#2720,.F.);
#1740=ORIENTED_EDGE('',*,*,#2294,.F.);
#1741=ORIENTED_EDGE('',*,*,#2729,.F.);
#1742=ORIENTED_EDGE('',*,*,#2721,.T.);
#1743=ORIENTED_EDGE('',*,*,#2706,.F.);
#1744=ORIENTED_EDGE('',*,*,#2710,.T.);
#1745=ORIENTED_EDGE('',*,*,#2713,.T.);
#1746=ORIENTED_EDGE('',*,*,#2716,.T.);
#1747=ORIENTED_EDGE('',*,*,#2719,.T.);
#1748=ORIENTED_EDGE('',*,*,#2725,.T.);
#1749=ORIENTED_EDGE('',*,*,#2727,.T.);
#1750=ORIENTED_EDGE('',*,*,#2289,.F.);
#1751=ORIENTED_EDGE('',*,*,#2730,.T.);
#1752=ORIENTED_EDGE('',*,*,#2731,.T.);
#1753=ORIENTED_EDGE('',*,*,#2732,.T.);
#1754=ORIENTED_EDGE('',*,*,#2733,.T.);
#1755=ORIENTED_EDGE('',*,*,#2734,.T.);
#1756=ORIENTED_EDGE('',*,*,#2735,.T.);
#1757=ORIENTED_EDGE('',*,*,#2736,.F.);
#1758=ORIENTED_EDGE('',*,*,#2737,.T.);
#1759=ORIENTED_EDGE('',*,*,#2738,.F.);
#1760=ORIENTED_EDGE('',*,*,#2739,.F.);
#1761=ORIENTED_EDGE('',*,*,#2296,.T.);
#1762=ORIENTED_EDGE('',*,*,#2740,.T.);
#1763=ORIENTED_EDGE('',*,*,#2741,.F.);
#1764=ORIENTED_EDGE('',*,*,#2742,.T.);
#1765=ORIENTED_EDGE('',*,*,#2743,.F.);
#1766=ORIENTED_EDGE('',*,*,#2744,.F.);
#1767=ORIENTED_EDGE('',*,*,#2745,.F.);
#1768=ORIENTED_EDGE('',*,*,#2746,.F.);
#1769=ORIENTED_EDGE('',*,*,#2747,.F.);
#1770=ORIENTED_EDGE('',*,*,#1995,.T.);
#1771=ORIENTED_EDGE('',*,*,#2739,.T.);
#1772=ORIENTED_EDGE('',*,*,#2748,.F.);
#1773=ORIENTED_EDGE('',*,*,#2730,.F.);
#1774=ORIENTED_EDGE('',*,*,#2003,.F.);
#1775=ORIENTED_EDGE('',*,*,#2010,.T.);
#1776=ORIENTED_EDGE('',*,*,#2747,.T.);
#1777=ORIENTED_EDGE('',*,*,#2749,.F.);
#1778=ORIENTED_EDGE('',*,*,#2731,.F.);
#1779=ORIENTED_EDGE('',*,*,#2748,.T.);
#1780=ORIENTED_EDGE('',*,*,#2746,.T.);
#1781=ORIENTED_EDGE('',*,*,#2750,.F.);
#1782=ORIENTED_EDGE('',*,*,#2732,.F.);
#1783=ORIENTED_EDGE('',*,*,#2749,.T.);
#1784=ORIENTED_EDGE('',*,*,#2745,.T.);
#1785=ORIENTED_EDGE('',*,*,#2751,.F.);
#1786=ORIENTED_EDGE('',*,*,#2733,.F.);
#1787=ORIENTED_EDGE('',*,*,#2750,.T.);
#1788=ORIENTED_EDGE('',*,*,#2744,.T.);
#1789=ORIENTED_EDGE('',*,*,#2752,.F.);
#1790=ORIENTED_EDGE('',*,*,#2734,.F.);
#1791=ORIENTED_EDGE('',*,*,#2751,.T.);
#1792=ORIENTED_EDGE('',*,*,#2743,.T.);
#1793=ORIENTED_EDGE('',*,*,#2753,.F.);
#1794=ORIENTED_EDGE('',*,*,#2735,.F.);
#1795=ORIENTED_EDGE('',*,*,#2752,.T.);
#1796=ORIENTED_EDGE('',*,*,#2742,.F.);
#1797=ORIENTED_EDGE('',*,*,#2754,.F.);
#1798=ORIENTED_EDGE('',*,*,#2736,.T.);
#1799=ORIENTED_EDGE('',*,*,#2753,.T.);
#1800=ORIENTED_EDGE('',*,*,#2741,.T.);
#1801=ORIENTED_EDGE('',*,*,#2755,.F.);
#1802=ORIENTED_EDGE('',*,*,#2737,.F.);
#1803=ORIENTED_EDGE('',*,*,#2754,.T.);
#1804=ORIENTED_EDGE('',*,*,#2740,.F.);
#1805=ORIENTED_EDGE('',*,*,#2347,.T.);
#1806=ORIENTED_EDGE('',*,*,#2738,.T.);
#1807=ORIENTED_EDGE('',*,*,#2755,.T.);
#1808=ORIENTED_EDGE('',*,*,#2756,.F.);
#1809=ORIENTED_EDGE('',*,*,#2757,.T.);
#1810=ORIENTED_EDGE('',*,*,#2758,.T.);
#1811=ORIENTED_EDGE('',*,*,#2759,.F.);
#1812=ORIENTED_EDGE('',*,*,#2760,.F.);
#1813=ORIENTED_EDGE('',*,*,#2761,.F.);
#1814=ORIENTED_EDGE('',*,*,#2762,.T.);
#1815=ORIENTED_EDGE('',*,*,#2763,.T.);
#1816=ORIENTED_EDGE('',*,*,#2764,.F.);
#1817=ORIENTED_EDGE('',*,*,#2763,.F.);
#1818=ORIENTED_EDGE('',*,*,#2765,.T.);
#1819=ORIENTED_EDGE('',*,*,#2766,.T.);
#1820=ORIENTED_EDGE('',*,*,#2767,.F.);
#1821=ORIENTED_EDGE('',*,*,#2766,.F.);
#1822=ORIENTED_EDGE('',*,*,#2768,.T.);
#1823=ORIENTED_EDGE('',*,*,#2769,.T.);
#1824=ORIENTED_EDGE('',*,*,#2758,.F.);
#1825=ORIENTED_EDGE('',*,*,#2770,.F.);
#1826=ORIENTED_EDGE('',*,*,#2769,.F.);
#1827=ORIENTED_EDGE('',*,*,#2771,.T.);
#1828=ORIENTED_EDGE('',*,*,#2772,.T.);
#1829=ORIENTED_EDGE('',*,*,#2773,.F.);
#1830=ORIENTED_EDGE('',*,*,#2774,.T.);
#1831=ORIENTED_EDGE('',*,*,#2775,.T.);
#1832=ORIENTED_EDGE('',*,*,#2759,.T.);
#1833=ORIENTED_EDGE('',*,*,#2772,.F.);
#1834=ORIENTED_EDGE('',*,*,#2776,.T.);
#1835=ORIENTED_EDGE('',*,*,#2777,.T.);
#1836=ORIENTED_EDGE('',*,*,#2778,.T.);
#1837=ORIENTED_EDGE('',*,*,#2779,.F.);
#1838=ORIENTED_EDGE('',*,*,#2777,.F.);
#1839=ORIENTED_EDGE('',*,*,#2780,.T.);
#1840=ORIENTED_EDGE('',*,*,#2781,.T.);
#1841=ORIENTED_EDGE('',*,*,#2782,.F.);
#1842=ORIENTED_EDGE('',*,*,#2783,.F.);
#1843=ORIENTED_EDGE('',*,*,#2781,.F.);
#1844=ORIENTED_EDGE('',*,*,#2784,.T.);
#1845=ORIENTED_EDGE('',*,*,#2785,.T.);
#1846=ORIENTED_EDGE('',*,*,#2786,.F.);
#1847=ORIENTED_EDGE('',*,*,#2785,.F.);
#1848=ORIENTED_EDGE('',*,*,#2787,.T.);
#1849=ORIENTED_EDGE('',*,*,#2788,.T.);
#1850=ORIENTED_EDGE('',*,*,#2789,.F.);
#1851=ORIENTED_EDGE('',*,*,#2788,.F.);
#1852=ORIENTED_EDGE('',*,*,#2790,.T.);
#1853=ORIENTED_EDGE('',*,*,#2791,.T.);
#1854=ORIENTED_EDGE('',*,*,#2792,.F.);
#1855=ORIENTED_EDGE('',*,*,#2793,.F.);
#1856=ORIENTED_EDGE('',*,*,#2791,.F.);
#1857=ORIENTED_EDGE('',*,*,#2794,.T.);
#1858=ORIENTED_EDGE('',*,*,#2795,.T.);
#1859=ORIENTED_EDGE('',*,*,#2796,.F.);
#1860=ORIENTED_EDGE('',*,*,#2795,.F.);
#1861=ORIENTED_EDGE('',*,*,#2797,.T.);
#1862=ORIENTED_EDGE('',*,*,#2798,.T.);
#1863=ORIENTED_EDGE('',*,*,#2799,.F.);
#1864=ORIENTED_EDGE('',*,*,#2798,.F.);
#1865=ORIENTED_EDGE('',*,*,#2800,.T.);
#1866=ORIENTED_EDGE('',*,*,#2801,.T.);
#1867=ORIENTED_EDGE('',*,*,#2802,.F.);
#1868=ORIENTED_EDGE('',*,*,#2803,.F.);
#1869=ORIENTED_EDGE('',*,*,#2801,.F.);
#1870=ORIENTED_EDGE('',*,*,#2804,.T.);
#1871=ORIENTED_EDGE('',*,*,#2805,.T.);
#1872=ORIENTED_EDGE('',*,*,#2806,.F.);
#1873=ORIENTED_EDGE('',*,*,#2807,.F.);
#1874=ORIENTED_EDGE('',*,*,#2805,.F.);
#1875=ORIENTED_EDGE('',*,*,#2808,.T.);
#1876=ORIENTED_EDGE('',*,*,#2809,.T.);
#1877=ORIENTED_EDGE('',*,*,#2810,.F.);
#1878=ORIENTED_EDGE('',*,*,#2809,.F.);
#1879=ORIENTED_EDGE('',*,*,#2811,.T.);
#1880=ORIENTED_EDGE('',*,*,#2812,.T.);
#1881=ORIENTED_EDGE('',*,*,#2813,.F.);
#1882=ORIENTED_EDGE('',*,*,#2812,.F.);
#1883=ORIENTED_EDGE('',*,*,#2814,.T.);
#1884=ORIENTED_EDGE('',*,*,#2815,.T.);
#1885=ORIENTED_EDGE('',*,*,#2816,.F.);
#1886=ORIENTED_EDGE('',*,*,#2817,.F.);
#1887=ORIENTED_EDGE('',*,*,#2815,.F.);
#1888=ORIENTED_EDGE('',*,*,#2818,.T.);
#1889=ORIENTED_EDGE('',*,*,#2819,.T.);
#1890=ORIENTED_EDGE('',*,*,#2820,.F.);
#1891=ORIENTED_EDGE('',*,*,#2821,.F.);
#1892=ORIENTED_EDGE('',*,*,#2819,.F.);
#1893=ORIENTED_EDGE('',*,*,#2822,.T.);
#1894=ORIENTED_EDGE('',*,*,#2823,.T.);
#1895=ORIENTED_EDGE('',*,*,#2824,.F.);
#1896=ORIENTED_EDGE('',*,*,#2823,.F.);
#1897=ORIENTED_EDGE('',*,*,#2825,.T.);
#1898=ORIENTED_EDGE('',*,*,#2826,.T.);
#1899=ORIENTED_EDGE('',*,*,#2827,.F.);
#1900=ORIENTED_EDGE('',*,*,#2826,.F.);
#1901=ORIENTED_EDGE('',*,*,#2828,.T.);
#1902=ORIENTED_EDGE('',*,*,#2761,.T.);
#1903=ORIENTED_EDGE('',*,*,#2829,.F.);
#1904=ORIENTED_EDGE('',*,*,#2762,.F.);
#1905=ORIENTED_EDGE('',*,*,#2828,.F.);
#1906=ORIENTED_EDGE('',*,*,#2825,.F.);
#1907=ORIENTED_EDGE('',*,*,#2822,.F.);
#1908=ORIENTED_EDGE('',*,*,#2818,.F.);
#1909=ORIENTED_EDGE('',*,*,#2814,.F.);
#1910=ORIENTED_EDGE('',*,*,#2811,.F.);
#1911=ORIENTED_EDGE('',*,*,#2808,.F.);
#1912=ORIENTED_EDGE('',*,*,#2804,.F.);
#1913=ORIENTED_EDGE('',*,*,#2800,.F.);
#1914=ORIENTED_EDGE('',*,*,#2797,.F.);
#1915=ORIENTED_EDGE('',*,*,#2794,.F.);
#1916=ORIENTED_EDGE('',*,*,#2790,.F.);
#1917=ORIENTED_EDGE('',*,*,#2787,.F.);
#1918=ORIENTED_EDGE('',*,*,#2784,.F.);
#1919=ORIENTED_EDGE('',*,*,#2780,.F.);
#1920=ORIENTED_EDGE('',*,*,#2776,.F.);
#1921=ORIENTED_EDGE('',*,*,#2771,.F.);
#1922=ORIENTED_EDGE('',*,*,#2768,.F.);
#1923=ORIENTED_EDGE('',*,*,#2765,.F.);
#1924=ORIENTED_EDGE('',*,*,#2830,.F.);
#1925=ORIENTED_EDGE('',*,*,#2831,.F.);
#1926=ORIENTED_EDGE('',*,*,#2782,.T.);
#1927=ORIENTED_EDGE('',*,*,#2783,.T.);
#1928=ORIENTED_EDGE('',*,*,#2786,.T.);
#1929=ORIENTED_EDGE('',*,*,#2789,.T.);
#1930=ORIENTED_EDGE('',*,*,#2793,.T.);
#1931=ORIENTED_EDGE('',*,*,#2832,.F.);
#1932=ORIENTED_EDGE('',*,*,#2802,.T.);
#1933=ORIENTED_EDGE('',*,*,#2803,.T.);
#1934=ORIENTED_EDGE('',*,*,#2807,.T.);
#1935=ORIENTED_EDGE('',*,*,#2833,.F.);
#1936=ORIENTED_EDGE('',*,*,#2816,.T.);
#1937=ORIENTED_EDGE('',*,*,#2817,.T.);
#1938=ORIENTED_EDGE('',*,*,#2821,.T.);
#1939=ORIENTED_EDGE('',*,*,#2834,.F.);
#1940=ORIENTED_EDGE('',*,*,#2829,.T.);
#1941=ORIENTED_EDGE('',*,*,#2760,.T.);
#1942=ORIENTED_EDGE('',*,*,#2764,.T.);
#1943=ORIENTED_EDGE('',*,*,#2767,.T.);
#1944=ORIENTED_EDGE('',*,*,#2770,.T.);
#1945=ORIENTED_EDGE('',*,*,#2757,.F.);
#1946=ORIENTED_EDGE('',*,*,#2835,.T.);
#1947=ORIENTED_EDGE('',*,*,#2836,.F.);
#1948=ORIENTED_EDGE('',*,*,#2792,.T.);
#1949=ORIENTED_EDGE('',*,*,#2796,.T.);
#1950=ORIENTED_EDGE('',*,*,#2799,.T.);
#1951=ORIENTED_EDGE('',*,*,#2832,.T.);
#1952=ORIENTED_EDGE('',*,*,#2806,.T.);
#1953=ORIENTED_EDGE('',*,*,#2810,.T.);
#1954=ORIENTED_EDGE('',*,*,#2813,.T.);
#1955=ORIENTED_EDGE('',*,*,#2833,.T.);
#1956=ORIENTED_EDGE('',*,*,#2820,.T.);
#1957=ORIENTED_EDGE('',*,*,#2824,.T.);
#1958=ORIENTED_EDGE('',*,*,#2827,.T.);
#1959=ORIENTED_EDGE('',*,*,#2834,.T.);
#1960=ORIENTED_EDGE('',*,*,#2831,.T.);
#1961=ORIENTED_EDGE('',*,*,#2837,.T.);
#1962=ORIENTED_EDGE('',*,*,#2778,.F.);
#1963=ORIENTED_EDGE('',*,*,#2779,.T.);
#1964=ORIENTED_EDGE('',*,*,#2838,.T.);
#1965=ORIENTED_EDGE('',*,*,#2839,.F.);
#1966=ORIENTED_EDGE('',*,*,#2840,.F.);
#1967=ORIENTED_EDGE('',*,*,#2836,.T.);
#1968=ORIENTED_EDGE('',*,*,#2841,.T.);
#1969=ORIENTED_EDGE('',*,*,#2842,.F.);
#1970=ORIENTED_EDGE('',*,*,#2843,.F.);
#1971=ORIENTED_EDGE('',*,*,#2839,.T.);
#1972=ORIENTED_EDGE('',*,*,#2844,.T.);
#1973=ORIENTED_EDGE('',*,*,#2845,.F.);
#1974=ORIENTED_EDGE('',*,*,#2846,.F.);
#1975=ORIENTED_EDGE('',*,*,#2842,.T.);
#1976=ORIENTED_EDGE('',*,*,#2774,.F.);
#1977=ORIENTED_EDGE('',*,*,#2847,.F.);
#1978=ORIENTED_EDGE('',*,*,#2845,.T.);
#1979=ORIENTED_EDGE('',*,*,#2848,.T.);
#1980=ORIENTED_EDGE('',*,*,#2847,.T.);
#1981=ORIENTED_EDGE('',*,*,#2773,.T.);
#1982=ORIENTED_EDGE('',*,*,#2837,.F.);
#1983=ORIENTED_EDGE('',*,*,#2830,.T.);
#1984=ORIENTED_EDGE('',*,*,#2840,.T.);
#1985=ORIENTED_EDGE('',*,*,#2843,.T.);
#1986=ORIENTED_EDGE('',*,*,#2846,.T.);
#1987=ORIENTED_EDGE('',*,*,#2775,.F.);
#1988=ORIENTED_EDGE('',*,*,#2848,.F.);
#1989=ORIENTED_EDGE('',*,*,#2844,.F.);
#1990=ORIENTED_EDGE('',*,*,#2841,.F.);
#1991=ORIENTED_EDGE('',*,*,#2838,.F.);
#1992=ORIENTED_EDGE('',*,*,#2835,.F.);
#1993=ORIENTED_EDGE('',*,*,#2756,.T.);
#1994=EDGE_CURVE('',#2849,#2850,#3405,.T.);
#1995=EDGE_CURVE('',#2851,#2850,#107,.T.);
#1996=EDGE_CURVE('',#2852,#2851,#3406,.T.);
#1997=EDGE_CURVE('',#2852,#2849,#3407,.T.);
#1998=EDGE_CURVE('',#2853,#2854,#3408,.T.);
#1999=EDGE_CURVE('',#2855,#2853,#108,.T.);
#2000=EDGE_CURVE('',#2855,#2856,#3409,.T.);
#2001=EDGE_CURVE('',#2856,#2854,#3410,.T.);
#2002=EDGE_CURVE('',#2857,#2858,#3411,.T.);
#2003=EDGE_CURVE('',#2858,#2859,#109,.T.);
#2004=EDGE_CURVE('',#2860,#2859,#3412,.T.);
#2005=EDGE_CURVE('',#2860,#2857,#3413,.T.);
#2006=EDGE_CURVE('',#2861,#2862,#3414,.T.);
#2007=EDGE_CURVE('',#2861,#2863,#110,.T.);
#2008=EDGE_CURVE('',#2863,#2864,#3415,.T.);
#2009=EDGE_CURVE('',#2864,#2862,#3416,.T.);
#2010=EDGE_CURVE('',#2858,#2851,#3417,.T.);
#2011=EDGE_CURVE('',#2857,#2852,#3418,.T.);
#2012=EDGE_CURVE('',#2865,#2866,#3419,.T.);
#2013=EDGE_CURVE('',#2867,#2866,#111,.T.);
#2014=EDGE_CURVE('',#2868,#2867,#3420,.T.);
#2015=EDGE_CURVE('',#2868,#2865,#3421,.T.);
#2016=EDGE_CURVE('',#2869,#2870,#3422,.T.);
#2017=EDGE_CURVE('',#2871,#2869,#112,.T.);
#2018=EDGE_CURVE('',#2871,#2872,#3423,.T.);
#2019=EDGE_CURVE('',#2872,#2870,#3424,.T.);
#2020=EDGE_CURVE('',#2873,#2874,#3425,.T.);
#2021=EDGE_CURVE('',#2874,#2875,#113,.T.);
#2022=EDGE_CURVE('',#2876,#2875,#3426,.T.);
#2023=EDGE_CURVE('',#2876,#2873,#3427,.T.);
#2024=EDGE_CURVE('',#2877,#2878,#3428,.T.);
#2025=EDGE_CURVE('',#2877,#2879,#114,.T.);
#2026=EDGE_CURVE('',#2879,#2880,#3429,.T.);
#2027=EDGE_CURVE('',#2880,#2878,#3430,.T.);
#2028=EDGE_CURVE('',#2874,#2867,#3431,.T.);
#2029=EDGE_CURVE('',#2873,#2868,#3432,.T.);
#2030=EDGE_CURVE('',#2881,#2882,#115,.T.);
#2031=EDGE_CURVE('',#2883,#2881,#3433,.T.);
#2032=EDGE_CURVE('',#2883,#2884,#3434,.T.);
#2033=EDGE_CURVE('',#2884,#2882,#3435,.T.);
#2034=EDGE_CURVE('',#2885,#2886,#116,.T.);
#2035=EDGE_CURVE('',#2887,#2886,#3436,.T.);
#2036=EDGE_CURVE('',#2887,#2888,#3437,.T.);
#2037=EDGE_CURVE('',#2888,#2885,#3438,.T.);
#2038=EDGE_CURVE('',#2881,#2885,#3439,.T.);
#2039=EDGE_CURVE('',#2888,#2883,#3440,.T.);
#2040=EDGE_CURVE('',#2889,#2890,#3441,.T.);
#2041=EDGE_CURVE('',#2891,#2890,#3442,.T.);
#2042=EDGE_CURVE('',#2892,#2891,#3443,.T.);
#2043=EDGE_CURVE('',#2892,#2893,#3444,.T.);
#2044=EDGE_CURVE('',#2893,#2894,#3445,.T.);
#2045=EDGE_CURVE('',#2894,#2895,#3446,.T.);
#2046=EDGE_CURVE('',#2895,#2896,#3447,.T.);
#2047=EDGE_CURVE('',#2897,#2896,#117,.T.);
#2048=EDGE_CURVE('',#2897,#2898,#3448,.T.);
#2049=EDGE_CURVE('',#2898,#2899,#3449,.T.);
#2050=EDGE_CURVE('',#2899,#2900,#118,.T.);
#2051=EDGE_CURVE('',#2900,#2901,#3450,.T.);
#2052=EDGE_CURVE('',#2901,#2902,#119,.T.);
#2053=EDGE_CURVE('',#2902,#2903,#3451,.T.);
#2054=EDGE_CURVE('',#2903,#2904,#3452,.T.);
#2055=EDGE_CURVE('',#2905,#2904,#120,.T.);
#2056=EDGE_CURVE('',#2905,#2906,#3453,.T.);
#2057=EDGE_CURVE('',#2906,#2907,#3454,.T.);
#2058=EDGE_CURVE('',#2907,#2908,#3455,.T.);
#2059=EDGE_CURVE('',#2908,#2889,#3456,.T.);
#2060=EDGE_CURVE('',#2909,#2910,#121,.F.);
#2061=EDGE_CURVE('',#2911,#2909,#3457,.T.);
#2062=EDGE_CURVE('',#2912,#2911,#3458,.T.);
#2063=EDGE_CURVE('',#2913,#2912,#3459,.T.);
#2064=EDGE_CURVE('',#2913,#2914,#3460,.T.);
#2065=EDGE_CURVE('',#2914,#2910,#3461,.T.);
#2066=EDGE_CURVE('',#2915,#2916,#122,.F.);
#2067=EDGE_CURVE('',#2917,#2915,#3462,.T.);
#2068=EDGE_CURVE('',#2917,#2918,#3463,.T.);
#2069=EDGE_CURVE('',#2919,#2918,#3464,.T.);
#2070=EDGE_CURVE('',#2920,#2919,#3465,.T.);
#2071=EDGE_CURVE('',#2920,#2916,#3466,.T.);
#2072=EDGE_CURVE('',#2921,#2922,#123,.T.);
#2073=EDGE_CURVE('',#2923,#2922,#3467,.T.);
#2074=EDGE_CURVE('',#2923,#2924,#124,.T.);
#2075=EDGE_CURVE('',#2924,#2925,#3468,.T.);
#2076=EDGE_CURVE('',#2926,#2925,#125,.T.);
#2077=EDGE_CURVE('',#2926,#2927,#3469,.T.);
#2078=EDGE_CURVE('',#2927,#2928,#3470,.T.);
#2079=EDGE_CURVE('',#2928,#2929,#3471,.T.);
#2080=EDGE_CURVE('',#2930,#2929,#126,.T.);
#2081=EDGE_CURVE('',#2930,#2931,#3472,.T.);
#2082=EDGE_CURVE('',#2931,#2932,#127,.T.);
#2083=EDGE_CURVE('',#2932,#2933,#3473,.T.);
#2084=EDGE_CURVE('',#2933,#2934,#128,.T.);
#2085=EDGE_CURVE('',#2934,#2935,#3474,.T.);
#2086=EDGE_CURVE('',#2936,#2935,#129,.T.);
#2087=EDGE_CURVE('',#2936,#2937,#3475,.T.);
#2088=EDGE_CURVE('',#2937,#2938,#3476,.T.);
#2089=EDGE_CURVE('',#2938,#2939,#3477,.T.);
#2090=EDGE_CURVE('',#2940,#2939,#130,.T.);
#2091=EDGE_CURVE('',#2940,#2941,#3478,.T.);
#2092=EDGE_CURVE('',#2942,#2941,#131,.T.);
#2093=EDGE_CURVE('',#2942,#2943,#3479,.T.);
#2094=EDGE_CURVE('',#2943,#2944,#3480,.T.);
#2095=EDGE_CURVE('',#2944,#2921,#3481,.T.);
#2096=EDGE_CURVE('',#2945,#2946,#3482,.T.);
#2097=EDGE_CURVE('',#2946,#2947,#132,.T.);
#2098=EDGE_CURVE('',#2947,#2948,#3483,.T.);
#2099=EDGE_CURVE('',#2948,#2949,#133,.T.);
#2100=EDGE_CURVE('',#2950,#2949,#3484,.T.);
#2101=EDGE_CURVE('',#2950,#2951,#3485,.T.);
#2102=EDGE_CURVE('',#2951,#2952,#3486,.T.);
#2103=EDGE_CURVE('',#2952,#2953,#3487,.T.);
#2104=EDGE_CURVE('',#2953,#2954,#3488,.T.);
#2105=EDGE_CURVE('',#2954,#2955,#3489,.T.);
#2106=EDGE_CURVE('',#2955,#2956,#3490,.T.);
#2107=EDGE_CURVE('',#2956,#2945,#3491,.T.);
#2108=EDGE_CURVE('',#2957,#2958,#3492,.T.);
#2109=EDGE_CURVE('',#2957,#2959,#3493,.T.);
#2110=EDGE_CURVE('',#2960,#2959,#134,.T.);
#2111=EDGE_CURVE('',#2961,#2960,#3494,.T.);
#2112=EDGE_CURVE('',#2962,#2961,#3495,.T.);
#2113=EDGE_CURVE('',#2962,#2958,#3496,.T.);
#2114=EDGE_CURVE('',#2917,#2963,#135,.T.);
#2115=EDGE_CURVE('',#2964,#2963,#136,.T.);
#2116=EDGE_CURVE('',#2965,#2964,#3497,.T.);
#2117=EDGE_CURVE('',#2966,#2965,#3498,.T.);
#2118=EDGE_CURVE('',#2967,#2966,#3499,.T.);
#2119=EDGE_CURVE('',#2968,#2967,#3500,.T.);
#2120=EDGE_CURVE('',#2968,#2969,#3501,.T.);
#2121=EDGE_CURVE('',#2970,#2969,#3502,.T.);
#2122=EDGE_CURVE('',#2971,#2970,#3503,.T.);
#2123=EDGE_CURVE('',#2972,#2971,#3504,.T.);
#2124=EDGE_CURVE('',#2972,#2973,#137,.T.);
#2125=EDGE_CURVE('',#2974,#2973,#3505,.T.);
#2126=EDGE_CURVE('',#2974,#2975,#138,.T.);
#2127=EDGE_CURVE('',#2975,#2976,#3506,.T.);
#2128=EDGE_CURVE('',#2977,#2976,#3507,.T.);
#2129=EDGE_CURVE('',#2978,#2977,#3508,.T.);
#2130=EDGE_CURVE('',#2979,#2978,#3509,.T.);
#2131=EDGE_CURVE('',#2980,#2979,#3510,.T.);
#2132=EDGE_CURVE('',#2981,#2980,#139,.T.);
#2133=EDGE_CURVE('',#2981,#2982,#140,.T.);
#2134=EDGE_CURVE('',#2982,#2983,#3511,.T.);
#2135=EDGE_CURVE('',#2984,#2983,#3512,.T.);
#2136=EDGE_CURVE('',#2984,#2985,#3513,.T.);
#2137=EDGE_CURVE('',#2985,#2986,#141,.T.);
#2138=EDGE_CURVE('',#2987,#2986,#142,.T.);
#2139=EDGE_CURVE('',#2988,#2987,#3514,.T.);
#2140=EDGE_CURVE('',#2988,#2989,#3515,.T.);
#2141=EDGE_CURVE('',#2990,#2989,#3516,.T.);
#2142=EDGE_CURVE('',#2991,#2990,#3517,.T.);
#2143=EDGE_CURVE('',#2992,#2991,#3518,.T.);
#2144=EDGE_CURVE('',#2993,#2992,#3519,.T.);
#2145=EDGE_CURVE('',#2993,#2994,#3520,.T.);
#2146=EDGE_CURVE('',#2995,#2994,#3521,.T.);
#2147=EDGE_CURVE('',#2996,#2995,#3522,.T.);
#2148=EDGE_CURVE('',#2996,#2997,#3523,.T.);
#2149=EDGE_CURVE('',#2998,#2997,#3524,.T.);
#2150=EDGE_CURVE('',#2999,#2998,#143,.T.);
#2151=EDGE_CURVE('',#2999,#2914,#144,.T.);
#2152=EDGE_CURVE('',#2913,#2918,#3525,.T.);
#2153=EDGE_CURVE('',#3000,#3001,#3526,.T.);
#2154=EDGE_CURVE('',#3001,#3002,#3527,.T.);
#2155=EDGE_CURVE('',#3003,#3002,#3528,.T.);
#2156=EDGE_CURVE('',#3003,#3000,#3529,.T.);
#2157=EDGE_CURVE('',#2962,#3004,#3530,.T.);
#2158=EDGE_CURVE('',#3004,#3005,#3531,.T.);
#2159=EDGE_CURVE('',#2958,#3005,#3532,.T.);
#2160=EDGE_CURVE('',#3006,#2905,#3533,.T.);
#2161=EDGE_CURVE('',#3006,#3007,#3534,.T.);
#2162=EDGE_CURVE('',#2979,#3007,#3535,.T.);
#2163=EDGE_CURVE('',#3008,#2978,#3536,.T.);
#2164=EDGE_CURVE('',#3009,#3008,#3537,.T.);
#2165=EDGE_CURVE('',#3010,#3009,#3538,.T.);
#2166=EDGE_CURVE('',#3010,#2906,#3539,.T.);
#2167=EDGE_CURVE('',#3011,#2896,#3540,.T.);
#2168=EDGE_CURVE('',#2895,#3012,#3541,.T.);
#2169=EDGE_CURVE('',#3013,#3012,#3542,.T.);
#2170=EDGE_CURVE('',#3013,#3014,#3543,.T.);
#2171=EDGE_CURVE('',#2989,#3014,#3544,.T.);
#2172=EDGE_CURVE('',#3015,#2988,#3545,.T.);
#2173=EDGE_CURVE('',#3015,#3011,#3546,.T.);
#2174=EDGE_CURVE('',#3016,#3017,#145,.T.);
#2175=EDGE_CURVE('',#3016,#3018,#3547,.T.);
#2176=EDGE_CURVE('',#3018,#3019,#3548,.T.);
#2177=EDGE_CURVE('',#3019,#3020,#3549,.T.);
#2178=EDGE_CURVE('',#3020,#3021,#3550,.T.);
#2179=EDGE_CURVE('',#3021,#3022,#3551,.T.);
#2180=EDGE_CURVE('',#3022,#3023,#3552,.T.);
#2181=EDGE_CURVE('',#3023,#3024,#3553,.T.);
#2182=EDGE_CURVE('',#3024,#3025,#3554,.T.);
#2183=EDGE_CURVE('',#3026,#3025,#3555,.T.);
#2184=EDGE_CURVE('',#3027,#3026,#146,.T.);
#2185=EDGE_CURVE('',#3017,#3027,#3556,.T.);
#2186=EDGE_CURVE('',#3028,#3029,#3557,.T.);
#2187=EDGE_CURVE('',#3028,#3030,#147,.T.);
#2188=EDGE_CURVE('',#3030,#3013,#3558,.T.);
#2189=EDGE_CURVE('',#3031,#3012,#3559,.T.);
#2190=EDGE_CURVE('',#3031,#3029,#3560,.T.);
#2191=EDGE_CURVE('',#3032,#2961,#3561,.T.);
#2192=EDGE_CURVE('',#2960,#3033,#3562,.T.);
#2193=EDGE_CURVE('',#3033,#3034,#3563,.T.);
#2194=EDGE_CURVE('',#3035,#3034,#3564,.T.);
#2195=EDGE_CURVE('',#3035,#3036,#3565,.T.);
#2196=EDGE_CURVE('',#3036,#3037,#3566,.T.);
#2197=EDGE_CURVE('',#3038,#3037,#3567,.T.);
#2198=EDGE_CURVE('',#3038,#3039,#3568,.T.);
#2199=EDGE_CURVE('',#3039,#3040,#3569,.T.);
#2200=EDGE_CURVE('',#3040,#3041,#3570,.T.);
#2201=EDGE_CURVE('',#3041,#3014,#3571,.T.);
#2202=EDGE_CURVE('',#3042,#3030,#3572,.T.);
#2203=EDGE_CURVE('',#3009,#3042,#3573,.T.);
#2204=EDGE_CURVE('',#3008,#3043,#3574,.T.);
#2205=EDGE_CURVE('',#3043,#3044,#3575,.T.);
#2206=EDGE_CURVE('',#3045,#3044,#3576,.T.);
#2207=EDGE_CURVE('',#3046,#3045,#3577,.T.);
#2208=EDGE_CURVE('',#3046,#3047,#3578,.T.);
#2209=EDGE_CURVE('',#3047,#3048,#3579,.T.);
#2210=EDGE_CURVE('',#3048,#3032,#3580,.T.);
#2211=EDGE_CURVE('',#2894,#3031,#3581,.T.);
#2212=EDGE_CURVE('',#3049,#3050,#3582,.T.);
#2213=EDGE_CURVE('',#2980,#3049,#148,.T.);
#2214=EDGE_CURVE('',#3051,#2980,#3583,.T.);
#2215=EDGE_CURVE('',#3051,#3052,#3584,.T.);
#2216=EDGE_CURVE('',#3052,#3053,#3585,.T.);
#2217=EDGE_CURVE('',#3054,#3053,#3586,.T.);
#2218=EDGE_CURVE('',#3055,#3054,#3587,.T.);
#2219=EDGE_CURVE('',#3055,#3050,#149,.T.);
#2220=EDGE_CURVE('',#3056,#2993,#150,.F.);
#2221=EDGE_CURVE('',#2992,#3057,#151,.F.);
#2222=EDGE_CURVE('',#3058,#3057,#3588,.T.);
#2223=EDGE_CURVE('',#3039,#3058,#152,.F.);
#2224=EDGE_CURVE('',#3059,#3038,#153,.F.);
#2225=EDGE_CURVE('',#3056,#3059,#3589,.T.);
#2226=EDGE_CURVE('',#3018,#2887,#3590,.T.);
#2227=EDGE_CURVE('',#3016,#2899,#3591,.T.);
#2228=EDGE_CURVE('',#3029,#2898,#3592,.T.);
#2229=EDGE_CURVE('',#3060,#2893,#3593,.T.);
#2230=EDGE_CURVE('',#3060,#3061,#3594,.T.);
#2231=EDGE_CURVE('',#3062,#3061,#3595,.T.);
#2232=EDGE_CURVE('',#3063,#3062,#3596,.T.);
#2233=EDGE_CURVE('',#3063,#2928,#3597,.T.);
#2234=EDGE_CURVE('',#3064,#2927,#3598,.T.);
#2235=EDGE_CURVE('',#3065,#3064,#3599,.T.);
#2236=EDGE_CURVE('',#3066,#3065,#3600,.T.);
#2237=EDGE_CURVE('',#3066,#3067,#3601,.T.);
#2238=EDGE_CURVE('',#3068,#3067,#3602,.T.);
#2239=EDGE_CURVE('',#3068,#3000,#3603,.T.);
#2240=EDGE_CURVE('',#3069,#3003,#3604,.T.);
#2241=EDGE_CURVE('',#3069,#3070,#3605,.T.);
#2242=EDGE_CURVE('',#3070,#3071,#3606,.T.);
#2243=EDGE_CURVE('',#2946,#3071,#3607,.T.);
#2244=EDGE_CURVE('',#2849,#2945,#3608,.T.);
#2245=EDGE_CURVE('',#2865,#2860,#3609,.T.);
#2246=EDGE_CURVE('',#2884,#2876,#3610,.T.);
#2247=EDGE_CURVE('',#2875,#3072,#3611,.T.);
#2248=EDGE_CURVE('',#3073,#3072,#3612,.T.);
#2249=EDGE_CURVE('',#2882,#3073,#3613,.T.);
#2250=EDGE_CURVE('',#2886,#3074,#3614,.T.);
#2251=EDGE_CURVE('',#3019,#3074,#3615,.T.);
#2252=EDGE_CURVE('',#3075,#3076,#3616,.T.);
#2253=EDGE_CURVE('',#3075,#3077,#3617,.T.);
#2254=EDGE_CURVE('',#3077,#2877,#3618,.T.);
#2255=EDGE_CURVE('',#3078,#2878,#3619,.T.);
#2256=EDGE_CURVE('',#3076,#3078,#3620,.T.);
#2257=EDGE_CURVE('',#3079,#3080,#3621,.T.);
#2258=EDGE_CURVE('',#3080,#3081,#3622,.T.);
#2259=EDGE_CURVE('',#3025,#3081,#3623,.T.);
#2260=EDGE_CURVE('',#3024,#3079,#3624,.T.);
#2261=EDGE_CURVE('',#3078,#3082,#3625,.T.);
#2262=EDGE_CURVE('',#2870,#2880,#3626,.T.);
#2263=EDGE_CURVE('',#2872,#2862,#3627,.T.);
#2264=EDGE_CURVE('',#2854,#2864,#3628,.T.);
#2265=EDGE_CURVE('',#2856,#2950,#3629,.T.);
#2266=EDGE_CURVE('',#2949,#3083,#3630,.T.);
#2267=EDGE_CURVE('',#3083,#3084,#3631,.T.);
#2268=EDGE_CURVE('',#2957,#3084,#3632,.T.);
#2269=EDGE_CURVE('',#3005,#3085,#3633,.T.);
#2270=EDGE_CURVE('',#3085,#3086,#3634,.T.);
#2271=EDGE_CURVE('',#3087,#3086,#3635,.T.);
#2272=EDGE_CURVE('',#3087,#3088,#3636,.T.);
#2273=EDGE_CURVE('',#3088,#3046,#154,.T.);
#2274=EDGE_CURVE('',#3045,#3089,#155,.T.);
#2275=EDGE_CURVE('',#3089,#3090,#3637,.T.);
#2276=EDGE_CURVE('',#3091,#3090,#156,.T.);
#2277=EDGE_CURVE('',#3091,#3092,#3638,.T.);
#2278=EDGE_CURVE('',#3092,#2938,#3639,.T.);
#2279=EDGE_CURVE('',#3054,#2937,#3640,.T.);
#2280=EDGE_CURVE('',#3053,#3093,#3641,.T.);
#2281=EDGE_CURVE('',#3094,#3093,#3642,.T.);
#2282=EDGE_CURVE('',#3094,#2908,#3643,.T.);
#2283=EDGE_CURVE('',#2907,#3095,#3644,.T.);
#2284=EDGE_CURVE('',#3095,#3096,#3645,.T.);
#2285=EDGE_CURVE('',#3096,#2903,#3646,.T.);
#2286=EDGE_CURVE('',#3026,#2902,#3647,.T.);
#2287=EDGE_CURVE('',#3097,#3081,#3648,.T.);
#2288=EDGE_CURVE('',#3082,#3097,#3649,.T.);
#2289=EDGE_CURVE('',#2859,#3098,#3650,.T.);
#2290=EDGE_CURVE('',#3099,#3098,#3651,.T.);
#2291=EDGE_CURVE('',#2866,#3099,#3652,.T.);
#2292=EDGE_CURVE('',#3100,#2871,#3653,.T.);
#2293=EDGE_CURVE('',#3100,#3101,#3654,.T.);
#2294=EDGE_CURVE('',#3101,#2861,#3655,.T.);
#2295=EDGE_CURVE('',#3102,#2956,#3656,.T.);
#2296=EDGE_CURVE('',#2850,#3102,#3657,.T.);
#2297=EDGE_CURVE('',#3103,#2855,#3658,.T.);
#2298=EDGE_CURVE('',#3103,#2951,#3659,.T.);
#2299=EDGE_CURVE('',#3104,#3105,#3660,.T.);
#2300=EDGE_CURVE('',#3104,#3106,#3661,.T.);
#2301=EDGE_CURVE('',#3107,#3106,#3662,.T.);
#2302=EDGE_CURVE('',#3105,#3107,#3663,.T.);
#2303=EDGE_CURVE('',#3105,#3066,#3664,.T.);
#2304=EDGE_CURVE('',#3067,#3107,#3665,.T.);
#2305=EDGE_CURVE('',#3108,#2964,#157,.T.);
#2306=EDGE_CURVE('',#2969,#3108,#3666,.T.);
#2307=EDGE_CURVE('',#2969,#3109,#3667,.T.);
#2308=EDGE_CURVE('',#3109,#3110,#3668,.T.);
#2309=EDGE_CURVE('',#2964,#3110,#3669,.T.);
#2310=EDGE_CURVE('',#2968,#3111,#3670,.T.);
#2311=EDGE_CURVE('',#2967,#3048,#3671,.T.);
#2312=EDGE_CURVE('',#3111,#3047,#158,.T.);
#2313=EDGE_CURVE('',#3112,#3113,#3672,.T.);
#2314=EDGE_CURVE('',#2998,#3112,#159,.T.);
#2315=EDGE_CURVE('',#3106,#2998,#3673,.T.);
#2316=EDGE_CURVE('',#3065,#3104,#3674,.T.);
#2317=EDGE_CURVE('',#3114,#3064,#3675,.T.);
#2318=EDGE_CURVE('',#3114,#3113,#160,.T.);
#2319=EDGE_CURVE('',#3040,#3115,#161,.F.);
#2320=EDGE_CURVE('',#3115,#3116,#3676,.T.);
#2321=EDGE_CURVE('',#2991,#3116,#162,.F.);
#2322=EDGE_CURVE('',#2990,#3041,#3677,.T.);
#2323=EDGE_CURVE('',#2975,#3117,#163,.T.);
#2324=EDGE_CURVE('',#3092,#3117,#3678,.T.);
#2325=EDGE_CURVE('',#3091,#2975,#3679,.T.);
#2326=EDGE_CURVE('',#3118,#2919,#3680,.T.);
#2327=EDGE_CURVE('',#3118,#3119,#3681,.T.);
#2328=EDGE_CURVE('',#3119,#3004,#3682,.T.);
#2329=EDGE_CURVE('',#2966,#3032,#3683,.T.);
#2330=EDGE_CURVE('',#2919,#2965,#3684,.T.);
#2331=EDGE_CURVE('',#3001,#3120,#3685,.T.);
#2332=EDGE_CURVE('',#3121,#3120,#3686,.T.);
#2333=EDGE_CURVE('',#2912,#3121,#3687,.T.);
#2334=EDGE_CURVE('',#2997,#2912,#3688,.T.);
#2335=EDGE_CURVE('',#3035,#2996,#3689,.T.);
#2336=EDGE_CURVE('',#3034,#3002,#3690,.T.);
#2337=EDGE_CURVE('',#3122,#3123,#164,.T.);
#2338=EDGE_CURVE('',#3063,#3123,#3691,.T.);
#2339=EDGE_CURVE('',#3062,#3124,#3692,.T.);
#2340=EDGE_CURVE('',#3125,#3124,#3693,.T.);
#2341=EDGE_CURVE('',#2987,#3125,#3694,.T.);
#2342=EDGE_CURVE('',#3126,#2987,#165,.T.);
#2343=EDGE_CURVE('',#3122,#3126,#3695,.T.);
#2344=EDGE_CURVE('',#3020,#2955,#3696,.T.);
#2345=EDGE_CURVE('',#3073,#3074,#3697,.T.);
#2346=EDGE_CURVE('',#3099,#3072,#3698,.T.);
#2347=EDGE_CURVE('',#3102,#3098,#3699,.T.);
#2348=EDGE_CURVE('',#3021,#2954,#3700,.T.);
#2349=EDGE_CURVE('',#3127,#3127,#166,.T.);
#2350=EDGE_CURVE('',#3128,#3128,#167,.T.);
#2351=EDGE_CURVE('',#3129,#3130,#3701,.T.);
#2352=EDGE_CURVE('',#3130,#3131,#168,.T.);
#2353=EDGE_CURVE('',#3131,#3132,#3702,.T.);
#2354=EDGE_CURVE('',#3132,#3133,#169,.T.);
#2355=EDGE_CURVE('',#3133,#3134,#3703,.T.);
#2356=EDGE_CURVE('',#3134,#3135,#170,.T.);
#2357=EDGE_CURVE('',#3135,#3136,#3704,.T.);
#2358=EDGE_CURVE('',#3136,#3129,#171,.T.);
#2359=EDGE_CURVE('',#3137,#3138,#3705,.T.);
#2360=EDGE_CURVE('',#3138,#3139,#172,.T.);
#2361=EDGE_CURVE('',#3139,#3140,#3706,.T.);
#2362=EDGE_CURVE('',#3140,#3141,#173,.T.);
#2363=EDGE_CURVE('',#3141,#3142,#3707,.T.);
#2364=EDGE_CURVE('',#3142,#3143,#174,.T.);
#2365=EDGE_CURVE('',#3143,#3144,#3708,.T.);
#2366=EDGE_CURVE('',#3144,#3137,#175,.T.);
#2367=EDGE_CURVE('',#3145,#3146,#3709,.T.);
#2368=EDGE_CURVE('',#3146,#3147,#176,.T.);
#2369=EDGE_CURVE('',#3147,#3148,#3710,.T.);
#2370=EDGE_CURVE('',#3148,#3149,#177,.T.);
#2371=EDGE_CURVE('',#3149,#3150,#3711,.T.);
#2372=EDGE_CURVE('',#3150,#3151,#178,.T.);
#2373=EDGE_CURVE('',#3151,#3152,#3712,.T.);
#2374=EDGE_CURVE('',#3152,#3145,#179,.T.);
#2375=EDGE_CURVE('',#3153,#3154,#3713,.T.);
#2376=EDGE_CURVE('',#3154,#3155,#180,.T.);
#2377=EDGE_CURVE('',#3155,#3156,#3714,.T.);
#2378=EDGE_CURVE('',#3156,#3157,#181,.T.);
#2379=EDGE_CURVE('',#3157,#3158,#3715,.T.);
#2380=EDGE_CURVE('',#3158,#3159,#182,.T.);
#2381=EDGE_CURVE('',#3159,#3160,#3716,.T.);
#2382=EDGE_CURVE('',#3160,#3153,#183,.T.);
#2383=EDGE_CURVE('',#3022,#2953,#3717,.T.);
#2384=EDGE_CURVE('',#3023,#2952,#3718,.T.);
#2385=EDGE_CURVE('',#3101,#3103,#3719,.T.);
#2386=EDGE_CURVE('',#3077,#3100,#3720,.T.);
#2387=EDGE_CURVE('',#3079,#3075,#3721,.T.);
#2388=EDGE_CURVE('',#3161,#3162,#3722,.T.);
#2389=EDGE_CURVE('',#3087,#3161,#3723,.T.);
#2390=EDGE_CURVE('',#3162,#3086,#3724,.T.);
#2391=EDGE_CURVE('',#3163,#3093,#3725,.T.);
#2392=EDGE_CURVE('',#3164,#3163,#3726,.T.);
#2393=EDGE_CURVE('',#3094,#3164,#3727,.T.);
#2394=EDGE_CURVE('',#3109,#3161,#3728,.T.);
#2395=EDGE_CURVE('',#3110,#3162,#3729,.T.);
#2396=EDGE_CURVE('',#3052,#3163,#3730,.T.);
#2397=EDGE_CURVE('',#3164,#3051,#3731,.T.);
#2398=EDGE_CURVE('',#3165,#3124,#3732,.T.);
#2399=EDGE_CURVE('',#3166,#3165,#3733,.T.);
#2400=EDGE_CURVE('',#3125,#3166,#3734,.T.);
#2401=EDGE_CURVE('',#3061,#3165,#3735,.T.);
#2402=EDGE_CURVE('',#3166,#3060,#3736,.T.);
#2403=EDGE_CURVE('',#2911,#3068,#3737,.T.);
#2404=EDGE_CURVE('',#3085,#2920,#3738,.T.);
#2405=EDGE_CURVE('',#3167,#3033,#184,.T.);
#2406=EDGE_CURVE('',#3167,#3069,#3739,.T.);
#2407=EDGE_CURVE('',#3010,#3095,#3740,.T.);
#2408=EDGE_CURVE('',#3096,#3168,#3741,.T.);
#2409=EDGE_CURVE('',#3042,#3168,#185,.T.);
#2410=EDGE_CURVE('',#2892,#3015,#3742,.T.);
#2411=EDGE_CURVE('',#2889,#3007,#3743,.T.);
#2412=EDGE_CURVE('',#3169,#2994,#186,.F.);
#2413=EDGE_CURVE('',#3169,#3170,#3744,.T.);
#2414=EDGE_CURVE('',#3170,#3037,#187,.F.);
#2415=EDGE_CURVE('',#2995,#3036,#3745,.T.);
#2416=EDGE_CURVE('',#3044,#3171,#188,.T.);
#2417=EDGE_CURVE('',#2977,#3043,#3746,.T.);
#2418=EDGE_CURVE('',#2976,#3172,#189,.T.);
#2419=EDGE_CURVE('',#3171,#3172,#3747,.T.);
#2420=EDGE_CURVE('',#3056,#3169,#3748,.T.);
#2421=EDGE_CURVE('',#3059,#3170,#3749,.T.);
#2422=EDGE_CURVE('',#3058,#3115,#3750,.T.);
#2423=EDGE_CURVE('',#3057,#3116,#3751,.T.);
#2424=EDGE_CURVE('',#3088,#3111,#3752,.T.);
#2425=EDGE_CURVE('',#3089,#3171,#3753,.T.);
#2426=EDGE_CURVE('',#3090,#3172,#3754,.T.);
#2427=EDGE_CURVE('',#2863,#2853,#3755,.T.);
#2428=EDGE_CURVE('',#2879,#2869,#3756,.T.);
#2429=EDGE_CURVE('',#3076,#3173,#190,.T.);
#2430=EDGE_CURVE('',#3173,#3082,#3757,.T.);
#2431=EDGE_CURVE('',#3080,#3174,#191,.T.);
#2432=EDGE_CURVE('',#3174,#3097,#3758,.T.);
#2433=EDGE_CURVE('',#3173,#3174,#3759,.T.);
#2434=EDGE_CURVE('',#3175,#3154,#3760,.T.);
#2435=EDGE_CURVE('',#3175,#3176,#192,.T.);
#2436=EDGE_CURVE('',#3176,#3155,#3761,.T.);
#2437=EDGE_CURVE('',#3176,#3177,#3762,.T.);
#2438=EDGE_CURVE('',#3177,#3156,#3763,.T.);
#2439=EDGE_CURVE('',#3177,#3178,#193,.T.);
#2440=EDGE_CURVE('',#3178,#3157,#3764,.T.);
#2441=EDGE_CURVE('',#3178,#3179,#3765,.T.);
#2442=EDGE_CURVE('',#3179,#3158,#3766,.T.);
#2443=EDGE_CURVE('',#3179,#3180,#194,.T.);
#2444=EDGE_CURVE('',#3180,#3159,#3767,.T.);
#2445=EDGE_CURVE('',#3180,#3181,#3768,.T.);
#2446=EDGE_CURVE('',#3181,#3160,#3769,.T.);
#2447=EDGE_CURVE('',#3181,#3182,#195,.T.);
#2448=EDGE_CURVE('',#3182,#3153,#3770,.T.);
#2449=EDGE_CURVE('',#3182,#3175,#3771,.T.);
#2450=EDGE_CURVE('',#3183,#3146,#3772,.T.);
#2451=EDGE_CURVE('',#3183,#3184,#196,.T.);
#2452=EDGE_CURVE('',#3184,#3147,#3773,.T.);
#2453=EDGE_CURVE('',#3184,#3185,#3774,.T.);
#2454=EDGE_CURVE('',#3185,#3148,#3775,.T.);
#2455=EDGE_CURVE('',#3185,#3186,#197,.T.);
#2456=EDGE_CURVE('',#3186,#3149,#3776,.T.);
#2457=EDGE_CURVE('',#3186,#3187,#3777,.T.);
#2458=EDGE_CURVE('',#3187,#3150,#3778,.T.);
#2459=EDGE_CURVE('',#3187,#3188,#198,.T.);
#2460=EDGE_CURVE('',#3188,#3151,#3779,.T.);
#2461=EDGE_CURVE('',#3188,#3189,#3780,.T.);
#2462=EDGE_CURVE('',#3189,#3152,#3781,.T.);
#2463=EDGE_CURVE('',#3189,#3190,#199,.T.);
#2464=EDGE_CURVE('',#3190,#3145,#3782,.T.);
#2465=EDGE_CURVE('',#3190,#3183,#3783,.T.);
#2466=EDGE_CURVE('',#3191,#3138,#3784,.T.);
#2467=EDGE_CURVE('',#3191,#3192,#200,.T.);
#2468=EDGE_CURVE('',#3192,#3139,#3785,.T.);
#2469=EDGE_CURVE('',#3192,#3193,#3786,.T.);
#2470=EDGE_CURVE('',#3193,#3140,#3787,.T.);
#2471=EDGE_CURVE('',#3193,#3194,#201,.T.);
#2472=EDGE_CURVE('',#3194,#3141,#3788,.T.);
#2473=EDGE_CURVE('',#3194,#3195,#3789,.T.);
#2474=EDGE_CURVE('',#3195,#3142,#3790,.T.);
#2475=EDGE_CURVE('',#3195,#3196,#202,.T.);
#2476=EDGE_CURVE('',#3196,#3143,#3791,.T.);
#2477=EDGE_CURVE('',#3196,#3197,#3792,.T.);
#2478=EDGE_CURVE('',#3197,#3144,#3793,.T.);
#2479=EDGE_CURVE('',#3197,#3198,#203,.T.);
#2480=EDGE_CURVE('',#3198,#3137,#3794,.T.);
#2481=EDGE_CURVE('',#3198,#3191,#3795,.T.);
#2482=EDGE_CURVE('',#3199,#3130,#3796,.T.);
#2483=EDGE_CURVE('',#3199,#3200,#204,.T.);
#2484=EDGE_CURVE('',#3200,#3131,#3797,.T.);
#2485=EDGE_CURVE('',#3200,#3201,#3798,.T.);
#2486=EDGE_CURVE('',#3201,#3132,#3799,.T.);
#2487=EDGE_CURVE('',#3201,#3202,#205,.T.);
#2488=EDGE_CURVE('',#3202,#3133,#3800,.T.);
#2489=EDGE_CURVE('',#3202,#3203,#3801,.T.);
#2490=EDGE_CURVE('',#3203,#3134,#3802,.T.);
#2491=EDGE_CURVE('',#3203,#3204,#206,.T.);
#2492=EDGE_CURVE('',#3204,#3135,#3803,.T.);
#2493=EDGE_CURVE('',#3204,#3205,#3804,.T.);
#2494=EDGE_CURVE('',#3205,#3136,#3805,.T.);
#2495=EDGE_CURVE('',#3205,#3206,#207,.T.);
#2496=EDGE_CURVE('',#3206,#3129,#3806,.T.);
#2497=EDGE_CURVE('',#3206,#3199,#3807,.T.);
#2498=EDGE_CURVE('',#3207,#3207,#208,.T.);
#2499=EDGE_CURVE('',#3208,#3208,#209,.T.);
#2500=EDGE_CURVE('',#2909,#2916,#3808,.T.);
#2501=EDGE_CURVE('',#3119,#3209,#210,.T.);
#2502=EDGE_CURVE('',#3084,#3209,#3809,.T.);
#2503=EDGE_CURVE('',#3210,#3083,#211,.T.);
#2504=EDGE_CURVE('',#3211,#3210,#3810,.T.);
#2505=EDGE_CURVE('',#3071,#3211,#212,.T.);
#2506=EDGE_CURVE('',#3212,#3070,#3811,.T.);
#2507=EDGE_CURVE('',#3212,#3120,#213,.T.);
#2508=EDGE_CURVE('',#2999,#2923,#3812,.T.);
#2509=EDGE_CURVE('',#2923,#2910,#23,.T.);
#2510=EDGE_CURVE('',#3112,#2924,#3813,.T.);
#2511=EDGE_CURVE('',#3113,#2925,#3814,.T.);
#2512=EDGE_CURVE('',#3114,#2926,#3815,.T.);
#2513=EDGE_CURVE('',#3123,#2929,#3816,.T.);
#2514=EDGE_CURVE('',#3122,#2930,#3817,.T.);
#2515=EDGE_CURVE('',#3126,#2931,#3818,.T.);
#2516=EDGE_CURVE('',#2986,#2932,#3819,.T.);
#2517=EDGE_CURVE('',#2985,#3213,#3820,.T.);
#2518=EDGE_CURVE('',#3213,#2932,#24,.T.);
#2519=EDGE_CURVE('',#3213,#2891,#214,.F.);
#2520=EDGE_CURVE('',#2984,#3015,#3821,.T.);
#2521=EDGE_CURVE('',#2890,#3214,#215,.F.);
#2522=EDGE_CURVE('',#3007,#2983,#3822,.T.);
#2523=EDGE_CURVE('',#2982,#3214,#3823,.T.);
#2524=EDGE_CURVE('',#2981,#2933,#3824,.T.);
#2525=EDGE_CURVE('',#2933,#3214,#25,.T.);
#2526=EDGE_CURVE('',#3049,#2934,#3825,.T.);
#2527=EDGE_CURVE('',#3050,#2935,#3826,.T.);
#2528=EDGE_CURVE('',#3055,#2936,#3827,.T.);
#2529=EDGE_CURVE('',#3117,#2939,#3828,.T.);
#2530=EDGE_CURVE('',#2974,#2940,#3829,.T.);
#2531=EDGE_CURVE('',#2973,#2941,#3830,.T.);
#2532=EDGE_CURVE('',#2972,#2942,#3831,.T.);
#2533=EDGE_CURVE('',#3215,#2943,#216,.T.);
#2534=EDGE_CURVE('',#3216,#3215,#3832,.T.);
#2535=EDGE_CURVE('',#3216,#2971,#217,.T.);
#2536=EDGE_CURVE('',#2970,#2944,#3833,.T.);
#2537=EDGE_CURVE('',#3108,#2921,#3834,.T.);
#2538=EDGE_CURVE('',#2963,#2922,#3835,.T.);
#2539=EDGE_CURVE('',#2915,#2922,#26,.T.);
#2540=EDGE_CURVE('',#3006,#3042,#218,.T.);
#2541=EDGE_CURVE('',#3030,#3011,#219,.T.);
#2542=EDGE_CURVE('',#3017,#2900,#3836,.T.);
#2543=EDGE_CURVE('',#3027,#2901,#3837,.T.);
#2544=EDGE_CURVE('',#3168,#2904,#3838,.T.);
#2545=EDGE_CURVE('',#3028,#2897,#3839,.T.);
#2546=EDGE_CURVE('',#3118,#2960,#220,.T.);
#2547=EDGE_CURVE('',#3033,#3121,#221,.T.);
#2548=EDGE_CURVE('',#2947,#3211,#3840,.T.);
#2549=EDGE_CURVE('',#2948,#3210,#3841,.T.);
#2550=EDGE_CURVE('',#2959,#3209,#3842,.T.);
#2551=EDGE_CURVE('',#3167,#3212,#3843,.T.);
#2552=EDGE_CURVE('',#3217,#2972,#222,.T.);
#2553=EDGE_CURVE('',#3216,#3217,#3844,.T.);
#2554=EDGE_CURVE('',#3218,#2942,#223,.T.);
#2555=EDGE_CURVE('',#3215,#3218,#3845,.T.);
#2556=EDGE_CURVE('',#3217,#3219,#3846,.T.);
#2557=EDGE_CURVE('',#3219,#3220,#3847,.T.);
#2558=EDGE_CURVE('',#3218,#3220,#3848,.T.);
#2559=EDGE_CURVE('',#3221,#3222,#3849,.T.);
#2560=EDGE_CURVE('',#3223,#3221,#3850,.T.);
#2561=EDGE_CURVE('',#3223,#3224,#3851,.T.);
#2562=EDGE_CURVE('',#3225,#3224,#224,.T.);
#2563=EDGE_CURVE('',#3225,#3226,#3852,.T.);
#2564=EDGE_CURVE('',#3226,#3227,#225,.T.);
#2565=EDGE_CURVE('',#3227,#3228,#3853,.T.);
#2566=EDGE_CURVE('',#3228,#3229,#3854,.T.);
#2567=EDGE_CURVE('',#3229,#3230,#3855,.T.);
#2568=EDGE_CURVE('',#3231,#3230,#226,.T.);
#2569=EDGE_CURVE('',#3231,#3232,#3856,.T.);
#2570=EDGE_CURVE('',#3232,#3222,#227,.T.);
#2571=EDGE_CURVE('',#3233,#3234,#3857,.T.);
#2572=EDGE_CURVE('',#3235,#3233,#228,.T.);
#2573=EDGE_CURVE('',#3236,#3235,#3858,.T.);
#2574=EDGE_CURVE('',#3236,#3237,#229,.T.);
#2575=EDGE_CURVE('',#3238,#3237,#3859,.T.);
#2576=EDGE_CURVE('',#3239,#3238,#3860,.T.);
#2577=EDGE_CURVE('',#3240,#3239,#3861,.T.);
#2578=EDGE_CURVE('',#3241,#3240,#230,.T.);
#2579=EDGE_CURVE('',#3242,#3241,#3862,.T.);
#2580=EDGE_CURVE('',#3242,#3243,#231,.T.);
#2581=EDGE_CURVE('',#3243,#3244,#3863,.T.);
#2582=EDGE_CURVE('',#3244,#3234,#3864,.T.);
#2583=EDGE_CURVE('',#3234,#3245,#232,.T.);
#2584=EDGE_CURVE('',#3244,#3246,#233,.T.);
#2585=EDGE_CURVE('',#3246,#3245,#3865,.T.);
#2586=EDGE_CURVE('',#3245,#3215,#3866,.T.);
#2587=EDGE_CURVE('',#3246,#3216,#3867,.T.);
#2588=EDGE_CURVE('',#3221,#3220,#234,.T.);
#2589=EDGE_CURVE('',#3223,#3219,#235,.T.);
#2590=EDGE_CURVE('',#3243,#3224,#3868,.T.);
#2591=EDGE_CURVE('',#3233,#3222,#3869,.T.);
#2592=EDGE_CURVE('',#3242,#3225,#3870,.T.);
#2593=EDGE_CURVE('',#3241,#3226,#3871,.T.);
#2594=EDGE_CURVE('',#3240,#3227,#3872,.T.);
#2595=EDGE_CURVE('',#3239,#3228,#3873,.T.);
#2596=EDGE_CURVE('',#3238,#3229,#3874,.T.);
#2597=EDGE_CURVE('',#3237,#3230,#3875,.T.);
#2598=EDGE_CURVE('',#3236,#3231,#3876,.T.);
#2599=EDGE_CURVE('',#3235,#3232,#3877,.T.);
#2600=EDGE_CURVE('',#3247,#3248,#236,.T.);
#2601=EDGE_CURVE('',#3249,#3247,#3878,.T.);
#2602=EDGE_CURVE('',#3249,#3250,#237,.T.);
#2603=EDGE_CURVE('',#3250,#3248,#3879,.T.);
#2604=EDGE_CURVE('',#3251,#3247,#3880,.T.);
#2605=EDGE_CURVE('',#3252,#3251,#3881,.T.);
#2606=EDGE_CURVE('',#3252,#3249,#3882,.T.);
#2607=EDGE_CURVE('',#3253,#3251,#3883,.T.);
#2608=EDGE_CURVE('',#3254,#3253,#3884,.T.);
#2609=EDGE_CURVE('',#3254,#3252,#3885,.T.);
#2610=EDGE_CURVE('',#3255,#3253,#3886,.T.);
#2611=EDGE_CURVE('',#3256,#3255,#3887,.T.);
#2612=EDGE_CURVE('',#3256,#3254,#3888,.T.);
#2613=EDGE_CURVE('',#3255,#3257,#238,.T.);
#2614=EDGE_CURVE('',#3258,#3257,#3889,.T.);
#2615=EDGE_CURVE('',#3256,#3258,#239,.T.);
#2616=EDGE_CURVE('',#3248,#3259,#3890,.T.);
#2617=EDGE_CURVE('',#3250,#3260,#3891,.T.);
#2618=EDGE_CURVE('',#3260,#3259,#3892,.T.);
#2619=EDGE_CURVE('',#3261,#3257,#3893,.T.);
#2620=EDGE_CURVE('',#3262,#3261,#3894,.T.);
#2621=EDGE_CURVE('',#3262,#3258,#3895,.T.);
#2622=EDGE_CURVE('',#3259,#3080,#240,.T.);
#2623=EDGE_CURVE('',#3260,#3076,#241,.T.);
#2624=EDGE_CURVE('',#3261,#3079,#242,.T.);
#2625=EDGE_CURVE('',#3262,#3075,#243,.T.);
#2626=EDGE_CURVE('',#2882,#3263,#244,.T.);
#2627=EDGE_CURVE('',#3073,#3264,#245,.T.);
#2628=EDGE_CURVE('',#3265,#3264,#3896,.T.);
#2629=EDGE_CURVE('',#3265,#3266,#246,.T.);
#2630=EDGE_CURVE('',#3267,#3266,#3897,.T.);
#2631=EDGE_CURVE('',#3268,#3267,#3898,.T.);
#2632=EDGE_CURVE('',#3269,#3268,#3899,.T.);
#2633=EDGE_CURVE('',#3270,#3269,#247,.T.);
#2634=EDGE_CURVE('',#3263,#3270,#3900,.T.);
#2635=EDGE_CURVE('',#2886,#3271,#248,.T.);
#2636=EDGE_CURVE('',#3271,#3272,#3901,.T.);
#2637=EDGE_CURVE('',#3272,#3273,#249,.T.);
#2638=EDGE_CURVE('',#3273,#3274,#3902,.T.);
#2639=EDGE_CURVE('',#3274,#3275,#3903,.T.);
#2640=EDGE_CURVE('',#3275,#3276,#3904,.T.);
#2641=EDGE_CURVE('',#3277,#3276,#250,.T.);
#2642=EDGE_CURVE('',#3277,#3278,#3905,.T.);
#2643=EDGE_CURVE('',#3074,#3278,#251,.T.);
#2644=EDGE_CURVE('',#3263,#3271,#3906,.T.);
#2645=EDGE_CURVE('',#3270,#3272,#3907,.T.);
#2646=EDGE_CURVE('',#3269,#3273,#3908,.T.);
#2647=EDGE_CURVE('',#3268,#3274,#3909,.T.);
#2648=EDGE_CURVE('',#3267,#3275,#3910,.T.);
#2649=EDGE_CURVE('',#3266,#3276,#3911,.T.);
#2650=EDGE_CURVE('',#3265,#3277,#3912,.T.);
#2651=EDGE_CURVE('',#3264,#3278,#3913,.T.);
#2652=EDGE_CURVE('',#3279,#3280,#252,.T.);
#2653=EDGE_CURVE('',#3281,#3279,#3914,.T.);
#2654=EDGE_CURVE('',#3281,#3282,#253,.T.);
#2655=EDGE_CURVE('',#3282,#3280,#3915,.T.);
#2656=EDGE_CURVE('',#3279,#3283,#3916,.T.);
#2657=EDGE_CURVE('',#3284,#3283,#3917,.T.);
#2658=EDGE_CURVE('',#3281,#3284,#3918,.T.);
#2659=EDGE_CURVE('',#3283,#3285,#3919,.T.);
#2660=EDGE_CURVE('',#3286,#3285,#3920,.T.);
#2661=EDGE_CURVE('',#3284,#3286,#3921,.T.);
#2662=EDGE_CURVE('',#3285,#3287,#3922,.T.);
#2663=EDGE_CURVE('',#3288,#3287,#3923,.T.);
#2664=EDGE_CURVE('',#3286,#3288,#3924,.T.);
#2665=EDGE_CURVE('',#3287,#3289,#254,.T.);
#2666=EDGE_CURVE('',#3290,#3289,#3925,.T.);
#2667=EDGE_CURVE('',#3288,#3290,#255,.T.);
#2668=EDGE_CURVE('',#3289,#3291,#3926,.T.);
#2669=EDGE_CURVE('',#3292,#3291,#3927,.T.);
#2670=EDGE_CURVE('',#3290,#3292,#3928,.T.);
#2671=EDGE_CURVE('',#3293,#3280,#3929,.T.);
#2672=EDGE_CURVE('',#3294,#3282,#3930,.T.);
#2673=EDGE_CURVE('',#3294,#3293,#3931,.T.);
#2674=EDGE_CURVE('',#3291,#2871,#256,.T.);
#2675=EDGE_CURVE('',#3292,#2877,#257,.T.);
#2676=EDGE_CURVE('',#3293,#3100,#258,.T.);
#2677=EDGE_CURVE('',#3294,#3077,#259,.T.);
#2678=EDGE_CURVE('',#2875,#3295,#260,.T.);
#2679=EDGE_CURVE('',#3295,#3296,#3932,.T.);
#2680=EDGE_CURVE('',#3296,#3297,#261,.T.);
#2681=EDGE_CURVE('',#3297,#3298,#3933,.T.);
#2682=EDGE_CURVE('',#3298,#3299,#3934,.T.);
#2683=EDGE_CURVE('',#3299,#3300,#3935,.T.);
#2684=EDGE_CURVE('',#3301,#3300,#262,.T.);
#2685=EDGE_CURVE('',#3301,#3302,#3936,.T.);
#2686=EDGE_CURVE('',#3072,#3302,#263,.T.);
#2687=EDGE_CURVE('',#2866,#3303,#264,.T.);
#2688=EDGE_CURVE('',#3099,#3304,#265,.T.);
#2689=EDGE_CURVE('',#3305,#3304,#3937,.T.);
#2690=EDGE_CURVE('',#3305,#3306,#266,.T.);
#2691=EDGE_CURVE('',#3307,#3306,#3938,.T.);
#2692=EDGE_CURVE('',#3308,#3307,#3939,.T.);
#2693=EDGE_CURVE('',#3309,#3308,#3940,.T.);
#2694=EDGE_CURVE('',#3310,#3309,#267,.T.);
#2695=EDGE_CURVE('',#3303,#3310,#3941,.T.);
#2696=EDGE_CURVE('',#3295,#3303,#3942,.T.);
#2697=EDGE_CURVE('',#3296,#3310,#3943,.T.);
#2698=EDGE_CURVE('',#3297,#3309,#3944,.T.);
#2699=EDGE_CURVE('',#3298,#3308,#3945,.T.);
#2700=EDGE_CURVE('',#3299,#3307,#3946,.T.);
#2701=EDGE_CURVE('',#3300,#3306,#3947,.T.);
#2702=EDGE_CURVE('',#3301,#3305,#3948,.T.);
#2703=EDGE_CURVE('',#3302,#3304,#3949,.T.);
#2704=EDGE_CURVE('',#3311,#3312,#268,.T.);
#2705=EDGE_CURVE('',#3313,#3311,#3950,.T.);
#2706=EDGE_CURVE('',#3313,#3314,#269,.T.);
#2707=EDGE_CURVE('',#3314,#3312,#3951,.T.);
#2708=EDGE_CURVE('',#3311,#3315,#3952,.T.);
#2709=EDGE_CURVE('',#3316,#3315,#3953,.T.);
#2710=EDGE_CURVE('',#3313,#3316,#3954,.T.);
#2711=EDGE_CURVE('',#3315,#3317,#3955,.T.);
#2712=EDGE_CURVE('',#3318,#3317,#3956,.T.);
#2713=EDGE_CURVE('',#3316,#3318,#3957,.T.);
#2714=EDGE_CURVE('',#3317,#3319,#3958,.T.);
#2715=EDGE_CURVE('',#3320,#3319,#3959,.T.);
#2716=EDGE_CURVE('',#3318,#3320,#3960,.T.);
#2717=EDGE_CURVE('',#3319,#3321,#270,.T.);
#2718=EDGE_CURVE('',#3322,#3321,#3961,.T.);
#2719=EDGE_CURVE('',#3320,#3322,#271,.T.);
#2720=EDGE_CURVE('',#3323,#3312,#3962,.T.);
#2721=EDGE_CURVE('',#3324,#3314,#3963,.T.);
#2722=EDGE_CURVE('',#3324,#3323,#3964,.T.);
#2723=EDGE_CURVE('',#3321,#3325,#3965,.T.);
#2724=EDGE_CURVE('',#3326,#3325,#3966,.T.);
#2725=EDGE_CURVE('',#3322,#3326,#3967,.T.);
#2726=EDGE_CURVE('',#3325,#2855,#272,.T.);
#2727=EDGE_CURVE('',#3326,#2861,#273,.T.);
#2728=EDGE_CURVE('',#3323,#3103,#274,.T.);
#2729=EDGE_CURVE('',#3324,#3101,#275,.T.);
#2730=EDGE_CURVE('',#2859,#3327,#276,.T.);
#2731=EDGE_CURVE('',#3327,#3328,#3968,.T.);
#2732=EDGE_CURVE('',#3328,#3329,#277,.T.);
#2733=EDGE_CURVE('',#3329,#3330,#3969,.T.);
#2734=EDGE_CURVE('',#3330,#3331,#3970,.T.);
#2735=EDGE_CURVE('',#3331,#3332,#3971,.T.);
#2736=EDGE_CURVE('',#3333,#3332,#278,.T.);
#2737=EDGE_CURVE('',#3333,#3334,#3972,.T.);
#2738=EDGE_CURVE('',#3098,#3334,#279,.T.);
#2739=EDGE_CURVE('',#2850,#3335,#280,.T.);
#2740=EDGE_CURVE('',#3102,#3336,#281,.T.);
#2741=EDGE_CURVE('',#3337,#3336,#3973,.T.);
#2742=EDGE_CURVE('',#3337,#3338,#282,.T.);
#2743=EDGE_CURVE('',#3339,#3338,#3974,.T.);
#2744=EDGE_CURVE('',#3340,#3339,#3975,.T.);
#2745=EDGE_CURVE('',#3341,#3340,#3976,.T.);
#2746=EDGE_CURVE('',#3342,#3341,#283,.T.);
#2747=EDGE_CURVE('',#3335,#3342,#3977,.T.);
#2748=EDGE_CURVE('',#3327,#3335,#3978,.T.);
#2749=EDGE_CURVE('',#3328,#3342,#3979,.T.);
#2750=EDGE_CURVE('',#3329,#3341,#3980,.T.);
#2751=EDGE_CURVE('',#3330,#3340,#3981,.T.);
#2752=EDGE_CURVE('',#3331,#3339,#3982,.T.);
#2753=EDGE_CURVE('',#3332,#3338,#3983,.T.);
#2754=EDGE_CURVE('',#3333,#3337,#3984,.T.);
#2755=EDGE_CURVE('',#3334,#3336,#3985,.T.);
#2756=EDGE_CURVE('',#3343,#3344,#3986,.T.);
#2757=EDGE_CURVE('',#3343,#3345,#3987,.T.);
#2758=EDGE_CURVE('',#3345,#3346,#3988,.T.);
#2759=EDGE_CURVE('',#3344,#3346,#3989,.T.);
#2760=EDGE_CURVE('',#3347,#3348,#3990,.T.);
#2761=EDGE_CURVE('',#3349,#3347,#3991,.T.);
#2762=EDGE_CURVE('',#3349,#3350,#3992,.T.);
#2763=EDGE_CURVE('',#3350,#3348,#3993,.T.);
#2764=EDGE_CURVE('',#3348,#3351,#3994,.T.);
#2765=EDGE_CURVE('',#3350,#3352,#3995,.T.);
#2766=EDGE_CURVE('',#3352,#3351,#3996,.T.);
#2767=EDGE_CURVE('',#3351,#3353,#3997,.T.);
#2768=EDGE_CURVE('',#3352,#3354,#3998,.T.);
#2769=EDGE_CURVE('',#3354,#3353,#3999,.T.);
#2770=EDGE_CURVE('',#3353,#3345,#4000,.T.);
#2771=EDGE_CURVE('',#3354,#3355,#4001,.T.);
#2772=EDGE_CURVE('',#3355,#3346,#4002,.T.);
#2773=EDGE_CURVE('',#3356,#3357,#4003,.T.);
#2774=EDGE_CURVE('',#3356,#3358,#4004,.T.);
#2775=EDGE_CURVE('',#3358,#3344,#4005,.T.);
#2776=EDGE_CURVE('',#3355,#3359,#4006,.T.);
#2777=EDGE_CURVE('',#3359,#3360,#4007,.T.);
#2778=EDGE_CURVE('',#3360,#3357,#4008,.T.);
#2779=EDGE_CURVE('',#3360,#3361,#4009,.T.);
#2780=EDGE_CURVE('',#3359,#3362,#4010,.T.);
#2781=EDGE_CURVE('',#3362,#3363,#4011,.T.);
#2782=EDGE_CURVE('',#3361,#3363,#4012,.T.);
#2783=EDGE_CURVE('',#3363,#3364,#4013,.T.);
#2784=EDGE_CURVE('',#3362,#3365,#4014,.T.);
#2785=EDGE_CURVE('',#3365,#3364,#4015,.T.);
#2786=EDGE_CURVE('',#3364,#3366,#4016,.T.);
#2787=EDGE_CURVE('',#3365,#3367,#4017,.T.);
#2788=EDGE_CURVE('',#3367,#3366,#4018,.T.);
#2789=EDGE_CURVE('',#3366,#3368,#4019,.T.);
#2790=EDGE_CURVE('',#3367,#3369,#4020,.T.);
#2791=EDGE_CURVE('',#3369,#3368,#4021,.T.);
#2792=EDGE_CURVE('',#3370,#3371,#4022,.T.);
#2793=EDGE_CURVE('',#3368,#3370,#4023,.T.);
#2794=EDGE_CURVE('',#3369,#3372,#4024,.T.);
#2795=EDGE_CURVE('',#3372,#3371,#4025,.T.);
#2796=EDGE_CURVE('',#3371,#3373,#4026,.T.);
#2797=EDGE_CURVE('',#3372,#3374,#4027,.T.);
#2798=EDGE_CURVE('',#3374,#3373,#4028,.T.);
#2799=EDGE_CURVE('',#3373,#3375,#4029,.T.);
#2800=EDGE_CURVE('',#3374,#3376,#4030,.T.);
#2801=EDGE_CURVE('',#3376,#3377,#4031,.T.);
#2802=EDGE_CURVE('',#3375,#3377,#4032,.T.);
#2803=EDGE_CURVE('',#3377,#3378,#4033,.T.);
#2804=EDGE_CURVE('',#3376,#3379,#4034,.T.);
#2805=EDGE_CURVE('',#3379,#3378,#4035,.T.);
#2806=EDGE_CURVE('',#3380,#3381,#4036,.T.);
#2807=EDGE_CURVE('',#3378,#3380,#4037,.T.);
#2808=EDGE_CURVE('',#3379,#3382,#4038,.T.);
#2809=EDGE_CURVE('',#3382,#3381,#4039,.T.);
#2810=EDGE_CURVE('',#3381,#3383,#4040,.T.);
#2811=EDGE_CURVE('',#3382,#3384,#4041,.T.);
#2812=EDGE_CURVE('',#3384,#3383,#4042,.T.);
#2813=EDGE_CURVE('',#3383,#3385,#4043,.T.);
#2814=EDGE_CURVE('',#3384,#3386,#4044,.T.);
#2815=EDGE_CURVE('',#3386,#3387,#4045,.T.);
#2816=EDGE_CURVE('',#3385,#3387,#4046,.T.);
#2817=EDGE_CURVE('',#3387,#3388,#4047,.T.);
#2818=EDGE_CURVE('',#3386,#3389,#4048,.T.);
#2819=EDGE_CURVE('',#3389,#3388,#4049,.T.);
#2820=EDGE_CURVE('',#3390,#3391,#4050,.T.);
#2821=EDGE_CURVE('',#3388,#3390,#4051,.T.);
#2822=EDGE_CURVE('',#3389,#3392,#4052,.T.);
#2823=EDGE_CURVE('',#3392,#3391,#4053,.T.);
#2824=EDGE_CURVE('',#3391,#3393,#4054,.T.);
#2825=EDGE_CURVE('',#3392,#3394,#4055,.T.);
#2826=EDGE_CURVE('',#3394,#3393,#4056,.T.);
#2827=EDGE_CURVE('',#3393,#3395,#4057,.T.);
#2828=EDGE_CURVE('',#3394,#3349,#4058,.T.);
#2829=EDGE_CURVE('',#3395,#3347,#4059,.T.);
#2830=EDGE_CURVE('',#3396,#3397,#4060,.T.);
#2831=EDGE_CURVE('',#3361,#3396,#4061,.T.);
#2832=EDGE_CURVE('',#3375,#3370,#4062,.T.);
#2833=EDGE_CURVE('',#3385,#3380,#4063,.T.);
#2834=EDGE_CURVE('',#3395,#3390,#4064,.T.);
#2835=EDGE_CURVE('',#3343,#3398,#4065,.T.);
#2836=EDGE_CURVE('',#3397,#3398,#4066,.T.);
#2837=EDGE_CURVE('',#3396,#3357,#4067,.T.);
#2838=EDGE_CURVE('',#3398,#3399,#4068,.T.);
#2839=EDGE_CURVE('',#3400,#3399,#4069,.T.);
#2840=EDGE_CURVE('',#3397,#3400,#4070,.T.);
#2841=EDGE_CURVE('',#3399,#3401,#4071,.T.);
#2842=EDGE_CURVE('',#3402,#3401,#4072,.T.);
#2843=EDGE_CURVE('',#3400,#3402,#4073,.T.);
#2844=EDGE_CURVE('',#3401,#3403,#4074,.T.);
#2845=EDGE_CURVE('',#3404,#3403,#4075,.T.);
#2846=EDGE_CURVE('',#3402,#3404,#4076,.T.);
#2847=EDGE_CURVE('',#3404,#3356,#4077,.T.);
#2848=EDGE_CURVE('',#3403,#3358,#4078,.T.);
#2849=VERTEX_POINT('',#9813);
#2850=VERTEX_POINT('',#9814);
#2851=VERTEX_POINT('',#9816);
#2852=VERTEX_POINT('',#9818);
#2853=VERTEX_POINT('',#9822);
#2854=VERTEX_POINT('',#9823);
#2855=VERTEX_POINT('',#9825);
#2856=VERTEX_POINT('',#9827);
#2857=VERTEX_POINT('',#9831);
#2858=VERTEX_POINT('',#9832);
#2859=VERTEX_POINT('',#9834);
#2860=VERTEX_POINT('',#9836);
#2861=VERTEX_POINT('',#9840);
#2862=VERTEX_POINT('',#9841);
#2863=VERTEX_POINT('',#9843);
#2864=VERTEX_POINT('',#9845);
#2865=VERTEX_POINT('',#9852);
#2866=VERTEX_POINT('',#9853);
#2867=VERTEX_POINT('',#9855);
#2868=VERTEX_POINT('',#9857);
#2869=VERTEX_POINT('',#9861);
#2870=VERTEX_POINT('',#9862);
#2871=VERTEX_POINT('',#9864);
#2872=VERTEX_POINT('',#9866);
#2873=VERTEX_POINT('',#9870);
#2874=VERTEX_POINT('',#9871);
#2875=VERTEX_POINT('',#9873);
#2876=VERTEX_POINT('',#9875);
#2877=VERTEX_POINT('',#9879);
#2878=VERTEX_POINT('',#9880);
#2879=VERTEX_POINT('',#9882);
#2880=VERTEX_POINT('',#9884);
#2881=VERTEX_POINT('',#9891);
#2882=VERTEX_POINT('',#9892);
#2883=VERTEX_POINT('',#9894);
#2884=VERTEX_POINT('',#9896);
#2885=VERTEX_POINT('',#9900);
#2886=VERTEX_POINT('',#9901);
#2887=VERTEX_POINT('',#9903);
#2888=VERTEX_POINT('',#9905);
#2889=VERTEX_POINT('',#9912);
#2890=VERTEX_POINT('',#9913);
#2891=VERTEX_POINT('',#9915);
#2892=VERTEX_POINT('',#9917);
#2893=VERTEX_POINT('',#9919);
#2894=VERTEX_POINT('',#9921);
#2895=VERTEX_POINT('',#9923);
#2896=VERTEX_POINT('',#9925);
#2897=VERTEX_POINT('',#9927);
#2898=VERTEX_POINT('',#9929);
#2899=VERTEX_POINT('',#9931);
#2900=VERTEX_POINT('',#9933);
#2901=VERTEX_POINT('',#9935);
#2902=VERTEX_POINT('',#9937);
#2903=VERTEX_POINT('',#9939);
#2904=VERTEX_POINT('',#9941);
#2905=VERTEX_POINT('',#9943);
#2906=VERTEX_POINT('',#9945);
#2907=VERTEX_POINT('',#9947);
#2908=VERTEX_POINT('',#9949);
#2909=VERTEX_POINT('',#9953);
#2910=VERTEX_POINT('',#9954);
#2911=VERTEX_POINT('',#9956);
#2912=VERTEX_POINT('',#9958);
#2913=VERTEX_POINT('',#9960);
#2914=VERTEX_POINT('',#9962);
#2915=VERTEX_POINT('',#9966);
#2916=VERTEX_POINT('',#9967);
#2917=VERTEX_POINT('',#9969);
#2918=VERTEX_POINT('',#9971);
#2919=VERTEX_POINT('',#9973);
#2920=VERTEX_POINT('',#9975);
#2921=VERTEX_POINT('',#9979);
#2922=VERTEX_POINT('',#9980);
#2923=VERTEX_POINT('',#9982);
#2924=VERTEX_POINT('',#9984);
#2925=VERTEX_POINT('',#9986);
#2926=VERTEX_POINT('',#9988);
#2927=VERTEX_POINT('',#9990);
#2928=VERTEX_POINT('',#9992);
#2929=VERTEX_POINT('',#9994);
#2930=VERTEX_POINT('',#9996);
#2931=VERTEX_POINT('',#9998);
#2932=VERTEX_POINT('',#10000);
#2933=VERTEX_POINT('',#10002);
#2934=VERTEX_POINT('',#10004);
#2935=VERTEX_POINT('',#10006);
#2936=VERTEX_POINT('',#10008);
#2937=VERTEX_POINT('',#10010);
#2938=VERTEX_POINT('',#10012);
#2939=VERTEX_POINT('',#10014);
#2940=VERTEX_POINT('',#10016);
#2941=VERTEX_POINT('',#10018);
#2942=VERTEX_POINT('',#10020);
#2943=VERTEX_POINT('',#10022);
#2944=VERTEX_POINT('',#10024);
#2945=VERTEX_POINT('',#10028);
#2946=VERTEX_POINT('',#10029);
#2947=VERTEX_POINT('',#10031);
#2948=VERTEX_POINT('',#10033);
#2949=VERTEX_POINT('',#10035);
#2950=VERTEX_POINT('',#10037);
#2951=VERTEX_POINT('',#10039);
#2952=VERTEX_POINT('',#10041);
#2953=VERTEX_POINT('',#10043);
#2954=VERTEX_POINT('',#10045);
#2955=VERTEX_POINT('',#10047);
#2956=VERTEX_POINT('',#10049);
#2957=VERTEX_POINT('',#10053);
#2958=VERTEX_POINT('',#10054);
#2959=VERTEX_POINT('',#10056);
#2960=VERTEX_POINT('',#10058);
#2961=VERTEX_POINT('',#10060);
#2962=VERTEX_POINT('',#10062);
#2963=VERTEX_POINT('',#10066);
#2964=VERTEX_POINT('',#10068);
#2965=VERTEX_POINT('',#10070);
#2966=VERTEX_POINT('',#10072);
#2967=VERTEX_POINT('',#10074);
#2968=VERTEX_POINT('',#10076);
#2969=VERTEX_POINT('',#10078);
#2970=VERTEX_POINT('',#10080);
#2971=VERTEX_POINT('',#10082);
#2972=VERTEX_POINT('',#10084);
#2973=VERTEX_POINT('',#10086);
#2974=VERTEX_POINT('',#10088);
#2975=VERTEX_POINT('',#10090);
#2976=VERTEX_POINT('',#10092);
#2977=VERTEX_POINT('',#10094);
#2978=VERTEX_POINT('',#10096);
#2979=VERTEX_POINT('',#10098);
#2980=VERTEX_POINT('',#10100);
#2981=VERTEX_POINT('',#10102);
#2982=VERTEX_POINT('',#10104);
#2983=VERTEX_POINT('',#10106);
#2984=VERTEX_POINT('',#10108);
#2985=VERTEX_POINT('',#10110);
#2986=VERTEX_POINT('',#10112);
#2987=VERTEX_POINT('',#10114);
#2988=VERTEX_POINT('',#10116);
#2989=VERTEX_POINT('',#10118);
#2990=VERTEX_POINT('',#10120);
#2991=VERTEX_POINT('',#10122);
#2992=VERTEX_POINT('',#10124);
#2993=VERTEX_POINT('',#10126);
#2994=VERTEX_POINT('',#10128);
#2995=VERTEX_POINT('',#10130);
#2996=VERTEX_POINT('',#10132);
#2997=VERTEX_POINT('',#10134);
#2998=VERTEX_POINT('',#10136);
#2999=VERTEX_POINT('',#10138);
#3000=VERTEX_POINT('',#10143);
#3001=VERTEX_POINT('',#10144);
#3002=VERTEX_POINT('',#10146);
#3003=VERTEX_POINT('',#10148);
#3004=VERTEX_POINT('',#10152);
#3005=VERTEX_POINT('',#10154);
#3006=VERTEX_POINT('',#10158);
#3007=VERTEX_POINT('',#10160);
#3008=VERTEX_POINT('',#10163);
#3009=VERTEX_POINT('',#10165);
#3010=VERTEX_POINT('',#10167);
#3011=VERTEX_POINT('',#10171);
#3012=VERTEX_POINT('',#10173);
#3013=VERTEX_POINT('',#10175);
#3014=VERTEX_POINT('',#10177);
#3015=VERTEX_POINT('',#10180);
#3016=VERTEX_POINT('',#10184);
#3017=VERTEX_POINT('',#10185);
#3018=VERTEX_POINT('',#10187);
#3019=VERTEX_POINT('',#10189);
#3020=VERTEX_POINT('',#10191);
#3021=VERTEX_POINT('',#10193);
#3022=VERTEX_POINT('',#10195);
#3023=VERTEX_POINT('',#10197);
#3024=VERTEX_POINT('',#10199);
#3025=VERTEX_POINT('',#10201);
#3026=VERTEX_POINT('',#10203);
#3027=VERTEX_POINT('',#10205);
#3028=VERTEX_POINT('',#10209);
#3029=VERTEX_POINT('',#10210);
#3030=VERTEX_POINT('',#10212);
#3031=VERTEX_POINT('',#10215);
#3032=VERTEX_POINT('',#10219);
#3033=VERTEX_POINT('',#10221);
#3034=VERTEX_POINT('',#10223);
#3035=VERTEX_POINT('',#10225);
#3036=VERTEX_POINT('',#10227);
#3037=VERTEX_POINT('',#10229);
#3038=VERTEX_POINT('',#10231);
#3039=VERTEX_POINT('',#10233);
#3040=VERTEX_POINT('',#10235);
#3041=VERTEX_POINT('',#10237);
#3042=VERTEX_POINT('',#10240);
#3043=VERTEX_POINT('',#10243);
#3044=VERTEX_POINT('',#10245);
#3045=VERTEX_POINT('',#10247);
#3046=VERTEX_POINT('',#10249);
#3047=VERTEX_POINT('',#10251);
#3048=VERTEX_POINT('',#10253);
#3049=VERTEX_POINT('',#10259);
#3050=VERTEX_POINT('',#10260);
#3051=VERTEX_POINT('',#10263);
#3052=VERTEX_POINT('',#10265);
#3053=VERTEX_POINT('',#10267);
#3054=VERTEX_POINT('',#10269);
#3055=VERTEX_POINT('',#10271);
#3056=VERTEX_POINT('',#10275);
#3057=VERTEX_POINT('',#10277);
#3058=VERTEX_POINT('',#10279);
#3059=VERTEX_POINT('',#10282);
#3060=VERTEX_POINT('',#10288);
#3061=VERTEX_POINT('',#10290);
#3062=VERTEX_POINT('',#10292);
#3063=VERTEX_POINT('',#10294);
#3064=VERTEX_POINT('',#10297);
#3065=VERTEX_POINT('',#10299);
#3066=VERTEX_POINT('',#10301);
#3067=VERTEX_POINT('',#10303);
#3068=VERTEX_POINT('',#10305);
#3069=VERTEX_POINT('',#10308);
#3070=VERTEX_POINT('',#10310);
#3071=VERTEX_POINT('',#10312);
#3072=VERTEX_POINT('',#10319);
#3073=VERTEX_POINT('',#10321);
#3074=VERTEX_POINT('',#10325);
#3075=VERTEX_POINT('',#10329);
#3076=VERTEX_POINT('',#10330);
#3077=VERTEX_POINT('',#10332);
#3078=VERTEX_POINT('',#10335);
#3079=VERTEX_POINT('',#10339);
#3080=VERTEX_POINT('',#10340);
#3081=VERTEX_POINT('',#10342);
#3082=VERTEX_POINT('',#10347);
#3083=VERTEX_POINT('',#10353);
#3084=VERTEX_POINT('',#10355);
#3085=VERTEX_POINT('',#10358);
#3086=VERTEX_POINT('',#10360);
#3087=VERTEX_POINT('',#10362);
#3088=VERTEX_POINT('',#10364);
#3089=VERTEX_POINT('',#10367);
#3090=VERTEX_POINT('',#10369);
#3091=VERTEX_POINT('',#10371);
#3092=VERTEX_POINT('',#10373);
#3093=VERTEX_POINT('',#10377);
#3094=VERTEX_POINT('',#10379);
#3095=VERTEX_POINT('',#10382);
#3096=VERTEX_POINT('',#10384);
#3097=VERTEX_POINT('',#10388);
#3098=VERTEX_POINT('',#10392);
#3099=VERTEX_POINT('',#10394);
#3100=VERTEX_POINT('',#10398);
#3101=VERTEX_POINT('',#10400);
#3102=VERTEX_POINT('',#10404);
#3103=VERTEX_POINT('',#10408);
#3104=VERTEX_POINT('',#10412);
#3105=VERTEX_POINT('',#10413);
#3106=VERTEX_POINT('',#10415);
#3107=VERTEX_POINT('',#10417);
#3108=VERTEX_POINT('',#10424);
#3109=VERTEX_POINT('',#10427);
#3110=VERTEX_POINT('',#10429);
#3111=VERTEX_POINT('',#10433);
#3112=VERTEX_POINT('',#10438);
#3113=VERTEX_POINT('',#10439);
#3114=VERTEX_POINT('',#10444);
#3115=VERTEX_POINT('',#10448);
#3116=VERTEX_POINT('',#10450);
#3117=VERTEX_POINT('',#10455);
#3118=VERTEX_POINT('',#10460);
#3119=VERTEX_POINT('',#10462);
#3120=VERTEX_POINT('',#10468);
#3121=VERTEX_POINT('',#10470);
#3122=VERTEX_POINT('',#10477);
#3123=VERTEX_POINT('',#10478);
#3124=VERTEX_POINT('',#10481);
#3125=VERTEX_POINT('',#10483);
#3126=VERTEX_POINT('',#10486);
#3127=VERTEX_POINT('',#10497);
#3128=VERTEX_POINT('',#10499);
#3129=VERTEX_POINT('',#10501);
#3130=VERTEX_POINT('',#10502);
#3131=VERTEX_POINT('',#10504);
#3132=VERTEX_POINT('',#10506);
#3133=VERTEX_POINT('',#10508);
#3134=VERTEX_POINT('',#10510);
#3135=VERTEX_POINT('',#10512);
#3136=VERTEX_POINT('',#10514);
#3137=VERTEX_POINT('',#10517);
#3138=VERTEX_POINT('',#10518);
#3139=VERTEX_POINT('',#10520);
#3140=VERTEX_POINT('',#10522);
#3141=VERTEX_POINT('',#10524);
#3142=VERTEX_POINT('',#10526);
#3143=VERTEX_POINT('',#10528);
#3144=VERTEX_POINT('',#10530);
#3145=VERTEX_POINT('',#10533);
#3146=VERTEX_POINT('',#10534);
#3147=VERTEX_POINT('',#10536);
#3148=VERTEX_POINT('',#10538);
#3149=VERTEX_POINT('',#10540);
#3150=VERTEX_POINT('',#10542);
#3151=VERTEX_POINT('',#10544);
#3152=VERTEX_POINT('',#10546);
#3153=VERTEX_POINT('',#10549);
#3154=VERTEX_POINT('',#10550);
#3155=VERTEX_POINT('',#10552);
#3156=VERTEX_POINT('',#10554);
#3157=VERTEX_POINT('',#10556);
#3158=VERTEX_POINT('',#10558);
#3159=VERTEX_POINT('',#10560);
#3160=VERTEX_POINT('',#10562);
#3161=VERTEX_POINT('',#10573);
#3162=VERTEX_POINT('',#10574);
#3163=VERTEX_POINT('',#10579);
#3164=VERTEX_POINT('',#10581);
#3165=VERTEX_POINT('',#10591);
#3166=VERTEX_POINT('',#10593);
#3167=VERTEX_POINT('',#10604);
#3168=VERTEX_POINT('',#10610);
#3169=VERTEX_POINT('',#10621);
#3170=VERTEX_POINT('',#10623);
#3171=VERTEX_POINT('',#10629);
#3172=VERTEX_POINT('',#10632);
#3173=VERTEX_POINT('',#10661);
#3174=VERTEX_POINT('',#10665);
#3175=VERTEX_POINT('',#10671);
#3176=VERTEX_POINT('',#10673);
#3177=VERTEX_POINT('',#10677);
#3178=VERTEX_POINT('',#10681);
#3179=VERTEX_POINT('',#10685);
#3180=VERTEX_POINT('',#10689);
#3181=VERTEX_POINT('',#10693);
#3182=VERTEX_POINT('',#10697);
#3183=VERTEX_POINT('',#10704);
#3184=VERTEX_POINT('',#10706);
#3185=VERTEX_POINT('',#10710);
#3186=VERTEX_POINT('',#10714);
#3187=VERTEX_POINT('',#10718);
#3188=VERTEX_POINT('',#10722);
#3189=VERTEX_POINT('',#10726);
#3190=VERTEX_POINT('',#10730);
#3191=VERTEX_POINT('',#10737);
#3192=VERTEX_POINT('',#10739);
#3193=VERTEX_POINT('',#10743);
#3194=VERTEX_POINT('',#10747);
#3195=VERTEX_POINT('',#10751);
#3196=VERTEX_POINT('',#10755);
#3197=VERTEX_POINT('',#10759);
#3198=VERTEX_POINT('',#10763);
#3199=VERTEX_POINT('',#10770);
#3200=VERTEX_POINT('',#10772);
#3201=VERTEX_POINT('',#10776);
#3202=VERTEX_POINT('',#10780);
#3203=VERTEX_POINT('',#10784);
#3204=VERTEX_POINT('',#10788);
#3205=VERTEX_POINT('',#10792);
#3206=VERTEX_POINT('',#10796);
#3207=VERTEX_POINT('',#10803);
#3208=VERTEX_POINT('',#10807);
#3209=VERTEX_POINT('',#10812);
#3210=VERTEX_POINT('',#10815);
#3211=VERTEX_POINT('',#10817);
#3212=VERTEX_POINT('',#10820);
#3213=VERTEX_POINT('',#10846);
#3214=VERTEX_POINT('',#10857);
#3215=VERTEX_POINT('',#10884);
#3216=VERTEX_POINT('',#10886);
#3217=VERTEX_POINT('',#10931);
#3218=VERTEX_POINT('',#10935);
#3219=VERTEX_POINT('',#10939);
#3220=VERTEX_POINT('',#10941);
#3221=VERTEX_POINT('',#10945);
#3222=VERTEX_POINT('',#10946);
#3223=VERTEX_POINT('',#10948);
#3224=VERTEX_POINT('',#10950);
#3225=VERTEX_POINT('',#10952);
#3226=VERTEX_POINT('',#10954);
#3227=VERTEX_POINT('',#10956);
#3228=VERTEX_POINT('',#10958);
#3229=VERTEX_POINT('',#10960);
#3230=VERTEX_POINT('',#10962);
#3231=VERTEX_POINT('',#10964);
#3232=VERTEX_POINT('',#10966);
#3233=VERTEX_POINT('',#10970);
#3234=VERTEX_POINT('',#10971);
#3235=VERTEX_POINT('',#10973);
#3236=VERTEX_POINT('',#10975);
#3237=VERTEX_POINT('',#10977);
#3238=VERTEX_POINT('',#10979);
#3239=VERTEX_POINT('',#10981);
#3240=VERTEX_POINT('',#10983);
#3241=VERTEX_POINT('',#10985);
#3242=VERTEX_POINT('',#10987);
#3243=VERTEX_POINT('',#10989);
#3244=VERTEX_POINT('',#10991);
#3245=VERTEX_POINT('',#10995);
#3246=VERTEX_POINT('',#10997);
#3247=VERTEX_POINT('',#11028);
#3248=VERTEX_POINT('',#11029);
#3249=VERTEX_POINT('',#11031);
#3250=VERTEX_POINT('',#11033);
#3251=VERTEX_POINT('',#11037);
#3252=VERTEX_POINT('',#11039);
#3253=VERTEX_POINT('',#11043);
#3254=VERTEX_POINT('',#11045);
#3255=VERTEX_POINT('',#11049);
#3256=VERTEX_POINT('',#11051);
#3257=VERTEX_POINT('',#11055);
#3258=VERTEX_POINT('',#11057);
#3259=VERTEX_POINT('',#11061);
#3260=VERTEX_POINT('',#11063);
#3261=VERTEX_POINT('',#11067);
#3262=VERTEX_POINT('',#11069);
#3263=VERTEX_POINT('',#11081);
#3264=VERTEX_POINT('',#11083);
#3265=VERTEX_POINT('',#11085);
#3266=VERTEX_POINT('',#11087);
#3267=VERTEX_POINT('',#11089);
#3268=VERTEX_POINT('',#11091);
#3269=VERTEX_POINT('',#11093);
#3270=VERTEX_POINT('',#11095);
#3271=VERTEX_POINT('',#11099);
#3272=VERTEX_POINT('',#11101);
#3273=VERTEX_POINT('',#11103);
#3274=VERTEX_POINT('',#11105);
#3275=VERTEX_POINT('',#11107);
#3276=VERTEX_POINT('',#11109);
#3277=VERTEX_POINT('',#11111);
#3278=VERTEX_POINT('',#11113);
#3279=VERTEX_POINT('',#11134);
#3280=VERTEX_POINT('',#11135);
#3281=VERTEX_POINT('',#11137);
#3282=VERTEX_POINT('',#11139);
#3283=VERTEX_POINT('',#11143);
#3284=VERTEX_POINT('',#11145);
#3285=VERTEX_POINT('',#11149);
#3286=VERTEX_POINT('',#11151);
#3287=VERTEX_POINT('',#11155);
#3288=VERTEX_POINT('',#11157);
#3289=VERTEX_POINT('',#11161);
#3290=VERTEX_POINT('',#11163);
#3291=VERTEX_POINT('',#11167);
#3292=VERTEX_POINT('',#11169);
#3293=VERTEX_POINT('',#11173);
#3294=VERTEX_POINT('',#11175);
#3295=VERTEX_POINT('',#11187);
#3296=VERTEX_POINT('',#11189);
#3297=VERTEX_POINT('',#11191);
#3298=VERTEX_POINT('',#11193);
#3299=VERTEX_POINT('',#11195);
#3300=VERTEX_POINT('',#11197);
#3301=VERTEX_POINT('',#11199);
#3302=VERTEX_POINT('',#11201);
#3303=VERTEX_POINT('',#11205);
#3304=VERTEX_POINT('',#11207);
#3305=VERTEX_POINT('',#11209);
#3306=VERTEX_POINT('',#11211);
#3307=VERTEX_POINT('',#11213);
#3308=VERTEX_POINT('',#11215);
#3309=VERTEX_POINT('',#11217);
#3310=VERTEX_POINT('',#11219);
#3311=VERTEX_POINT('',#11240);
#3312=VERTEX_POINT('',#11241);
#3313=VERTEX_POINT('',#11243);
#3314=VERTEX_POINT('',#11245);
#3315=VERTEX_POINT('',#11249);
#3316=VERTEX_POINT('',#11251);
#3317=VERTEX_POINT('',#11255);
#3318=VERTEX_POINT('',#11257);
#3319=VERTEX_POINT('',#11261);
#3320=VERTEX_POINT('',#11263);
#3321=VERTEX_POINT('',#11267);
#3322=VERTEX_POINT('',#11269);
#3323=VERTEX_POINT('',#11273);
#3324=VERTEX_POINT('',#11275);
#3325=VERTEX_POINT('',#11279);
#3326=VERTEX_POINT('',#11281);
#3327=VERTEX_POINT('',#11293);
#3328=VERTEX_POINT('',#11295);
#3329=VERTEX_POINT('',#11297);
#3330=VERTEX_POINT('',#11299);
#3331=VERTEX_POINT('',#11301);
#3332=VERTEX_POINT('',#11303);
#3333=VERTEX_POINT('',#11305);
#3334=VERTEX_POINT('',#11307);
#3335=VERTEX_POINT('',#11311);
#3336=VERTEX_POINT('',#11313);
#3337=VERTEX_POINT('',#11315);
#3338=VERTEX_POINT('',#11317);
#3339=VERTEX_POINT('',#11319);
#3340=VERTEX_POINT('',#11321);
#3341=VERTEX_POINT('',#11323);
#3342=VERTEX_POINT('',#11325);
#3343=VERTEX_POINT('',#11347);
#3344=VERTEX_POINT('',#11348);
#3345=VERTEX_POINT('',#11350);
#3346=VERTEX_POINT('',#11352);
#3347=VERTEX_POINT('',#11356);
#3348=VERTEX_POINT('',#11357);
#3349=VERTEX_POINT('',#11359);
#3350=VERTEX_POINT('',#11361);
#3351=VERTEX_POINT('',#11365);
#3352=VERTEX_POINT('',#11367);
#3353=VERTEX_POINT('',#11371);
#3354=VERTEX_POINT('',#11373);
#3355=VERTEX_POINT('',#11378);
#3356=VERTEX_POINT('',#11382);
#3357=VERTEX_POINT('',#11383);
#3358=VERTEX_POINT('',#11385);
#3359=VERTEX_POINT('',#11388);
#3360=VERTEX_POINT('',#11390);
#3361=VERTEX_POINT('',#11394);
#3362=VERTEX_POINT('',#11396);
#3363=VERTEX_POINT('',#11398);
#3364=VERTEX_POINT('',#11402);
#3365=VERTEX_POINT('',#11404);
#3366=VERTEX_POINT('',#11408);
#3367=VERTEX_POINT('',#11410);
#3368=VERTEX_POINT('',#11414);
#3369=VERTEX_POINT('',#11416);
#3370=VERTEX_POINT('',#11420);
#3371=VERTEX_POINT('',#11421);
#3372=VERTEX_POINT('',#11424);
#3373=VERTEX_POINT('',#11428);
#3374=VERTEX_POINT('',#11430);
#3375=VERTEX_POINT('',#11434);
#3376=VERTEX_POINT('',#11436);
#3377=VERTEX_POINT('',#11438);
#3378=VERTEX_POINT('',#11442);
#3379=VERTEX_POINT('',#11444);
#3380=VERTEX_POINT('',#11448);
#3381=VERTEX_POINT('',#11449);
#3382=VERTEX_POINT('',#11452);
#3383=VERTEX_POINT('',#11456);
#3384=VERTEX_POINT('',#11458);
#3385=VERTEX_POINT('',#11462);
#3386=VERTEX_POINT('',#11464);
#3387=VERTEX_POINT('',#11466);
#3388=VERTEX_POINT('',#11470);
#3389=VERTEX_POINT('',#11472);
#3390=VERTEX_POINT('',#11476);
#3391=VERTEX_POINT('',#11477);
#3392=VERTEX_POINT('',#11480);
#3393=VERTEX_POINT('',#11484);
#3394=VERTEX_POINT('',#11486);
#3395=VERTEX_POINT('',#11490);
#3396=VERTEX_POINT('',#11496);
#3397=VERTEX_POINT('',#11497);
#3398=VERTEX_POINT('',#11503);
#3399=VERTEX_POINT('',#11512);
#3400=VERTEX_POINT('',#11514);
#3401=VERTEX_POINT('',#11518);
#3402=VERTEX_POINT('',#11520);
#3403=VERTEX_POINT('',#11524);
#3404=VERTEX_POINT('',#11526);
#3405=LINE('',#9812,#4079);
#3406=LINE('',#9817,#4080);
#3407=LINE('',#9819,#4081);
#3408=LINE('',#9821,#4082);
#3409=LINE('',#9826,#4083);
#3410=LINE('',#9828,#4084);
#3411=LINE('',#9830,#4085);
#3412=LINE('',#9835,#4086);
#3413=LINE('',#9837,#4087);
#3414=LINE('',#9839,#4088);
#3415=LINE('',#9844,#4089);
#3416=LINE('',#9846,#4090);
#3417=LINE('',#9848,#4091);
#3418=LINE('',#9849,#4092);
#3419=LINE('',#9851,#4093);
#3420=LINE('',#9856,#4094);
#3421=LINE('',#9858,#4095);
#3422=LINE('',#9860,#4096);
#3423=LINE('',#9865,#4097);
#3424=LINE('',#9867,#4098);
#3425=LINE('',#9869,#4099);
#3426=LINE('',#9874,#4100);
#3427=LINE('',#9876,#4101);
#3428=LINE('',#9878,#4102);
#3429=LINE('',#9883,#4103);
#3430=LINE('',#9885,#4104);
#3431=LINE('',#9887,#4105);
#3432=LINE('',#9888,#4106);
#3433=LINE('',#9893,#4107);
#3434=LINE('',#9895,#4108);
#3435=LINE('',#9897,#4109);
#3436=LINE('',#9902,#4110);
#3437=LINE('',#9904,#4111);
#3438=LINE('',#9906,#4112);
#3439=LINE('',#9908,#4113);
#3440=LINE('',#9909,#4114);
#3441=LINE('',#9911,#4115);
#3442=LINE('',#9914,#4116);
#3443=LINE('',#9916,#4117);
#3444=LINE('',#9918,#4118);
#3445=LINE('',#9920,#4119);
#3446=LINE('',#9922,#4120);
#3447=LINE('',#9924,#4121);
#3448=LINE('',#9928,#4122);
#3449=LINE('',#9930,#4123);
#3450=LINE('',#9934,#4124);
#3451=LINE('',#9938,#4125);
#3452=LINE('',#9940,#4126);
#3453=LINE('',#9944,#4127);
#3454=LINE('',#9946,#4128);
#3455=LINE('',#9948,#4129);
#3456=LINE('',#9950,#4130);
#3457=LINE('',#9955,#4131);
#3458=LINE('',#9957,#4132);
#3459=LINE('',#9959,#4133);
#3460=LINE('',#9961,#4134);
#3461=LINE('',#9963,#4135);
#3462=LINE('',#9968,#4136);
#3463=LINE('',#9970,#4137);
#3464=LINE('',#9972,#4138);
#3465=LINE('',#9974,#4139);
#3466=LINE('',#9976,#4140);
#3467=LINE('',#9981,#4141);
#3468=LINE('',#9985,#4142);
#3469=LINE('',#9989,#4143);
#3470=LINE('',#9991,#4144);
#3471=LINE('',#9993,#4145);
#3472=LINE('',#9997,#4146);
#3473=LINE('',#10001,#4147);
#3474=LINE('',#10005,#4148);
#3475=LINE('',#10009,#4149);
#3476=LINE('',#10011,#4150);
#3477=LINE('',#10013,#4151);
#3478=LINE('',#10017,#4152);
#3479=LINE('',#10021,#4153);
#3480=LINE('',#10023,#4154);
#3481=LINE('',#10025,#4155);
#3482=LINE('',#10027,#4156);
#3483=LINE('',#10032,#4157);
#3484=LINE('',#10036,#4158);
#3485=LINE('',#10038,#4159);
#3486=LINE('',#10040,#4160);
#3487=LINE('',#10042,#4161);
#3488=LINE('',#10044,#4162);
#3489=LINE('',#10046,#4163);
#3490=LINE('',#10048,#4164);
#3491=LINE('',#10050,#4165);
#3492=LINE('',#10052,#4166);
#3493=LINE('',#10055,#4167);
#3494=LINE('',#10059,#4168);
#3495=LINE('',#10061,#4169);
#3496=LINE('',#10063,#4170);
#3497=LINE('',#10069,#4171);
#3498=LINE('',#10071,#4172);
#3499=LINE('',#10073,#4173);
#3500=LINE('',#10075,#4174);
#3501=LINE('',#10077,#4175);
#3502=LINE('',#10079,#4176);
#3503=LINE('',#10081,#4177);
#3504=LINE('',#10083,#4178);
#3505=LINE('',#10087,#4179);
#3506=LINE('',#10091,#4180);
#3507=LINE('',#10093,#4181);
#3508=LINE('',#10095,#4182);
#3509=LINE('',#10097,#4183);
#3510=LINE('',#10099,#4184);
#3511=LINE('',#10105,#4185);
#3512=LINE('',#10107,#4186);
#3513=LINE('',#10109,#4187);
#3514=LINE('',#10115,#4188);
#3515=LINE('',#10117,#4189);
#3516=LINE('',#10119,#4190);
#3517=LINE('',#10121,#4191);
#3518=LINE('',#10123,#4192);
#3519=LINE('',#10125,#4193);
#3520=LINE('',#10127,#4194);
#3521=LINE('',#10129,#4195);
#3522=LINE('',#10131,#4196);
#3523=LINE('',#10133,#4197);
#3524=LINE('',#10135,#4198);
#3525=LINE('',#10140,#4199);
#3526=LINE('',#10142,#4200);
#3527=LINE('',#10145,#4201);
#3528=LINE('',#10147,#4202);
#3529=LINE('',#10149,#4203);
#3530=LINE('',#10151,#4204);
#3531=LINE('',#10153,#4205);
#3532=LINE('',#10155,#4206);
#3533=LINE('',#10157,#4207);
#3534=LINE('',#10159,#4208);
#3535=LINE('',#10161,#4209);
#3536=LINE('',#10162,#4210);
#3537=LINE('',#10164,#4211);
#3538=LINE('',#10166,#4212);
#3539=LINE('',#10168,#4213);
#3540=LINE('',#10170,#4214);
#3541=LINE('',#10172,#4215);
#3542=LINE('',#10174,#4216);
#3543=LINE('',#10176,#4217);
#3544=LINE('',#10178,#4218);
#3545=LINE('',#10179,#4219);
#3546=LINE('',#10181,#4220);
#3547=LINE('',#10186,#4221);
#3548=LINE('',#10188,#4222);
#3549=LINE('',#10190,#4223);
#3550=LINE('',#10192,#4224);
#3551=LINE('',#10194,#4225);
#3552=LINE('',#10196,#4226);
#3553=LINE('',#10198,#4227);
#3554=LINE('',#10200,#4228);
#3555=LINE('',#10202,#4229);
#3556=LINE('',#10206,#4230);
#3557=LINE('',#10208,#4231);
#3558=LINE('',#10213,#4232);
#3559=LINE('',#10214,#4233);
#3560=LINE('',#10216,#4234);
#3561=LINE('',#10218,#4235);
#3562=LINE('',#10220,#4236);
#3563=LINE('',#10222,#4237);
#3564=LINE('',#10224,#4238);
#3565=LINE('',#10226,#4239);
#3566=LINE('',#10228,#4240);
#3567=LINE('',#10230,#4241);
#3568=LINE('',#10232,#4242);
#3569=LINE('',#10234,#4243);
#3570=LINE('',#10236,#4244);
#3571=LINE('',#10238,#4245);
#3572=LINE('',#10239,#4246);
#3573=LINE('',#10241,#4247);
#3574=LINE('',#10242,#4248);
#3575=LINE('',#10244,#4249);
#3576=LINE('',#10246,#4250);
#3577=LINE('',#10248,#4251);
#3578=LINE('',#10250,#4252);
#3579=LINE('',#10252,#4253);
#3580=LINE('',#10254,#4254);
#3581=LINE('',#10256,#4255);
#3582=LINE('',#10258,#4256);
#3583=LINE('',#10262,#4257);
#3584=LINE('',#10264,#4258);
#3585=LINE('',#10266,#4259);
#3586=LINE('',#10268,#4260);
#3587=LINE('',#10270,#4261);
#3588=LINE('',#10278,#4262);
#3589=LINE('',#10283,#4263);
#3590=LINE('',#10284,#4264);
#3591=LINE('',#10285,#4265);
#3592=LINE('',#10286,#4266);
#3593=LINE('',#10287,#4267);
#3594=LINE('',#10289,#4268);
#3595=LINE('',#10291,#4269);
#3596=LINE('',#10293,#4270);
#3597=LINE('',#10295,#4271);
#3598=LINE('',#10296,#4272);
#3599=LINE('',#10298,#4273);
#3600=LINE('',#10300,#4274);
#3601=LINE('',#10302,#4275);
#3602=LINE('',#10304,#4276);
#3603=LINE('',#10306,#4277);
#3604=LINE('',#10307,#4278);
#3605=LINE('',#10309,#4279);
#3606=LINE('',#10311,#4280);
#3607=LINE('',#10313,#4281);
#3608=LINE('',#10314,#4282);
#3609=LINE('',#10315,#4283);
#3610=LINE('',#10316,#4284);
#3611=LINE('',#10318,#4285);
#3612=LINE('',#10320,#4286);
#3613=LINE('',#10322,#4287);
#3614=LINE('',#10324,#4288);
#3615=LINE('',#10326,#4289);
#3616=LINE('',#10328,#4290);
#3617=LINE('',#10331,#4291);
#3618=LINE('',#10333,#4292);
#3619=LINE('',#10334,#4293);
#3620=LINE('',#10336,#4294);
#3621=LINE('',#10338,#4295);
#3622=LINE('',#10341,#4296);
#3623=LINE('',#10343,#4297);
#3624=LINE('',#10344,#4298);
#3625=LINE('',#10346,#4299);
#3626=LINE('',#10348,#4300);
#3627=LINE('',#10349,#4301);
#3628=LINE('',#10350,#4302);
#3629=LINE('',#10351,#4303);
#3630=LINE('',#10352,#4304);
#3631=LINE('',#10354,#4305);
#3632=LINE('',#10356,#4306);
#3633=LINE('',#10357,#4307);
#3634=LINE('',#10359,#4308);
#3635=LINE('',#10361,#4309);
#3636=LINE('',#10363,#4310);
#3637=LINE('',#10368,#4311);
#3638=LINE('',#10372,#4312);
#3639=LINE('',#10374,#4313);
#3640=LINE('',#10375,#4314);
#3641=LINE('',#10376,#4315);
#3642=LINE('',#10378,#4316);
#3643=LINE('',#10380,#4317);
#3644=LINE('',#10381,#4318);
#3645=LINE('',#10383,#4319);
#3646=LINE('',#10385,#4320);
#3647=LINE('',#10386,#4321);
#3648=LINE('',#10387,#4322);
#3649=LINE('',#10389,#4323);
#3650=LINE('',#10391,#4324);
#3651=LINE('',#10393,#4325);
#3652=LINE('',#10395,#4326);
#3653=LINE('',#10397,#4327);
#3654=LINE('',#10399,#4328);
#3655=LINE('',#10401,#4329);
#3656=LINE('',#10403,#4330);
#3657=LINE('',#10405,#4331);
#3658=LINE('',#10407,#4332);
#3659=LINE('',#10409,#4333);
#3660=LINE('',#10411,#4334);
#3661=LINE('',#10414,#4335);
#3662=LINE('',#10416,#4336);
#3663=LINE('',#10418,#4337);
#3664=LINE('',#10420,#4338);
#3665=LINE('',#10421,#4339);
#3666=LINE('',#10425,#4340);
#3667=LINE('',#10426,#4341);
#3668=LINE('',#10428,#4342);
#3669=LINE('',#10430,#4343);
#3670=LINE('',#10432,#4344);
#3671=LINE('',#10434,#4345);
#3672=LINE('',#10437,#4346);
#3673=LINE('',#10441,#4347);
#3674=LINE('',#10442,#4348);
#3675=LINE('',#10443,#4349);
#3676=LINE('',#10449,#4350);
#3677=LINE('',#10452,#4351);
#3678=LINE('',#10456,#4352);
#3679=LINE('',#10457,#4353);
#3680=LINE('',#10459,#4354);
#3681=LINE('',#10461,#4355);
#3682=LINE('',#10463,#4356);
#3683=LINE('',#10464,#4357);
#3684=LINE('',#10465,#4358);
#3685=LINE('',#10467,#4359);
#3686=LINE('',#10469,#4360);
#3687=LINE('',#10471,#4361);
#3688=LINE('',#10472,#4362);
#3689=LINE('',#10473,#4363);
#3690=LINE('',#10474,#4364);
#3691=LINE('',#10479,#4365);
#3692=LINE('',#10480,#4366);
#3693=LINE('',#10482,#4367);
#3694=LINE('',#10484,#4368);
#3695=LINE('',#10487,#4369);
#3696=LINE('',#10489,#4370);
#3697=LINE('',#10490,#4371);
#3698=LINE('',#10491,#4372);
#3699=LINE('',#10492,#4373);
#3700=LINE('',#10494,#4374);
#3701=LINE('',#10500,#4375);
#3702=LINE('',#10505,#4376);
#3703=LINE('',#10509,#4377);
#3704=LINE('',#10513,#4378);
#3705=LINE('',#10516,#4379);
#3706=LINE('',#10521,#4380);
#3707=LINE('',#10525,#4381);
#3708=LINE('',#10529,#4382);
#3709=LINE('',#10532,#4383);
#3710=LINE('',#10537,#4384);
#3711=LINE('',#10541,#4385);
#3712=LINE('',#10545,#4386);
#3713=LINE('',#10548,#4387);
#3714=LINE('',#10553,#4388);
#3715=LINE('',#10557,#4389);
#3716=LINE('',#10561,#4390);
#3717=LINE('',#10564,#4391);
#3718=LINE('',#10566,#4392);
#3719=LINE('',#10568,#4393);
#3720=LINE('',#10569,#4394);
#3721=LINE('',#10570,#4395);
#3722=LINE('',#10572,#4396);
#3723=LINE('',#10575,#4397);
#3724=LINE('',#10576,#4398);
#3725=LINE('',#10578,#4399);
#3726=LINE('',#10580,#4400);
#3727=LINE('',#10582,#4401);
#3728=LINE('',#10584,#4402);
#3729=LINE('',#10585,#4403);
#3730=LINE('',#10587,#4404);
#3731=LINE('',#10588,#4405);
#3732=LINE('',#10590,#4406);
#3733=LINE('',#10592,#4407);
#3734=LINE('',#10594,#4408);
#3735=LINE('',#10596,#4409);
#3736=LINE('',#10597,#4410);
#3737=LINE('',#10599,#4411);
#3738=LINE('',#10601,#4412);
#3739=LINE('',#10605,#4413);
#3740=LINE('',#10607,#4414);
#3741=LINE('',#10609,#4415);
#3742=LINE('',#10613,#4416);
#3743=LINE('',#10615,#4417);
#3744=LINE('',#10622,#4418);
#3745=LINE('',#10625,#4419);
#3746=LINE('',#10630,#4420);
#3747=LINE('',#10633,#4421);
#3748=LINE('',#10637,#4422);
#3749=LINE('',#10639,#4423);
#3750=LINE('',#10642,#4424);
#3751=LINE('',#10644,#4425);
#3752=LINE('',#10647,#4426);
#3753=LINE('',#10650,#4427);
#3754=LINE('',#10652,#4428);
#3755=LINE('',#10656,#4429);
#3756=LINE('',#10658,#4430);
#3757=LINE('',#10662,#4431);
#3758=LINE('',#10666,#4432);
#3759=LINE('',#10668,#4433);
#3760=LINE('',#10670,#4434);
#3761=LINE('',#10674,#4435);
#3762=LINE('',#10676,#4436);
#3763=LINE('',#10678,#4437);
#3764=LINE('',#10682,#4438);
#3765=LINE('',#10684,#4439);
#3766=LINE('',#10686,#4440);
#3767=LINE('',#10690,#4441);
#3768=LINE('',#10692,#4442);
#3769=LINE('',#10694,#4443);
#3770=LINE('',#10698,#4444);
#3771=LINE('',#10700,#4445);
#3772=LINE('',#10703,#4446);
#3773=LINE('',#10707,#4447);
#3774=LINE('',#10709,#4448);
#3775=LINE('',#10711,#4449);
#3776=LINE('',#10715,#4450);
#3777=LINE('',#10717,#4451);
#3778=LINE('',#10719,#4452);
#3779=LINE('',#10723,#4453);
#3780=LINE('',#10725,#4454);
#3781=LINE('',#10727,#4455);
#3782=LINE('',#10731,#4456);
#3783=LINE('',#10733,#4457);
#3784=LINE('',#10736,#4458);
#3785=LINE('',#10740,#4459);
#3786=LINE('',#10742,#4460);
#3787=LINE('',#10744,#4461);
#3788=LINE('',#10748,#4462);
#3789=LINE('',#10750,#4463);
#3790=LINE('',#10752,#4464);
#3791=LINE('',#10756,#4465);
#3792=LINE('',#10758,#4466);
#3793=LINE('',#10760,#4467);
#3794=LINE('',#10764,#4468);
#3795=LINE('',#10766,#4469);
#3796=LINE('',#10769,#4470);
#3797=LINE('',#10773,#4471);
#3798=LINE('',#10775,#4472);
#3799=LINE('',#10777,#4473);
#3800=LINE('',#10781,#4474);
#3801=LINE('',#10783,#4475);
#3802=LINE('',#10785,#4476);
#3803=LINE('',#10789,#4477);
#3804=LINE('',#10791,#4478);
#3805=LINE('',#10793,#4479);
#3806=LINE('',#10797,#4480);
#3807=LINE('',#10799,#4481);
#3808=LINE('',#10810,#4482);
#3809=LINE('',#10813,#4483);
#3810=LINE('',#10816,#4484);
#3811=LINE('',#10819,#4485);
#3812=LINE('',#10823,#4486);
#3813=LINE('',#10830,#4487);
#3814=LINE('',#10832,#4488);
#3815=LINE('',#10834,#4489);
#3816=LINE('',#10837,#4490);
#3817=LINE('',#10839,#4491);
#3818=LINE('',#10841,#4492);
#3819=LINE('',#10843,#4493);
#3820=LINE('',#10845,#4494);
#3821=LINE('',#10854,#4495);
#3822=LINE('',#10858,#4496);
#3823=LINE('',#10859,#4497);
#3824=LINE('',#10861,#4498);
#3825=LINE('',#10868,#4499);
#3826=LINE('',#10870,#4500);
#3827=LINE('',#10872,#4501);
#3828=LINE('',#10875,#4502);
#3829=LINE('',#10877,#4503);
#3830=LINE('',#10879,#4504);
#3831=LINE('',#10881,#4505);
#3832=LINE('',#10885,#4506);
#3833=LINE('',#10888,#4507);
#3834=LINE('',#10890,#4508);
#3835=LINE('',#10892,#4509);
#3836=LINE('',#10903,#4510);
#3837=LINE('',#10905,#4511);
#3838=LINE('',#10908,#4512);
#3839=LINE('',#10911,#4513);
#3840=LINE('',#10917,#4514);
#3841=LINE('',#10919,#4515);
#3842=LINE('',#10922,#4516);
#3843=LINE('',#10925,#4517);
#3844=LINE('',#10932,#4518);
#3845=LINE('',#10936,#4519);
#3846=LINE('',#10938,#4520);
#3847=LINE('',#10940,#4521);
#3848=LINE('',#10942,#4522);
#3849=LINE('',#10944,#4523);
#3850=LINE('',#10947,#4524);
#3851=LINE('',#10949,#4525);
#3852=LINE('',#10953,#4526);
#3853=LINE('',#10957,#4527);
#3854=LINE('',#10959,#4528);
#3855=LINE('',#10961,#4529);
#3856=LINE('',#10965,#4530);
#3857=LINE('',#10969,#4531);
#3858=LINE('',#10974,#4532);
#3859=LINE('',#10978,#4533);
#3860=LINE('',#10980,#4534);
#3861=LINE('',#10982,#4535);
#3862=LINE('',#10986,#4536);
#3863=LINE('',#10990,#4537);
#3864=LINE('',#10992,#4538);
#3865=LINE('',#10998,#4539);
#3866=LINE('',#11000,#4540);
#3867=LINE('',#11001,#4541);
#3868=LINE('',#11006,#4542);
#3869=LINE('',#11008,#4543);
#3870=LINE('',#11010,#4544);
#3871=LINE('',#11012,#4545);
#3872=LINE('',#11014,#4546);
#3873=LINE('',#11016,#4547);
#3874=LINE('',#11018,#4548);
#3875=LINE('',#11020,#4549);
#3876=LINE('',#11022,#4550);
#3877=LINE('',#11024,#4551);
#3878=LINE('',#11030,#4552);
#3879=LINE('',#11034,#4553);
#3880=LINE('',#11036,#4554);
#3881=LINE('',#11038,#4555);
#3882=LINE('',#11040,#4556);
#3883=LINE('',#11042,#4557);
#3884=LINE('',#11044,#4558);
#3885=LINE('',#11046,#4559);
#3886=LINE('',#11048,#4560);
#3887=LINE('',#11050,#4561);
#3888=LINE('',#11052,#4562);
#3889=LINE('',#11056,#4563);
#3890=LINE('',#11060,#4564);
#3891=LINE('',#11062,#4565);
#3892=LINE('',#11064,#4566);
#3893=LINE('',#11066,#4567);
#3894=LINE('',#11068,#4568);
#3895=LINE('',#11070,#4569);
#3896=LINE('',#11084,#4570);
#3897=LINE('',#11088,#4571);
#3898=LINE('',#11090,#4572);
#3899=LINE('',#11092,#4573);
#3900=LINE('',#11096,#4574);
#3901=LINE('',#11100,#4575);
#3902=LINE('',#11104,#4576);
#3903=LINE('',#11106,#4577);
#3904=LINE('',#11108,#4578);
#3905=LINE('',#11112,#4579);
#3906=LINE('',#11116,#4580);
#3907=LINE('',#11118,#4581);
#3908=LINE('',#11120,#4582);
#3909=LINE('',#11122,#4583);
#3910=LINE('',#11124,#4584);
#3911=LINE('',#11126,#4585);
#3912=LINE('',#11128,#4586);
#3913=LINE('',#11130,#4587);
#3914=LINE('',#11136,#4588);
#3915=LINE('',#11140,#4589);
#3916=LINE('',#11142,#4590);
#3917=LINE('',#11144,#4591);
#3918=LINE('',#11146,#4592);
#3919=LINE('',#11148,#4593);
#3920=LINE('',#11150,#4594);
#3921=LINE('',#11152,#4595);
#3922=LINE('',#11154,#4596);
#3923=LINE('',#11156,#4597);
#3924=LINE('',#11158,#4598);
#3925=LINE('',#11162,#4599);
#3926=LINE('',#11166,#4600);
#3927=LINE('',#11168,#4601);
#3928=LINE('',#11170,#4602);
#3929=LINE('',#11172,#4603);
#3930=LINE('',#11174,#4604);
#3931=LINE('',#11176,#4605);
#3932=LINE('',#11188,#4606);
#3933=LINE('',#11192,#4607);
#3934=LINE('',#11194,#4608);
#3935=LINE('',#11196,#4609);
#3936=LINE('',#11200,#4610);
#3937=LINE('',#11208,#4611);
#3938=LINE('',#11212,#4612);
#3939=LINE('',#11214,#4613);
#3940=LINE('',#11216,#4614);
#3941=LINE('',#11220,#4615);
#3942=LINE('',#11222,#4616);
#3943=LINE('',#11224,#4617);
#3944=LINE('',#11226,#4618);
#3945=LINE('',#11228,#4619);
#3946=LINE('',#11230,#4620);
#3947=LINE('',#11232,#4621);
#3948=LINE('',#11234,#4622);
#3949=LINE('',#11236,#4623);
#3950=LINE('',#11242,#4624);
#3951=LINE('',#11246,#4625);
#3952=LINE('',#11248,#4626);
#3953=LINE('',#11250,#4627);
#3954=LINE('',#11252,#4628);
#3955=LINE('',#11254,#4629);
#3956=LINE('',#11256,#4630);
#3957=LINE('',#11258,#4631);
#3958=LINE('',#11260,#4632);
#3959=LINE('',#11262,#4633);
#3960=LINE('',#11264,#4634);
#3961=LINE('',#11268,#4635);
#3962=LINE('',#11272,#4636);
#3963=LINE('',#11274,#4637);
#3964=LINE('',#11276,#4638);
#3965=LINE('',#11278,#4639);
#3966=LINE('',#11280,#4640);
#3967=LINE('',#11282,#4641);
#3968=LINE('',#11294,#4642);
#3969=LINE('',#11298,#4643);
#3970=LINE('',#11300,#4644);
#3971=LINE('',#11302,#4645);
#3972=LINE('',#11306,#4646);
#3973=LINE('',#11314,#4647);
#3974=LINE('',#11318,#4648);
#3975=LINE('',#11320,#4649);
#3976=LINE('',#11322,#4650);
#3977=LINE('',#11326,#4651);
#3978=LINE('',#11328,#4652);
#3979=LINE('',#11330,#4653);
#3980=LINE('',#11332,#4654);
#3981=LINE('',#11334,#4655);
#3982=LINE('',#11336,#4656);
#3983=LINE('',#11338,#4657);
#3984=LINE('',#11340,#4658);
#3985=LINE('',#11342,#4659);
#3986=LINE('',#11346,#4660);
#3987=LINE('',#11349,#4661);
#3988=LINE('',#11351,#4662);
#3989=LINE('',#11353,#4663);
#3990=LINE('',#11355,#4664);
#3991=LINE('',#11358,#4665);
#3992=LINE('',#11360,#4666);
#3993=LINE('',#11362,#4667);
#3994=LINE('',#11364,#4668);
#3995=LINE('',#11366,#4669);
#3996=LINE('',#11368,#4670);
#3997=LINE('',#11370,#4671);
#3998=LINE('',#11372,#4672);
#3999=LINE('',#11374,#4673);
#4000=LINE('',#11376,#4674);
#4001=LINE('',#11377,#4675);
#4002=LINE('',#11379,#4676);
#4003=LINE('',#11381,#4677);
#4004=LINE('',#11384,#4678);
#4005=LINE('',#11386,#4679);
#4006=LINE('',#11387,#4680);
#4007=LINE('',#11389,#4681);
#4008=LINE('',#11391,#4682);
#4009=LINE('',#11393,#4683);
#4010=LINE('',#11395,#4684);
#4011=LINE('',#11397,#4685);
#4012=LINE('',#11399,#4686);
#4013=LINE('',#11401,#4687);
#4014=LINE('',#11403,#4688);
#4015=LINE('',#11405,#4689);
#4016=LINE('',#11407,#4690);
#4017=LINE('',#11409,#4691);
#4018=LINE('',#11411,#4692);
#4019=LINE('',#11413,#4693);
#4020=LINE('',#11415,#4694);
#4021=LINE('',#11417,#4695);
#4022=LINE('',#11419,#4696);
#4023=LINE('',#11422,#4697);
#4024=LINE('',#11423,#4698);
#4025=LINE('',#11425,#4699);
#4026=LINE('',#11427,#4700);
#4027=LINE('',#11429,#4701);
#4028=LINE('',#11431,#4702);
#4029=LINE('',#11433,#4703);
#4030=LINE('',#11435,#4704);
#4031=LINE('',#11437,#4705);
#4032=LINE('',#11439,#4706);
#4033=LINE('',#11441,#4707);
#4034=LINE('',#11443,#4708);
#4035=LINE('',#11445,#4709);
#4036=LINE('',#11447,#4710);
#4037=LINE('',#11450,#4711);
#4038=LINE('',#11451,#4712);
#4039=LINE('',#11453,#4713);
#4040=LINE('',#11455,#4714);
#4041=LINE('',#11457,#4715);
#4042=LINE('',#11459,#4716);
#4043=LINE('',#11461,#4717);
#4044=LINE('',#11463,#4718);
#4045=LINE('',#11465,#4719);
#4046=LINE('',#11467,#4720);
#4047=LINE('',#11469,#4721);
#4048=LINE('',#11471,#4722);
#4049=LINE('',#11473,#4723);
#4050=LINE('',#11475,#4724);
#4051=LINE('',#11478,#4725);
#4052=LINE('',#11479,#4726);
#4053=LINE('',#11481,#4727);
#4054=LINE('',#11483,#4728);
#4055=LINE('',#11485,#4729);
#4056=LINE('',#11487,#4730);
#4057=LINE('',#11489,#4731);
#4058=LINE('',#11491,#4732);
#4059=LINE('',#11492,#4733);
#4060=LINE('',#11495,#4734);
#4061=LINE('',#11498,#4735);
#4062=LINE('',#11499,#4736);
#4063=LINE('',#11500,#4737);
#4064=LINE('',#11501,#4738);
#4065=LINE('',#11502,#4739);
#4066=LINE('',#11504,#4740);
#4067=LINE('',#11509,#4741);
#4068=LINE('',#11511,#4742);
#4069=LINE('',#11513,#4743);
#4070=LINE('',#11515,#4744);
#4071=LINE('',#11517,#4745);
#4072=LINE('',#11519,#4746);
#4073=LINE('',#11521,#4747);
#4074=LINE('',#11523,#4748);
#4075=LINE('',#11525,#4749);
#4076=LINE('',#11527,#4750);
#4077=LINE('',#11529,#4751);
#4078=LINE('',#11530,#4752);
#4079=VECTOR('',#8192,1000.);
#4080=VECTOR('',#8195,1000.);
#4081=VECTOR('',#8196,1000.);
#4082=VECTOR('',#8199,1000.);
#4083=VECTOR('',#8202,1000.);
#4084=VECTOR('',#8203,1000.);
#4085=VECTOR('',#8206,1000.);
#4086=VECTOR('',#8209,1000.);
#4087=VECTOR('',#8210,1000.);
#4088=VECTOR('',#8213,1000.);
#4089=VECTOR('',#8216,1000.);
#4090=VECTOR('',#8217,1000.);
#4091=VECTOR('',#8220,1000.);
#4092=VECTOR('',#8221,1000.);
#4093=VECTOR('',#8224,1000.);
#4094=VECTOR('',#8227,1000.);
#4095=VECTOR('',#8228,1000.);
#4096=VECTOR('',#8231,1000.);
#4097=VECTOR('',#8234,1000.);
#4098=VECTOR('',#8235,1000.);
#4099=VECTOR('',#8238,1000.);
#4100=VECTOR('',#8241,1000.);
#4101=VECTOR('',#8242,1000.);
#4102=VECTOR('',#8245,1000.);
#4103=VECTOR('',#8248,1000.);
#4104=VECTOR('',#8249,1000.);
#4105=VECTOR('',#8252,1000.);
#4106=VECTOR('',#8253,1000.);
#4107=VECTOR('',#8258,1000.);
#4108=VECTOR('',#8259,1000.);
#4109=VECTOR('',#8260,1000.);
#4110=VECTOR('',#8265,1000.);
#4111=VECTOR('',#8266,1000.);
#4112=VECTOR('',#8267,1000.);
#4113=VECTOR('',#8270,1000.);
#4114=VECTOR('',#8271,1000.);
#4115=VECTOR('',#8274,1000.);
#4116=VECTOR('',#8275,1000.);
#4117=VECTOR('',#8276,1000.);
#4118=VECTOR('',#8277,1000.);
#4119=VECTOR('',#8278,1000.);
#4120=VECTOR('',#8279,1000.);
#4121=VECTOR('',#8280,1000.);
#4122=VECTOR('',#8283,1000.);
#4123=VECTOR('',#8284,1000.);
#4124=VECTOR('',#8287,1000.);
#4125=VECTOR('',#8290,1000.);
#4126=VECTOR('',#8291,1000.);
#4127=VECTOR('',#8294,1000.);
#4128=VECTOR('',#8295,1000.);
#4129=VECTOR('',#8296,1000.);
#4130=VECTOR('',#8297,1000.);
#4131=VECTOR('',#8302,1000.);
#4132=VECTOR('',#8303,1000.);
#4133=VECTOR('',#8304,1000.);
#4134=VECTOR('',#8305,1000.);
#4135=VECTOR('',#8306,1000.);
#4136=VECTOR('',#8311,1000.);
#4137=VECTOR('',#8312,1000.);
#4138=VECTOR('',#8313,1000.);
#4139=VECTOR('',#8314,1000.);
#4140=VECTOR('',#8315,1000.);
#4141=VECTOR('',#8320,1000.);
#4142=VECTOR('',#8323,1000.);
#4143=VECTOR('',#8326,1000.);
#4144=VECTOR('',#8327,1000.);
#4145=VECTOR('',#8328,1000.);
#4146=VECTOR('',#8331,1000.);
#4147=VECTOR('',#8334,1000.);
#4148=VECTOR('',#8337,1000.);
#4149=VECTOR('',#8340,1000.);
#4150=VECTOR('',#8341,1000.);
#4151=VECTOR('',#8342,1000.);
#4152=VECTOR('',#8345,1000.);
#4153=VECTOR('',#8348,1000.);
#4154=VECTOR('',#8349,1000.);
#4155=VECTOR('',#8350,1000.);
#4156=VECTOR('',#8353,1000.);
#4157=VECTOR('',#8356,1000.);
#4158=VECTOR('',#8359,1000.);
#4159=VECTOR('',#8360,1000.);
#4160=VECTOR('',#8361,1000.);
#4161=VECTOR('',#8362,1000.);
#4162=VECTOR('',#8363,1000.);
#4163=VECTOR('',#8364,1000.);
#4164=VECTOR('',#8365,1000.);
#4165=VECTOR('',#8366,1000.);
#4166=VECTOR('',#8369,1000.);
#4167=VECTOR('',#8370,1000.);
#4168=VECTOR('',#8373,1000.);
#4169=VECTOR('',#8374,1000.);
#4170=VECTOR('',#8375,1000.);
#4171=VECTOR('',#8382,1000.);
#4172=VECTOR('',#8383,1000.);
#4173=VECTOR('',#8384,1000.);
#4174=VECTOR('',#8385,1000.);
#4175=VECTOR('',#8386,1000.);
#4176=VECTOR('',#8387,1000.);
#4177=VECTOR('',#8388,1000.);
#4178=VECTOR('',#8389,1000.);
#4179=VECTOR('',#8392,1000.);
#4180=VECTOR('',#8395,1000.);
#4181=VECTOR('',#8396,1000.);
#4182=VECTOR('',#8397,1000.);
#4183=VECTOR('',#8398,1000.);
#4184=VECTOR('',#8399,1000.);
#4185=VECTOR('',#8404,1000.);
#4186=VECTOR('',#8405,1000.);
#4187=VECTOR('',#8406,1000.);
#4188=VECTOR('',#8411,1000.);
#4189=VECTOR('',#8412,1000.);
#4190=VECTOR('',#8413,1000.);
#4191=VECTOR('',#8414,1000.);
#4192=VECTOR('',#8415,1000.);
#4193=VECTOR('',#8416,1000.);
#4194=VECTOR('',#8417,1000.);
#4195=VECTOR('',#8418,1000.);
#4196=VECTOR('',#8419,1000.);
#4197=VECTOR('',#8420,1000.);
#4198=VECTOR('',#8421,1000.);
#4199=VECTOR('',#8426,1000.);
#4200=VECTOR('',#8429,1000.);
#4201=VECTOR('',#8430,1000.);
#4202=VECTOR('',#8431,1000.);
#4203=VECTOR('',#8432,1000.);
#4204=VECTOR('',#8435,1000.);
#4205=VECTOR('',#8436,1000.);
#4206=VECTOR('',#8437,1000.);
#4207=VECTOR('',#8440,1000.);
#4208=VECTOR('',#8441,1000.);
#4209=VECTOR('',#8442,1000.);
#4210=VECTOR('',#8443,1000.);
#4211=VECTOR('',#8444,1000.);
#4212=VECTOR('',#8445,1000.);
#4213=VECTOR('',#8446,1000.);
#4214=VECTOR('',#8449,1000.);
#4215=VECTOR('',#8450,1000.);
#4216=VECTOR('',#8451,1000.);
#4217=VECTOR('',#8452,1000.);
#4218=VECTOR('',#8453,1000.);
#4219=VECTOR('',#8454,1000.);
#4220=VECTOR('',#8455,1000.);
#4221=VECTOR('',#8460,1000.);
#4222=VECTOR('',#8461,1000.);
#4223=VECTOR('',#8462,1000.);
#4224=VECTOR('',#8463,1000.);
#4225=VECTOR('',#8464,1000.);
#4226=VECTOR('',#8465,1000.);
#4227=VECTOR('',#8466,1000.);
#4228=VECTOR('',#8467,1000.);
#4229=VECTOR('',#8468,1000.);
#4230=VECTOR('',#8471,1000.);
#4231=VECTOR('',#8474,1000.);
#4232=VECTOR('',#8477,1000.);
#4233=VECTOR('',#8478,1000.);
#4234=VECTOR('',#8479,1000.);
#4235=VECTOR('',#8482,1000.);
#4236=VECTOR('',#8483,1000.);
#4237=VECTOR('',#8484,1000.);
#4238=VECTOR('',#8485,1000.);
#4239=VECTOR('',#8486,1000.);
#4240=VECTOR('',#8487,1000.);
#4241=VECTOR('',#8488,1000.);
#4242=VECTOR('',#8489,1000.);
#4243=VECTOR('',#8490,1000.);
#4244=VECTOR('',#8491,1000.);
#4245=VECTOR('',#8492,1000.);
#4246=VECTOR('',#8493,1000.);
#4247=VECTOR('',#8494,1000.);
#4248=VECTOR('',#8495,1000.);
#4249=VECTOR('',#8496,1000.);
#4250=VECTOR('',#8497,1000.);
#4251=VECTOR('',#8498,1000.);
#4252=VECTOR('',#8499,1000.);
#4253=VECTOR('',#8500,1000.);
#4254=VECTOR('',#8501,1000.);
#4255=VECTOR('',#8504,1000.);
#4256=VECTOR('',#8507,1000.);
#4257=VECTOR('',#8510,1000.);
#4258=VECTOR('',#8511,1000.);
#4259=VECTOR('',#8512,1000.);
#4260=VECTOR('',#8513,1000.);
#4261=VECTOR('',#8514,1000.);
#4262=VECTOR('',#8523,1000.);
#4263=VECTOR('',#8528,1000.);
#4264=VECTOR('',#8529,1000.);
#4265=VECTOR('',#8530,1000.);
#4266=VECTOR('',#8531,1000.);
#4267=VECTOR('',#8532,1000.);
#4268=VECTOR('',#8533,1000.);
#4269=VECTOR('',#8534,1000.);
#4270=VECTOR('',#8535,1000.);
#4271=VECTOR('',#8536,1000.);
#4272=VECTOR('',#8537,1000.);
#4273=VECTOR('',#8538,1000.);
#4274=VECTOR('',#8539,1000.);
#4275=VECTOR('',#8540,1000.);
#4276=VECTOR('',#8541,1000.);
#4277=VECTOR('',#8542,1000.);
#4278=VECTOR('',#8543,1000.);
#4279=VECTOR('',#8544,1000.);
#4280=VECTOR('',#8545,1000.);
#4281=VECTOR('',#8546,1000.);
#4282=VECTOR('',#8547,1000.);
#4283=VECTOR('',#8548,1000.);
#4284=VECTOR('',#8549,1000.);
#4285=VECTOR('',#8552,1000.);
#4286=VECTOR('',#8553,1000.);
#4287=VECTOR('',#8554,1000.);
#4288=VECTOR('',#8557,1000.);
#4289=VECTOR('',#8558,1000.);
#4290=VECTOR('',#8561,1000.);
#4291=VECTOR('',#8562,1000.);
#4292=VECTOR('',#8563,1000.);
#4293=VECTOR('',#8564,1000.);
#4294=VECTOR('',#8565,1000.);
#4295=VECTOR('',#8568,1000.);
#4296=VECTOR('',#8569,1000.);
#4297=VECTOR('',#8570,1000.);
#4298=VECTOR('',#8571,1000.);
#4299=VECTOR('',#8574,1000.);
#4300=VECTOR('',#8575,1000.);
#4301=VECTOR('',#8576,1000.);
#4302=VECTOR('',#8577,1000.);
#4303=VECTOR('',#8578,1000.);
#4304=VECTOR('',#8579,1000.);
#4305=VECTOR('',#8580,1000.);
#4306=VECTOR('',#8581,1000.);
#4307=VECTOR('',#8582,1000.);
#4308=VECTOR('',#8583,1000.);
#4309=VECTOR('',#8584,1000.);
#4310=VECTOR('',#8585,1000.);
#4311=VECTOR('',#8590,1000.);
#4312=VECTOR('',#8593,1000.);
#4313=VECTOR('',#8594,1000.);
#4314=VECTOR('',#8595,1000.);
#4315=VECTOR('',#8596,1000.);
#4316=VECTOR('',#8597,1000.);
#4317=VECTOR('',#8598,1000.);
#4318=VECTOR('',#8599,1000.);
#4319=VECTOR('',#8600,1000.);
#4320=VECTOR('',#8601,1000.);
#4321=VECTOR('',#8602,1000.);
#4322=VECTOR('',#8603,1000.);
#4323=VECTOR('',#8604,1000.);
#4324=VECTOR('',#8607,1000.);
#4325=VECTOR('',#8608,1000.);
#4326=VECTOR('',#8609,1000.);
#4327=VECTOR('',#8612,1000.);
#4328=VECTOR('',#8613,1000.);
#4329=VECTOR('',#8614,1000.);
#4330=VECTOR('',#8617,1000.);
#4331=VECTOR('',#8618,1000.);
#4332=VECTOR('',#8621,1000.);
#4333=VECTOR('',#8622,1000.);
#4334=VECTOR('',#8625,1000.);
#4335=VECTOR('',#8626,1000.);
#4336=VECTOR('',#8627,1000.);
#4337=VECTOR('',#8628,1000.);
#4338=VECTOR('',#8631,1000.);
#4339=VECTOR('',#8632,1000.);
#4340=VECTOR('',#8637,1000.);
#4341=VECTOR('',#8638,1000.);
#4342=VECTOR('',#8639,1000.);
#4343=VECTOR('',#8640,1000.);
#4344=VECTOR('',#8643,1000.);
#4345=VECTOR('',#8644,1000.);
#4346=VECTOR('',#8649,1000.);
#4347=VECTOR('',#8652,1000.);
#4348=VECTOR('',#8653,1000.);
#4349=VECTOR('',#8654,1000.);
#4350=VECTOR('',#8661,1000.);
#4351=VECTOR('',#8664,1000.);
#4352=VECTOR('',#8669,1000.);
#4353=VECTOR('',#8670,1000.);
#4354=VECTOR('',#8673,1000.);
#4355=VECTOR('',#8674,1000.);
#4356=VECTOR('',#8675,1000.);
#4357=VECTOR('',#8676,1000.);
#4358=VECTOR('',#8677,1000.);
#4359=VECTOR('',#8680,1000.);
#4360=VECTOR('',#8681,1000.);
#4361=VECTOR('',#8682,1000.);
#4362=VECTOR('',#8683,1000.);
#4363=VECTOR('',#8684,1000.);
#4364=VECTOR('',#8685,1000.);
#4365=VECTOR('',#8690,1000.);
#4366=VECTOR('',#8691,1000.);
#4367=VECTOR('',#8692,1000.);
#4368=VECTOR('',#8693,1000.);
#4369=VECTOR('',#8696,1000.);
#4370=VECTOR('',#8699,1000.);
#4371=VECTOR('',#8700,1000.);
#4372=VECTOR('',#8701,1000.);
#4373=VECTOR('',#8702,1000.);
#4374=VECTOR('',#8705,1000.);
#4375=VECTOR('',#8712,1000.);
#4376=VECTOR('',#8715,1000.);
#4377=VECTOR('',#8718,1000.);
#4378=VECTOR('',#8721,1000.);
#4379=VECTOR('',#8724,1000.);
#4380=VECTOR('',#8727,1000.);
#4381=VECTOR('',#8730,1000.);
#4382=VECTOR('',#8733,1000.);
#4383=VECTOR('',#8736,1000.);
#4384=VECTOR('',#8739,1000.);
#4385=VECTOR('',#8742,1000.);
#4386=VECTOR('',#8745,1000.);
#4387=VECTOR('',#8748,1000.);
#4388=VECTOR('',#8751,1000.);
#4389=VECTOR('',#8754,1000.);
#4390=VECTOR('',#8757,1000.);
#4391=VECTOR('',#8760,1000.);
#4392=VECTOR('',#8763,1000.);
#4393=VECTOR('',#8766,1000.);
#4394=VECTOR('',#8767,1000.);
#4395=VECTOR('',#8768,1000.);
#4396=VECTOR('',#8771,1000.);
#4397=VECTOR('',#8772,1000.);
#4398=VECTOR('',#8773,1000.);
#4399=VECTOR('',#8776,1000.);
#4400=VECTOR('',#8777,1000.);
#4401=VECTOR('',#8778,1000.);
#4402=VECTOR('',#8781,1000.);
#4403=VECTOR('',#8782,1000.);
#4404=VECTOR('',#8785,1000.);
#4405=VECTOR('',#8786,1000.);
#4406=VECTOR('',#8789,1000.);
#4407=VECTOR('',#8790,1000.);
#4408=VECTOR('',#8791,1000.);
#4409=VECTOR('',#8794,1000.);
#4410=VECTOR('',#8795,1000.);
#4411=VECTOR('',#8798,1000.);
#4412=VECTOR('',#8801,1000.);
#4413=VECTOR('',#8806,1000.);
#4414=VECTOR('',#8809,1000.);
#4415=VECTOR('',#8812,1000.);
#4416=VECTOR('',#8817,1000.);
#4417=VECTOR('',#8820,1000.);
#4418=VECTOR('',#8831,1000.);
#4419=VECTOR('',#8834,1000.);
#4420=VECTOR('',#8841,1000.);
#4421=VECTOR('',#8844,1000.);
#4422=VECTOR('',#8851,1000.);
#4423=VECTOR('',#8854,1000.);
#4424=VECTOR('',#8859,1000.);
#4425=VECTOR('',#8862,1000.);
#4426=VECTOR('',#8867,1000.);
#4427=VECTOR('',#8872,1000.);
#4428=VECTOR('',#8875,1000.);
#4429=VECTOR('',#8882,1000.);
#4430=VECTOR('',#8885,1000.);
#4431=VECTOR('',#8890,1000.);
#4432=VECTOR('',#8895,1000.);
#4433=VECTOR('',#8898,1000.);
#4434=VECTOR('',#8901,1000.);
#4435=VECTOR('',#8904,1000.);
#4436=VECTOR('',#8907,1000.);
#4437=VECTOR('',#8908,1000.);
#4438=VECTOR('',#8913,1000.);
#4439=VECTOR('',#8916,1000.);
#4440=VECTOR('',#8917,1000.);
#4441=VECTOR('',#8922,1000.);
#4442=VECTOR('',#8925,1000.);
#4443=VECTOR('',#8926,1000.);
#4444=VECTOR('',#8931,1000.);
#4445=VECTOR('',#8934,1000.);
#4446=VECTOR('',#8939,1000.);
#4447=VECTOR('',#8942,1000.);
#4448=VECTOR('',#8945,1000.);
#4449=VECTOR('',#8946,1000.);
#4450=VECTOR('',#8951,1000.);
#4451=VECTOR('',#8954,1000.);
#4452=VECTOR('',#8955,1000.);
#4453=VECTOR('',#8960,1000.);
#4454=VECTOR('',#8963,1000.);
#4455=VECTOR('',#8964,1000.);
#4456=VECTOR('',#8969,1000.);
#4457=VECTOR('',#8972,1000.);
#4458=VECTOR('',#8977,1000.);
#4459=VECTOR('',#8980,1000.);
#4460=VECTOR('',#8983,1000.);
#4461=VECTOR('',#8984,1000.);
#4462=VECTOR('',#8989,1000.);
#4463=VECTOR('',#8992,1000.);
#4464=VECTOR('',#8993,1000.);
#4465=VECTOR('',#8998,1000.);
#4466=VECTOR('',#9001,1000.);
#4467=VECTOR('',#9002,1000.);
#4468=VECTOR('',#9007,1000.);
#4469=VECTOR('',#9010,1000.);
#4470=VECTOR('',#9015,1000.);
#4471=VECTOR('',#9018,1000.);
#4472=VECTOR('',#9021,1000.);
#4473=VECTOR('',#9022,1000.);
#4474=VECTOR('',#9027,1000.);
#4475=VECTOR('',#9030,1000.);
#4476=VECTOR('',#9031,1000.);
#4477=VECTOR('',#9036,1000.);
#4478=VECTOR('',#9039,1000.);
#4479=VECTOR('',#9040,1000.);
#4480=VECTOR('',#9045,1000.);
#4481=VECTOR('',#9048,1000.);
#4482=VECTOR('',#9065,1000.);
#4483=VECTOR('',#9068,1000.);
#4484=VECTOR('',#9071,1000.);
#4485=VECTOR('',#9074,1000.);
#4486=VECTOR('',#9079,1000.);
#4487=VECTOR('',#9082,1000.);
#4488=VECTOR('',#9085,1000.);
#4489=VECTOR('',#9088,1000.);
#4490=VECTOR('',#9093,1000.);
#4491=VECTOR('',#9096,1000.);
#4492=VECTOR('',#9099,1000.);
#4493=VECTOR('',#9102,1000.);
#4494=VECTOR('',#9105,1000.);
#4495=VECTOR('',#9110,1000.);
#4496=VECTOR('',#9115,1000.);
#4497=VECTOR('',#9116,1000.);
#4498=VECTOR('',#9119,1000.);
#4499=VECTOR('',#9122,1000.);
#4500=VECTOR('',#9125,1000.);
#4501=VECTOR('',#9128,1000.);
#4502=VECTOR('',#9133,1000.);
#4503=VECTOR('',#9136,1000.);
#4504=VECTOR('',#9139,1000.);
#4505=VECTOR('',#9142,1000.);
#4506=VECTOR('',#9147,1000.);
#4507=VECTOR('',#9150,1000.);
#4508=VECTOR('',#9153,1000.);
#4509=VECTOR('',#9156,1000.);
#4510=VECTOR('',#9167,1000.);
#4511=VECTOR('',#9170,1000.);
#4512=VECTOR('',#9175,1000.);
#4513=VECTOR('',#9180,1000.);
#4514=VECTOR('',#9191,1000.);
#4515=VECTOR('',#9194,1000.);
#4516=VECTOR('',#9199,1000.);
#4517=VECTOR('',#9204,1000.);
#4518=VECTOR('',#9215,1000.);
#4519=VECTOR('',#9220,1000.);
#4520=VECTOR('',#9223,1000.);
#4521=VECTOR('',#9224,1000.);
#4522=VECTOR('',#9225,1000.);
#4523=VECTOR('',#9228,1000.);
#4524=VECTOR('',#9229,1000.);
#4525=VECTOR('',#9230,1000.);
#4526=VECTOR('',#9233,1000.);
#4527=VECTOR('',#9236,1000.);
#4528=VECTOR('',#9237,1000.);
#4529=VECTOR('',#9238,1000.);
#4530=VECTOR('',#9241,1000.);
#4531=VECTOR('',#9246,1000.);
#4532=VECTOR('',#9249,1000.);
#4533=VECTOR('',#9252,1000.);
#4534=VECTOR('',#9253,1000.);
#4535=VECTOR('',#9254,1000.);
#4536=VECTOR('',#9257,1000.);
#4537=VECTOR('',#9260,1000.);
#4538=VECTOR('',#9261,1000.);
#4539=VECTOR('',#9268,1000.);
#4540=VECTOR('',#9271,1000.);
#4541=VECTOR('',#9272,1000.);
#4542=VECTOR('',#9281,1000.);
#4543=VECTOR('',#9284,1000.);
#4544=VECTOR('',#9287,1000.);
#4545=VECTOR('',#9290,1000.);
#4546=VECTOR('',#9293,1000.);
#4547=VECTOR('',#9296,1000.);
#4548=VECTOR('',#9299,1000.);
#4549=VECTOR('',#9302,1000.);
#4550=VECTOR('',#9305,1000.);
#4551=VECTOR('',#9308,1000.);
#4552=VECTOR('',#9315,1000.);
#4553=VECTOR('',#9318,1000.);
#4554=VECTOR('',#9321,1000.);
#4555=VECTOR('',#9322,1000.);
#4556=VECTOR('',#9323,1000.);
#4557=VECTOR('',#9326,1000.);
#4558=VECTOR('',#9327,1000.);
#4559=VECTOR('',#9328,1000.);
#4560=VECTOR('',#9331,1000.);
#4561=VECTOR('',#9332,1000.);
#4562=VECTOR('',#9333,1000.);
#4563=VECTOR('',#9338,1000.);
#4564=VECTOR('',#9343,1000.);
#4565=VECTOR('',#9344,1000.);
#4566=VECTOR('',#9345,1000.);
#4567=VECTOR('',#9348,1000.);
#4568=VECTOR('',#9349,1000.);
#4569=VECTOR('',#9350,1000.);
#4570=VECTOR('',#9373,1000.);
#4571=VECTOR('',#9376,1000.);
#4572=VECTOR('',#9377,1000.);
#4573=VECTOR('',#9378,1000.);
#4574=VECTOR('',#9381,1000.);
#4575=VECTOR('',#9386,1000.);
#4576=VECTOR('',#9389,1000.);
#4577=VECTOR('',#9390,1000.);
#4578=VECTOR('',#9391,1000.);
#4579=VECTOR('',#9394,1000.);
#4580=VECTOR('',#9399,1000.);
#4581=VECTOR('',#9402,1000.);
#4582=VECTOR('',#9405,1000.);
#4583=VECTOR('',#9408,1000.);
#4584=VECTOR('',#9411,1000.);
#4585=VECTOR('',#9414,1000.);
#4586=VECTOR('',#9417,1000.);
#4587=VECTOR('',#9420,1000.);
#4588=VECTOR('',#9427,1000.);
#4589=VECTOR('',#9430,1000.);
#4590=VECTOR('',#9433,1000.);
#4591=VECTOR('',#9434,1000.);
#4592=VECTOR('',#9435,1000.);
#4593=VECTOR('',#9438,1000.);
#4594=VECTOR('',#9439,1000.);
#4595=VECTOR('',#9440,1000.);
#4596=VECTOR('',#9443,1000.);
#4597=VECTOR('',#9444,1000.);
#4598=VECTOR('',#9445,1000.);
#4599=VECTOR('',#9450,1000.);
#4600=VECTOR('',#9455,1000.);
#4601=VECTOR('',#9456,1000.);
#4602=VECTOR('',#9457,1000.);
#4603=VECTOR('',#9460,1000.);
#4604=VECTOR('',#9461,1000.);
#4605=VECTOR('',#9462,1000.);
#4606=VECTOR('',#9483,1000.);
#4607=VECTOR('',#9486,1000.);
#4608=VECTOR('',#9487,1000.);
#4609=VECTOR('',#9488,1000.);
#4610=VECTOR('',#9491,1000.);
#4611=VECTOR('',#9500,1000.);
#4612=VECTOR('',#9503,1000.);
#4613=VECTOR('',#9504,1000.);
#4614=VECTOR('',#9505,1000.);
#4615=VECTOR('',#9508,1000.);
#4616=VECTOR('',#9511,1000.);
#4617=VECTOR('',#9514,1000.);
#4618=VECTOR('',#9517,1000.);
#4619=VECTOR('',#9520,1000.);
#4620=VECTOR('',#9523,1000.);
#4621=VECTOR('',#9526,1000.);
#4622=VECTOR('',#9529,1000.);
#4623=VECTOR('',#9532,1000.);
#4624=VECTOR('',#9539,1000.);
#4625=VECTOR('',#9542,1000.);
#4626=VECTOR('',#9545,1000.);
#4627=VECTOR('',#9546,1000.);
#4628=VECTOR('',#9547,1000.);
#4629=VECTOR('',#9550,1000.);
#4630=VECTOR('',#9551,1000.);
#4631=VECTOR('',#9552,1000.);
#4632=VECTOR('',#9555,1000.);
#4633=VECTOR('',#9556,1000.);
#4634=VECTOR('',#9557,1000.);
#4635=VECTOR('',#9562,1000.);
#4636=VECTOR('',#9567,1000.);
#4637=VECTOR('',#9568,1000.);
#4638=VECTOR('',#9569,1000.);
#4639=VECTOR('',#9572,1000.);
#4640=VECTOR('',#9573,1000.);
#4641=VECTOR('',#9574,1000.);
#4642=VECTOR('',#9595,1000.);
#4643=VECTOR('',#9598,1000.);
#4644=VECTOR('',#9599,1000.);
#4645=VECTOR('',#9600,1000.);
#4646=VECTOR('',#9603,1000.);
#4647=VECTOR('',#9612,1000.);
#4648=VECTOR('',#9615,1000.);
#4649=VECTOR('',#9616,1000.);
#4650=VECTOR('',#9617,1000.);
#4651=VECTOR('',#9620,1000.);
#4652=VECTOR('',#9623,1000.);
#4653=VECTOR('',#9626,1000.);
#4654=VECTOR('',#9629,1000.);
#4655=VECTOR('',#9632,1000.);
#4656=VECTOR('',#9635,1000.);
#4657=VECTOR('',#9638,1000.);
#4658=VECTOR('',#9641,1000.);
#4659=VECTOR('',#9644,1000.);
#4660=VECTOR('',#9651,1000.);
#4661=VECTOR('',#9652,1000.);
#4662=VECTOR('',#9653,1000.);
#4663=VECTOR('',#9654,1000.);
#4664=VECTOR('',#9657,1000.);
#4665=VECTOR('',#9658,1000.);
#4666=VECTOR('',#9659,1000.);
#4667=VECTOR('',#9660,1000.);
#4668=VECTOR('',#9663,1000.);
#4669=VECTOR('',#9664,1000.);
#4670=VECTOR('',#9665,1000.);
#4671=VECTOR('',#9668,1000.);
#4672=VECTOR('',#9669,1000.);
#4673=VECTOR('',#9670,1000.);
#4674=VECTOR('',#9673,1000.);
#4675=VECTOR('',#9674,1000.);
#4676=VECTOR('',#9675,1000.);
#4677=VECTOR('',#9678,1000.);
#4678=VECTOR('',#9679,1000.);
#4679=VECTOR('',#9680,1000.);
#4680=VECTOR('',#9681,1000.);
#4681=VECTOR('',#9682,1000.);
#4682=VECTOR('',#9683,1000.);
#4683=VECTOR('',#9686,1000.);
#4684=VECTOR('',#9687,1000.);
#4685=VECTOR('',#9688,1000.);
#4686=VECTOR('',#9689,1000.);
#4687=VECTOR('',#9692,1000.);
#4688=VECTOR('',#9693,1000.);
#4689=VECTOR('',#9694,1000.);
#4690=VECTOR('',#9697,1000.);
#4691=VECTOR('',#9698,1000.);
#4692=VECTOR('',#9699,1000.);
#4693=VECTOR('',#9702,1000.);
#4694=VECTOR('',#9703,1000.);
#4695=VECTOR('',#9704,1000.);
#4696=VECTOR('',#9707,1000.);
#4697=VECTOR('',#9708,1000.);
#4698=VECTOR('',#9709,1000.);
#4699=VECTOR('',#9710,1000.);
#4700=VECTOR('',#9713,1000.);
#4701=VECTOR('',#9714,1000.);
#4702=VECTOR('',#9715,1000.);
#4703=VECTOR('',#9718,1000.);
#4704=VECTOR('',#9719,1000.);
#4705=VECTOR('',#9720,1000.);
#4706=VECTOR('',#9721,1000.);
#4707=VECTOR('',#9724,1000.);
#4708=VECTOR('',#9725,1000.);
#4709=VECTOR('',#9726,1000.);
#4710=VECTOR('',#9729,1000.);
#4711=VECTOR('',#9730,1000.);
#4712=VECTOR('',#9731,1000.);
#4713=VECTOR('',#9732,1000.);
#4714=VECTOR('',#9735,1000.);
#4715=VECTOR('',#9736,1000.);
#4716=VECTOR('',#9737,1000.);
#4717=VECTOR('',#9740,1000.);
#4718=VECTOR('',#9741,1000.);
#4719=VECTOR('',#9742,1000.);
#4720=VECTOR('',#9743,1000.);
#4721=VECTOR('',#9746,1000.);
#4722=VECTOR('',#9747,1000.);
#4723=VECTOR('',#9748,1000.);
#4724=VECTOR('',#9751,1000.);
#4725=VECTOR('',#9752,1000.);
#4726=VECTOR('',#9753,1000.);
#4727=VECTOR('',#9754,1000.);
#4728=VECTOR('',#9757,1000.);
#4729=VECTOR('',#9758,1000.);
#4730=VECTOR('',#9759,1000.);
#4731=VECTOR('',#9762,1000.);
#4732=VECTOR('',#9763,1000.);
#4733=VECTOR('',#9764,1000.);
#4734=VECTOR('',#9769,1000.);
#4735=VECTOR('',#9770,1000.);
#4736=VECTOR('',#9771,1000.);
#4737=VECTOR('',#9772,1000.);
#4738=VECTOR('',#9773,1000.);
#4739=VECTOR('',#9774,1000.);
#4740=VECTOR('',#9775,1000.);
#4741=VECTOR('',#9784,1000.);
#4742=VECTOR('',#9787,1000.);
#4743=VECTOR('',#9788,1000.);
#4744=VECTOR('',#9789,1000.);
#4745=VECTOR('',#9792,1000.);
#4746=VECTOR('',#9793,1000.);
#4747=VECTOR('',#9794,1000.);
#4748=VECTOR('',#9797,1000.);
#4749=VECTOR('',#9798,1000.);
#4750=VECTOR('',#9799,1000.);
#4751=VECTOR('',#9802,1000.);
#4752=VECTOR('',#9803,1000.);
#4753=EDGE_LOOP('',(#284,#285,#286,#287));
#4754=EDGE_LOOP('',(#288,#289,#290,#291));
#4755=EDGE_LOOP('',(#292,#293,#294,#295));
#4756=EDGE_LOOP('',(#296,#297,#298,#299));
#4757=EDGE_LOOP('',(#300,#301,#302,#303));
#4758=EDGE_LOOP('',(#304,#305,#306,#307));
#4759=EDGE_LOOP('',(#308,#309,#310,#311));
#4760=EDGE_LOOP('',(#312,#313,#314,#315));
#4761=EDGE_LOOP('',(#316,#317,#318,#319));
#4762=EDGE_LOOP('',(#320,#321,#322,#323));
#4763=EDGE_LOOP('',(#324,#325,#326,#327));
#4764=EDGE_LOOP('',(#328,#329,#330,#331));
#4765=EDGE_LOOP('',(#332,#333,#334,#335));
#4766=EDGE_LOOP('',(#336,#337,#338,#339,#340,#341,#342,#343,#344,#345,#346,
#347,#348,#349,#350,#351,#352,#353,#354,#355));
#4767=EDGE_LOOP('',(#356,#357,#358,#359,#360,#361));
#4768=EDGE_LOOP('',(#362,#363,#364,#365,#366,#367));
#4769=EDGE_LOOP('',(#368,#369,#370,#371,#372,#373,#374,#375,#376,#377,#378,
#379,#380,#381,#382,#383,#384,#385,#386,#387,#388,#389,#390,#391));
#4770=EDGE_LOOP('',(#392,#393,#394,#395,#396,#397,#398,#399,#400,#401,#402,
#403));
#4771=EDGE_LOOP('',(#404,#405,#406,#407,#408,#409));
#4772=EDGE_LOOP('',(#410,#411,#412,#413,#414,#415,#416,#417,#418,#419,#420,
#421,#422,#423,#424,#425,#426,#427,#428,#429,#430,#431,#432,#433,#434,#435,
#436,#437,#438,#439,#440,#441,#442,#443,#444,#445,#446,#447,#448,#449,#450));
#4773=EDGE_LOOP('',(#451,#452,#453,#454));
#4774=EDGE_LOOP('',(#455,#456,#457,#458));
#4775=EDGE_LOOP('',(#459,#460,#461,#462,#463,#464,#465,#466,#467));
#4776=EDGE_LOOP('',(#468,#469,#470,#471,#472,#473,#474,#475,#476));
#4777=EDGE_LOOP('',(#477,#478,#479,#480,#481,#482,#483,#484,#485,#486,#487,
#488));
#4778=EDGE_LOOP('',(#489,#490,#491,#492,#493,#494));
#4779=EDGE_LOOP('',(#495,#496,#497,#498,#499,#500,#501,#502,#503,#504,#505,
#506,#507,#508,#509,#510,#511,#512,#513,#514,#515,#516,#517,#518));
#4780=EDGE_LOOP('',(#519,#520,#521,#522));
#4781=EDGE_LOOP('',(#523,#524,#525,#526,#527,#528,#529,#530));
#4782=EDGE_LOOP('',(#531,#532,#533,#534,#535,#536,#537,#538));
#4783=EDGE_LOOP('',(#539,#540,#541,#542,#543,#544,#545,#546,#547,#548,#549,
#550,#551,#552,#553,#554,#555,#556,#557,#558,#559,#560,#561,#562,#563,#564,
#565,#566,#567,#568,#569,#570,#571,#572,#573,#574,#575,#576));
#4784=EDGE_LOOP('',(#577,#578,#579,#580,#581,#582));
#4785=EDGE_LOOP('',(#583,#584,#585,#586,#587));
#4786=EDGE_LOOP('',(#588,#589,#590,#591,#592,#593));
#4787=EDGE_LOOP('',(#594,#595,#596,#597,#598));
#4788=EDGE_LOOP('',(#599,#600,#601,#602,#603,#604,#605,#606,#607,#608,#609,
#610,#611,#612,#613,#614,#615,#616,#617,#618,#619,#620,#621,#622,#623,#624,
#625,#626,#627,#628,#629,#630,#631,#632,#633,#634,#635,#636,#637,#638,#639,
#640,#641));
#4789=EDGE_LOOP('',(#642,#643,#644,#645,#646,#647));
#4790=EDGE_LOOP('',(#648,#649,#650,#651,#652,#653));
#4791=EDGE_LOOP('',(#654,#655,#656,#657,#658));
#4792=EDGE_LOOP('',(#659,#660,#661,#662,#663));
#4793=EDGE_LOOP('',(#664,#665,#666,#667));
#4794=EDGE_LOOP('',(#668,#669,#670,#671));
#4795=EDGE_LOOP('',(#672,#673,#674,#675,#676));
#4796=EDGE_LOOP('',(#677,#678,#679,#680,#681));
#4797=EDGE_LOOP('',(#682,#683,#684,#685,#686,#687,#688,#689));
#4798=EDGE_LOOP('',(#690,#691,#692,#693,#694,#695));
#4799=EDGE_LOOP('',(#696,#697,#698,#699));
#4800=EDGE_LOOP('',(#700,#701,#702,#703,#704,#705,#706,#707,#708));
#4801=EDGE_LOOP('',(#709,#710,#711,#712,#713,#714,#715,#716,#717));
#4802=EDGE_LOOP('',(#718,#719,#720,#721,#722,#723,#724,#725));
#4803=EDGE_LOOP('',(#726,#727,#728,#729,#730,#731,#732,#733,#734,#735));
#4804=EDGE_LOOP('',(#736,#737,#738,#739));
#4805=EDGE_LOOP('',(#740));
#4806=EDGE_LOOP('',(#741));
#4807=EDGE_LOOP('',(#742,#743,#744,#745,#746,#747,#748,#749));
#4808=EDGE_LOOP('',(#750,#751,#752,#753,#754,#755,#756,#757));
#4809=EDGE_LOOP('',(#758,#759,#760,#761,#762,#763,#764,#765));
#4810=EDGE_LOOP('',(#766,#767,#768,#769,#770,#771,#772,#773));
#4811=EDGE_LOOP('',(#774,#775,#776,#777));
#4812=EDGE_LOOP('',(#778,#779,#780,#781));
#4813=EDGE_LOOP('',(#782,#783,#784,#785,#786,#787,#788,#789,#790,#791));
#4814=EDGE_LOOP('',(#792,#793,#794,#795));
#4815=EDGE_LOOP('',(#796,#797,#798,#799));
#4816=EDGE_LOOP('',(#800,#801,#802,#803));
#4817=EDGE_LOOP('',(#804,#805,#806,#807));
#4818=EDGE_LOOP('',(#808,#809,#810,#811));
#4819=EDGE_LOOP('',(#812,#813,#814,#815));
#4820=EDGE_LOOP('',(#816,#817,#818,#819,#820,#821,#822,#823));
#4821=EDGE_LOOP('',(#824,#825,#826,#827,#828,#829,#830,#831));
#4822=EDGE_LOOP('',(#832,#833,#834,#835,#836,#837));
#4823=EDGE_LOOP('',(#838,#839,#840,#841));
#4824=EDGE_LOOP('',(#842,#843,#844,#845,#846,#847));
#4825=EDGE_LOOP('',(#848,#849,#850,#851,#852,#853,#854,#855));
#4826=EDGE_LOOP('',(#856,#857,#858,#859,#860,#861,#862,#863));
#4827=EDGE_LOOP('',(#864,#865,#866,#867));
#4828=EDGE_LOOP('',(#868,#869,#870,#871));
#4829=EDGE_LOOP('',(#872,#873,#874,#875));
#4830=EDGE_LOOP('',(#876,#877,#878,#879,#880,#881));
#4831=EDGE_LOOP('',(#882,#883,#884,#885));
#4832=EDGE_LOOP('',(#886,#887,#888,#889,#890,#891));
#4833=EDGE_LOOP('',(#892,#893,#894,#895));
#4834=EDGE_LOOP('',(#896,#897,#898,#899));
#4835=EDGE_LOOP('',(#900,#901,#902,#903));
#4836=EDGE_LOOP('',(#904,#905,#906,#907));
#4837=EDGE_LOOP('',(#908,#909,#910,#911));
#4838=EDGE_LOOP('',(#912,#913,#914,#915));
#4839=EDGE_LOOP('',(#916,#917,#918,#919));
#4840=EDGE_LOOP('',(#920,#921,#922,#923));
#4841=EDGE_LOOP('',(#924,#925,#926,#927,#928,#929,#930));
#4842=EDGE_LOOP('',(#931,#932,#933,#934));
#4843=EDGE_LOOP('',(#935,#936,#937,#938));
#4844=EDGE_LOOP('',(#939,#940,#941,#942));
#4845=EDGE_LOOP('',(#943,#944,#945,#946,#947));
#4846=EDGE_LOOP('',(#948,#949,#950,#951));
#4847=EDGE_LOOP('',(#952,#953,#954,#955));
#4848=EDGE_LOOP('',(#956,#957,#958,#959));
#4849=EDGE_LOOP('',(#960,#961,#962,#963));
#4850=EDGE_LOOP('',(#964,#965,#966,#967));
#4851=EDGE_LOOP('',(#968,#969,#970,#971));
#4852=EDGE_LOOP('',(#972,#973,#974,#975));
#4853=EDGE_LOOP('',(#976,#977,#978,#979));
#4854=EDGE_LOOP('',(#980,#981,#982,#983));
#4855=EDGE_LOOP('',(#984,#985,#986,#987));
#4856=EDGE_LOOP('',(#988,#989,#990,#991));
#4857=EDGE_LOOP('',(#992,#993,#994,#995));
#4858=EDGE_LOOP('',(#996,#997,#998,#999));
#4859=EDGE_LOOP('',(#1000,#1001,#1002,#1003));
#4860=EDGE_LOOP('',(#1004,#1005,#1006,#1007,#1008,#1009,#1010,#1011));
#4861=EDGE_LOOP('',(#1012,#1013,#1014,#1015));
#4862=EDGE_LOOP('',(#1016,#1017,#1018,#1019));
#4863=EDGE_LOOP('',(#1020,#1021,#1022,#1023));
#4864=EDGE_LOOP('',(#1024,#1025,#1026,#1027));
#4865=EDGE_LOOP('',(#1028,#1029,#1030,#1031));
#4866=EDGE_LOOP('',(#1032,#1033,#1034,#1035));
#4867=EDGE_LOOP('',(#1036,#1037,#1038,#1039));
#4868=EDGE_LOOP('',(#1040,#1041,#1042,#1043));
#4869=EDGE_LOOP('',(#1044,#1045,#1046,#1047,#1048,#1049,#1050,#1051));
#4870=EDGE_LOOP('',(#1052,#1053,#1054,#1055));
#4871=EDGE_LOOP('',(#1056,#1057,#1058,#1059));
#4872=EDGE_LOOP('',(#1060,#1061,#1062,#1063));
#4873=EDGE_LOOP('',(#1064,#1065,#1066,#1067));
#4874=EDGE_LOOP('',(#1068,#1069,#1070,#1071));
#4875=EDGE_LOOP('',(#1072,#1073,#1074,#1075));
#4876=EDGE_LOOP('',(#1076,#1077,#1078,#1079));
#4877=EDGE_LOOP('',(#1080,#1081,#1082,#1083));
#4878=EDGE_LOOP('',(#1084,#1085,#1086,#1087,#1088,#1089,#1090,#1091));
#4879=EDGE_LOOP('',(#1092,#1093,#1094,#1095));
#4880=EDGE_LOOP('',(#1096,#1097,#1098,#1099));
#4881=EDGE_LOOP('',(#1100,#1101,#1102,#1103));
#4882=EDGE_LOOP('',(#1104,#1105,#1106,#1107));
#4883=EDGE_LOOP('',(#1108,#1109,#1110,#1111));
#4884=EDGE_LOOP('',(#1112,#1113,#1114,#1115));
#4885=EDGE_LOOP('',(#1116,#1117,#1118,#1119));
#4886=EDGE_LOOP('',(#1120,#1121,#1122,#1123));
#4887=EDGE_LOOP('',(#1124,#1125,#1126,#1127,#1128,#1129,#1130,#1131));
#4888=EDGE_LOOP('',(#1132));
#4889=EDGE_LOOP('',(#1133));
#4890=EDGE_LOOP('',(#1134));
#4891=EDGE_LOOP('',(#1135));
#4892=EDGE_LOOP('',(#1136));
#4893=EDGE_LOOP('',(#1137));
#4894=EDGE_LOOP('',(#1138,#1139,#1140,#1141,#1142,#1143,#1144,#1145,#1146,
#1147,#1148,#1149,#1150,#1151,#1152,#1153,#1154,#1155,#1156,#1157));
#4895=EDGE_LOOP('',(#1158,#1159,#1160,#1161));
#4896=EDGE_LOOP('',(#1162,#1163,#1164,#1165,#1166));
#4897=EDGE_LOOP('',(#1167,#1168,#1169,#1170));
#4898=EDGE_LOOP('',(#1171,#1172,#1173,#1174));
#4899=EDGE_LOOP('',(#1175,#1176,#1177,#1178));
#4900=EDGE_LOOP('',(#1179,#1180,#1181,#1182));
#4901=EDGE_LOOP('',(#1183,#1184,#1185,#1186));
#4902=EDGE_LOOP('',(#1187,#1188,#1189,#1190));
#4903=EDGE_LOOP('',(#1191,#1192,#1193,#1194,#1195));
#4904=EDGE_LOOP('',(#1196,#1197,#1198,#1199));
#4905=EDGE_LOOP('',(#1200,#1201,#1202,#1203,#1204,#1205));
#4906=EDGE_LOOP('',(#1206,#1207,#1208,#1209,#1210,#1211));
#4907=EDGE_LOOP('',(#1212,#1213,#1214,#1215));
#4908=EDGE_LOOP('',(#1216,#1217,#1218,#1219,#1220));
#4909=EDGE_LOOP('',(#1221,#1222,#1223,#1224));
#4910=EDGE_LOOP('',(#1225,#1226,#1227,#1228));
#4911=EDGE_LOOP('',(#1229,#1230,#1231,#1232));
#4912=EDGE_LOOP('',(#1233,#1234,#1235,#1236));
#4913=EDGE_LOOP('',(#1237,#1238,#1239,#1240,#1241));
#4914=EDGE_LOOP('',(#1242,#1243,#1244,#1245));
#4915=EDGE_LOOP('',(#1246,#1247,#1248,#1249));
#4916=EDGE_LOOP('',(#1250,#1251,#1252,#1253,#1254,#1255));
#4917=EDGE_LOOP('',(#1256,#1257,#1258,#1259,#1260));
#4918=EDGE_LOOP('',(#1261,#1262,#1263,#1264,#1265));
#4919=EDGE_LOOP('',(#1266,#1267,#1268,#1269));
#4920=EDGE_LOOP('',(#1270,#1271,#1272,#1273,#1274,#1275,#1276,#1277));
#4921=EDGE_LOOP('',(#1278,#1279,#1280,#1281));
#4922=EDGE_LOOP('',(#1282,#1283,#1284,#1285));
#4923=EDGE_LOOP('',(#1286,#1287,#1288,#1289));
#4924=EDGE_LOOP('',(#1290,#1291,#1292,#1293));
#4925=EDGE_LOOP('',(#1294,#1295,#1296,#1297,#1298));
#4926=EDGE_LOOP('',(#1299,#1300,#1301,#1302,#1303));
#4927=EDGE_LOOP('',(#1304,#1305,#1306,#1307));
#4928=EDGE_LOOP('',(#1308,#1309,#1310,#1311,#1312,#1313,#1314,#1315));
#4929=EDGE_LOOP('',(#1316,#1317,#1318,#1319));
#4930=EDGE_LOOP('',(#1320,#1321,#1322,#1323));
#4931=EDGE_LOOP('',(#1324,#1325,#1326,#1327));
#4932=EDGE_LOOP('',(#1328,#1329,#1330,#1331));
#4933=EDGE_LOOP('',(#1332,#1333,#1334,#1335,#1336));
#4934=EDGE_LOOP('',(#1337,#1338,#1339,#1340,#1341));
#4935=EDGE_LOOP('',(#1342,#1343,#1344,#1345));
#4936=EDGE_LOOP('',(#1346,#1347,#1348,#1349,#1350,#1351));
#4937=EDGE_LOOP('',(#1352,#1353,#1354,#1355,#1356,#1357));
#4938=EDGE_LOOP('',(#1358,#1359,#1360,#1361));
#4939=EDGE_LOOP('',(#1362,#1363,#1364,#1365));
#4940=EDGE_LOOP('',(#1366,#1367,#1368,#1369,#1370,#1371));
#4941=EDGE_LOOP('',(#1372,#1373,#1374,#1375,#1376,#1377,#1378,#1379,#1380,
#1381,#1382,#1383));
#4942=EDGE_LOOP('',(#1384,#1385,#1386,#1387,#1388,#1389,#1390,#1391,#1392,
#1393,#1394,#1395));
#4943=EDGE_LOOP('',(#1396,#1397,#1398,#1399));
#4944=EDGE_LOOP('',(#1400,#1401,#1402,#1403));
#4945=EDGE_LOOP('',(#1404,#1405,#1406,#1407));
#4946=EDGE_LOOP('',(#1408,#1409,#1410,#1411,#1412,#1413,#1414,#1415));
#4947=EDGE_LOOP('',(#1416,#1417,#1418,#1419,#1420,#1421,#1422,#1423));
#4948=EDGE_LOOP('',(#1424,#1425,#1426,#1427));
#4949=EDGE_LOOP('',(#1428,#1429,#1430,#1431));
#4950=EDGE_LOOP('',(#1432,#1433,#1434,#1435));
#4951=EDGE_LOOP('',(#1436,#1437,#1438,#1439));
#4952=EDGE_LOOP('',(#1440,#1441,#1442,#1443));
#4953=EDGE_LOOP('',(#1444,#1445,#1446,#1447));
#4954=EDGE_LOOP('',(#1448,#1449,#1450,#1451));
#4955=EDGE_LOOP('',(#1452,#1453,#1454,#1455));
#4956=EDGE_LOOP('',(#1456,#1457,#1458,#1459));
#4957=EDGE_LOOP('',(#1460,#1461,#1462,#1463));
#4958=EDGE_LOOP('',(#1464,#1465,#1466,#1467));
#4959=EDGE_LOOP('',(#1468,#1469,#1470,#1471));
#4960=EDGE_LOOP('',(#1472,#1473,#1474,#1475));
#4961=EDGE_LOOP('',(#1476,#1477,#1478,#1479));
#4962=EDGE_LOOP('',(#1480,#1481,#1482,#1483));
#4963=EDGE_LOOP('',(#1484,#1485,#1486,#1487));
#4964=EDGE_LOOP('',(#1488,#1489,#1490,#1491,#1492,#1493));
#4965=EDGE_LOOP('',(#1494,#1495,#1496,#1497));
#4966=EDGE_LOOP('',(#1498,#1499,#1500,#1501,#1502,#1503,#1504,#1505,#1506,
#1507));
#4967=EDGE_LOOP('',(#1508,#1509,#1510,#1511,#1512,#1513,#1514,#1515,#1516,
#1517));
#4968=EDGE_LOOP('',(#1518,#1519,#1520,#1521,#1522,#1523,#1524,#1525,#1526,
#1527));
#4969=EDGE_LOOP('',(#1528,#1529,#1530,#1531,#1532,#1533,#1534,#1535,#1536,
#1537));
#4970=EDGE_LOOP('',(#1538,#1539,#1540,#1541,#1542,#1543));
#4971=EDGE_LOOP('',(#1544,#1545,#1546,#1547));
#4972=EDGE_LOOP('',(#1548,#1549,#1550,#1551));
#4973=EDGE_LOOP('',(#1552,#1553,#1554,#1555));
#4974=EDGE_LOOP('',(#1556,#1557,#1558,#1559));
#4975=EDGE_LOOP('',(#1560,#1561,#1562,#1563));
#4976=EDGE_LOOP('',(#1564,#1565,#1566,#1567));
#4977=EDGE_LOOP('',(#1568,#1569,#1570,#1571));
#4978=EDGE_LOOP('',(#1572,#1573,#1574,#1575));
#4979=EDGE_LOOP('',(#1576,#1577,#1578,#1579));
#4980=EDGE_LOOP('',(#1580,#1581,#1582,#1583));
#4981=EDGE_LOOP('',(#1584,#1585,#1586,#1587));
#4982=EDGE_LOOP('',(#1588,#1589,#1590,#1591));
#4983=EDGE_LOOP('',(#1592,#1593,#1594,#1595));
#4984=EDGE_LOOP('',(#1596,#1597,#1598,#1599));
#4985=EDGE_LOOP('',(#1600,#1601,#1602,#1603));
#4986=EDGE_LOOP('',(#1604,#1605,#1606,#1607,#1608,#1609));
#4987=EDGE_LOOP('',(#1610,#1611,#1612,#1613));
#4988=EDGE_LOOP('',(#1614,#1615,#1616,#1617,#1618,#1619,#1620,#1621,#1622,
#1623));
#4989=EDGE_LOOP('',(#1624,#1625,#1626,#1627,#1628,#1629,#1630,#1631,#1632,
#1633));
#4990=EDGE_LOOP('',(#1634,#1635,#1636,#1637,#1638,#1639,#1640,#1641,#1642,
#1643));
#4991=EDGE_LOOP('',(#1644,#1645,#1646,#1647,#1648,#1649,#1650,#1651,#1652,
#1653));
#4992=EDGE_LOOP('',(#1654,#1655,#1656,#1657,#1658,#1659));
#4993=EDGE_LOOP('',(#1660,#1661,#1662,#1663));
#4994=EDGE_LOOP('',(#1664,#1665,#1666,#1667));
#4995=EDGE_LOOP('',(#1668,#1669,#1670,#1671));
#4996=EDGE_LOOP('',(#1672,#1673,#1674,#1675));
#4997=EDGE_LOOP('',(#1676,#1677,#1678,#1679));
#4998=EDGE_LOOP('',(#1680,#1681,#1682,#1683));
#4999=EDGE_LOOP('',(#1684,#1685,#1686,#1687));
#5000=EDGE_LOOP('',(#1688,#1689,#1690,#1691));
#5001=EDGE_LOOP('',(#1692,#1693,#1694,#1695));
#5002=EDGE_LOOP('',(#1696,#1697,#1698,#1699));
#5003=EDGE_LOOP('',(#1700,#1701,#1702,#1703));
#5004=EDGE_LOOP('',(#1704,#1705,#1706,#1707));
#5005=EDGE_LOOP('',(#1708,#1709,#1710,#1711));
#5006=EDGE_LOOP('',(#1712,#1713,#1714,#1715));
#5007=EDGE_LOOP('',(#1716,#1717,#1718,#1719));
#5008=EDGE_LOOP('',(#1720,#1721,#1722,#1723,#1724,#1725));
#5009=EDGE_LOOP('',(#1726,#1727,#1728,#1729));
#5010=EDGE_LOOP('',(#1730,#1731,#1732,#1733,#1734,#1735,#1736,#1737,#1738,
#1739));
#5011=EDGE_LOOP('',(#1740,#1741,#1742,#1743,#1744,#1745,#1746,#1747,#1748,
#1749));
#5012=EDGE_LOOP('',(#1750,#1751,#1752,#1753,#1754,#1755,#1756,#1757,#1758,
#1759));
#5013=EDGE_LOOP('',(#1760,#1761,#1762,#1763,#1764,#1765,#1766,#1767,#1768,
#1769));
#5014=EDGE_LOOP('',(#1770,#1771,#1772,#1773,#1774,#1775));
#5015=EDGE_LOOP('',(#1776,#1777,#1778,#1779));
#5016=EDGE_LOOP('',(#1780,#1781,#1782,#1783));
#5017=EDGE_LOOP('',(#1784,#1785,#1786,#1787));
#5018=EDGE_LOOP('',(#1788,#1789,#1790,#1791));
#5019=EDGE_LOOP('',(#1792,#1793,#1794,#1795));
#5020=EDGE_LOOP('',(#1796,#1797,#1798,#1799));
#5021=EDGE_LOOP('',(#1800,#1801,#1802,#1803));
#5022=EDGE_LOOP('',(#1804,#1805,#1806,#1807));
#5023=EDGE_LOOP('',(#1808,#1809,#1810,#1811));
#5024=EDGE_LOOP('',(#1812,#1813,#1814,#1815));
#5025=EDGE_LOOP('',(#1816,#1817,#1818,#1819));
#5026=EDGE_LOOP('',(#1820,#1821,#1822,#1823));
#5027=EDGE_LOOP('',(#1824,#1825,#1826,#1827,#1828));
#5028=EDGE_LOOP('',(#1829,#1830,#1831,#1832,#1833,#1834,#1835,#1836));
#5029=EDGE_LOOP('',(#1837,#1838,#1839,#1840,#1841));
#5030=EDGE_LOOP('',(#1842,#1843,#1844,#1845));
#5031=EDGE_LOOP('',(#1846,#1847,#1848,#1849));
#5032=EDGE_LOOP('',(#1850,#1851,#1852,#1853));
#5033=EDGE_LOOP('',(#1854,#1855,#1856,#1857,#1858));
#5034=EDGE_LOOP('',(#1859,#1860,#1861,#1862));
#5035=EDGE_LOOP('',(#1863,#1864,#1865,#1866,#1867));
#5036=EDGE_LOOP('',(#1868,#1869,#1870,#1871));
#5037=EDGE_LOOP('',(#1872,#1873,#1874,#1875,#1876));
#5038=EDGE_LOOP('',(#1877,#1878,#1879,#1880));
#5039=EDGE_LOOP('',(#1881,#1882,#1883,#1884,#1885));
#5040=EDGE_LOOP('',(#1886,#1887,#1888,#1889));
#5041=EDGE_LOOP('',(#1890,#1891,#1892,#1893,#1894));
#5042=EDGE_LOOP('',(#1895,#1896,#1897,#1898));
#5043=EDGE_LOOP('',(#1899,#1900,#1901,#1902,#1903));
#5044=EDGE_LOOP('',(#1904,#1905,#1906,#1907,#1908,#1909,#1910,#1911,#1912,
#1913,#1914,#1915,#1916,#1917,#1918,#1919,#1920,#1921,#1922,#1923));
#5045=EDGE_LOOP('',(#1924,#1925,#1926,#1927,#1928,#1929,#1930,#1931,#1932,
#1933,#1934,#1935,#1936,#1937,#1938,#1939,#1940,#1941,#1942,#1943,#1944,
#1945,#1946,#1947));
#5046=EDGE_LOOP('',(#1948,#1949,#1950,#1951));
#5047=EDGE_LOOP('',(#1952,#1953,#1954,#1955));
#5048=EDGE_LOOP('',(#1956,#1957,#1958,#1959));
#5049=EDGE_LOOP('',(#1960,#1961,#1962,#1963));
#5050=EDGE_LOOP('',(#1964,#1965,#1966,#1967));
#5051=EDGE_LOOP('',(#1968,#1969,#1970,#1971));
#5052=EDGE_LOOP('',(#1972,#1973,#1974,#1975));
#5053=EDGE_LOOP('',(#1976,#1977,#1978,#1979));
#5054=EDGE_LOOP('',(#1980,#1981,#1982,#1983,#1984,#1985,#1986));
#5055=EDGE_LOOP('',(#1987,#1988,#1989,#1990,#1991,#1992,#1993));
#5056=FACE_BOUND('',#4753,.T.);
#5057=FACE_BOUND('',#4754,.T.);
#5058=FACE_BOUND('',#4755,.T.);
#5059=FACE_BOUND('',#4756,.T.);
#5060=FACE_BOUND('',#4757,.T.);
#5061=FACE_BOUND('',#4758,.T.);
#5062=FACE_BOUND('',#4759,.T.);
#5063=FACE_BOUND('',#4760,.T.);
#5064=FACE_BOUND('',#4761,.T.);
#5065=FACE_BOUND('',#4762,.T.);
#5066=FACE_BOUND('',#4763,.T.);
#5067=FACE_BOUND('',#4764,.T.);
#5068=FACE_BOUND('',#4765,.T.);
#5069=FACE_BOUND('',#4766,.T.);
#5070=FACE_BOUND('',#4767,.T.);
#5071=FACE_BOUND('',#4768,.T.);
#5072=FACE_BOUND('',#4769,.T.);
#5073=FACE_BOUND('',#4770,.T.);
#5074=FACE_BOUND('',#4771,.T.);
#5075=FACE_BOUND('',#4772,.T.);
#5076=FACE_BOUND('',#4773,.T.);
#5077=FACE_BOUND('',#4774,.T.);
#5078=FACE_BOUND('',#4775,.T.);
#5079=FACE_BOUND('',#4776,.T.);
#5080=FACE_BOUND('',#4777,.T.);
#5081=FACE_BOUND('',#4778,.T.);
#5082=FACE_BOUND('',#4779,.T.);
#5083=FACE_BOUND('',#4780,.T.);
#5084=FACE_BOUND('',#4781,.T.);
#5085=FACE_BOUND('',#4782,.T.);
#5086=FACE_BOUND('',#4783,.T.);
#5087=FACE_BOUND('',#4784,.T.);
#5088=FACE_BOUND('',#4785,.T.);
#5089=FACE_BOUND('',#4786,.T.);
#5090=FACE_BOUND('',#4787,.T.);
#5091=FACE_BOUND('',#4788,.T.);
#5092=FACE_BOUND('',#4789,.T.);
#5093=FACE_BOUND('',#4790,.T.);
#5094=FACE_BOUND('',#4791,.T.);
#5095=FACE_BOUND('',#4792,.T.);
#5096=FACE_BOUND('',#4793,.T.);
#5097=FACE_BOUND('',#4794,.T.);
#5098=FACE_BOUND('',#4795,.T.);
#5099=FACE_BOUND('',#4796,.T.);
#5100=FACE_BOUND('',#4797,.T.);
#5101=FACE_BOUND('',#4798,.T.);
#5102=FACE_BOUND('',#4799,.T.);
#5103=FACE_BOUND('',#4800,.T.);
#5104=FACE_BOUND('',#4801,.T.);
#5105=FACE_BOUND('',#4802,.T.);
#5106=FACE_BOUND('',#4803,.T.);
#5107=FACE_BOUND('',#4804,.T.);
#5108=FACE_BOUND('',#4805,.T.);
#5109=FACE_BOUND('',#4806,.T.);
#5110=FACE_BOUND('',#4807,.T.);
#5111=FACE_BOUND('',#4808,.T.);
#5112=FACE_BOUND('',#4809,.T.);
#5113=FACE_BOUND('',#4810,.T.);
#5114=FACE_BOUND('',#4811,.T.);
#5115=FACE_BOUND('',#4812,.T.);
#5116=FACE_BOUND('',#4813,.T.);
#5117=FACE_BOUND('',#4814,.T.);
#5118=FACE_BOUND('',#4815,.T.);
#5119=FACE_BOUND('',#4816,.T.);
#5120=FACE_BOUND('',#4817,.T.);
#5121=FACE_BOUND('',#4818,.T.);
#5122=FACE_BOUND('',#4819,.T.);
#5123=FACE_BOUND('',#4820,.T.);
#5124=FACE_BOUND('',#4821,.T.);
#5125=FACE_BOUND('',#4822,.T.);
#5126=FACE_BOUND('',#4823,.T.);
#5127=FACE_BOUND('',#4824,.T.);
#5128=FACE_BOUND('',#4825,.T.);
#5129=FACE_BOUND('',#4826,.T.);
#5130=FACE_BOUND('',#4827,.T.);
#5131=FACE_BOUND('',#4828,.T.);
#5132=FACE_BOUND('',#4829,.T.);
#5133=FACE_BOUND('',#4830,.T.);
#5134=FACE_BOUND('',#4831,.T.);
#5135=FACE_BOUND('',#4832,.T.);
#5136=FACE_BOUND('',#4833,.T.);
#5137=FACE_BOUND('',#4834,.T.);
#5138=FACE_BOUND('',#4835,.T.);
#5139=FACE_BOUND('',#4836,.T.);
#5140=FACE_BOUND('',#4837,.T.);
#5141=FACE_BOUND('',#4838,.T.);
#5142=FACE_BOUND('',#4839,.T.);
#5143=FACE_BOUND('',#4840,.T.);
#5144=FACE_BOUND('',#4841,.T.);
#5145=FACE_BOUND('',#4842,.T.);
#5146=FACE_BOUND('',#4843,.T.);
#5147=FACE_BOUND('',#4844,.T.);
#5148=FACE_BOUND('',#4845,.T.);
#5149=FACE_BOUND('',#4846,.T.);
#5150=FACE_BOUND('',#4847,.T.);
#5151=FACE_BOUND('',#4848,.T.);
#5152=FACE_BOUND('',#4849,.T.);
#5153=FACE_BOUND('',#4850,.T.);
#5154=FACE_BOUND('',#4851,.T.);
#5155=FACE_BOUND('',#4852,.T.);
#5156=FACE_BOUND('',#4853,.T.);
#5157=FACE_BOUND('',#4854,.T.);
#5158=FACE_BOUND('',#4855,.T.);
#5159=FACE_BOUND('',#4856,.T.);
#5160=FACE_BOUND('',#4857,.T.);
#5161=FACE_BOUND('',#4858,.T.);
#5162=FACE_BOUND('',#4859,.T.);
#5163=FACE_BOUND('',#4860,.T.);
#5164=FACE_BOUND('',#4861,.T.);
#5165=FACE_BOUND('',#4862,.T.);
#5166=FACE_BOUND('',#4863,.T.);
#5167=FACE_BOUND('',#4864,.T.);
#5168=FACE_BOUND('',#4865,.T.);
#5169=FACE_BOUND('',#4866,.T.);
#5170=FACE_BOUND('',#4867,.T.);
#5171=FACE_BOUND('',#4868,.T.);
#5172=FACE_BOUND('',#4869,.T.);
#5173=FACE_BOUND('',#4870,.T.);
#5174=FACE_BOUND('',#4871,.T.);
#5175=FACE_BOUND('',#4872,.T.);
#5176=FACE_BOUND('',#4873,.T.);
#5177=FACE_BOUND('',#4874,.T.);
#5178=FACE_BOUND('',#4875,.T.);
#5179=FACE_BOUND('',#4876,.T.);
#5180=FACE_BOUND('',#4877,.T.);
#5181=FACE_BOUND('',#4878,.T.);
#5182=FACE_BOUND('',#4879,.T.);
#5183=FACE_BOUND('',#4880,.T.);
#5184=FACE_BOUND('',#4881,.T.);
#5185=FACE_BOUND('',#4882,.T.);
#5186=FACE_BOUND('',#4883,.T.);
#5187=FACE_BOUND('',#4884,.T.);
#5188=FACE_BOUND('',#4885,.T.);
#5189=FACE_BOUND('',#4886,.T.);
#5190=FACE_BOUND('',#4887,.T.);
#5191=FACE_BOUND('',#4888,.T.);
#5192=FACE_BOUND('',#4889,.T.);
#5193=FACE_BOUND('',#4890,.T.);
#5194=FACE_BOUND('',#4891,.T.);
#5195=FACE_BOUND('',#4892,.T.);
#5196=FACE_BOUND('',#4893,.T.);
#5197=FACE_BOUND('',#4894,.T.);
#5198=FACE_BOUND('',#4895,.T.);
#5199=FACE_BOUND('',#4896,.T.);
#5200=FACE_BOUND('',#4897,.T.);
#5201=FACE_BOUND('',#4898,.T.);
#5202=FACE_BOUND('',#4899,.T.);
#5203=FACE_BOUND('',#4900,.T.);
#5204=FACE_BOUND('',#4901,.T.);
#5205=FACE_BOUND('',#4902,.T.);
#5206=FACE_BOUND('',#4903,.T.);
#5207=FACE_BOUND('',#4904,.T.);
#5208=FACE_BOUND('',#4905,.T.);
#5209=FACE_BOUND('',#4906,.T.);
#5210=FACE_BOUND('',#4907,.T.);
#5211=FACE_BOUND('',#4908,.T.);
#5212=FACE_BOUND('',#4909,.T.);
#5213=FACE_BOUND('',#4910,.T.);
#5214=FACE_BOUND('',#4911,.T.);
#5215=FACE_BOUND('',#4912,.T.);
#5216=FACE_BOUND('',#4913,.T.);
#5217=FACE_BOUND('',#4914,.T.);
#5218=FACE_BOUND('',#4915,.T.);
#5219=FACE_BOUND('',#4916,.T.);
#5220=FACE_BOUND('',#4917,.T.);
#5221=FACE_BOUND('',#4918,.T.);
#5222=FACE_BOUND('',#4919,.T.);
#5223=FACE_BOUND('',#4920,.T.);
#5224=FACE_BOUND('',#4921,.T.);
#5225=FACE_BOUND('',#4922,.T.);
#5226=FACE_BOUND('',#4923,.T.);
#5227=FACE_BOUND('',#4924,.T.);
#5228=FACE_BOUND('',#4925,.T.);
#5229=FACE_BOUND('',#4926,.T.);
#5230=FACE_BOUND('',#4927,.T.);
#5231=FACE_BOUND('',#4928,.T.);
#5232=FACE_BOUND('',#4929,.T.);
#5233=FACE_BOUND('',#4930,.T.);
#5234=FACE_BOUND('',#4931,.T.);
#5235=FACE_BOUND('',#4932,.T.);
#5236=FACE_BOUND('',#4933,.T.);
#5237=FACE_BOUND('',#4934,.T.);
#5238=FACE_BOUND('',#4935,.T.);
#5239=FACE_BOUND('',#4936,.T.);
#5240=FACE_BOUND('',#4937,.T.);
#5241=FACE_BOUND('',#4938,.T.);
#5242=FACE_BOUND('',#4939,.T.);
#5243=FACE_BOUND('',#4940,.T.);
#5244=FACE_BOUND('',#4941,.T.);
#5245=FACE_BOUND('',#4942,.T.);
#5246=FACE_BOUND('',#4943,.T.);
#5247=FACE_BOUND('',#4944,.T.);
#5248=FACE_BOUND('',#4945,.T.);
#5249=FACE_BOUND('',#4946,.T.);
#5250=FACE_BOUND('',#4947,.T.);
#5251=FACE_BOUND('',#4948,.T.);
#5252=FACE_BOUND('',#4949,.T.);
#5253=FACE_BOUND('',#4950,.T.);
#5254=FACE_BOUND('',#4951,.T.);
#5255=FACE_BOUND('',#4952,.T.);
#5256=FACE_BOUND('',#4953,.T.);
#5257=FACE_BOUND('',#4954,.T.);
#5258=FACE_BOUND('',#4955,.T.);
#5259=FACE_BOUND('',#4956,.T.);
#5260=FACE_BOUND('',#4957,.T.);
#5261=FACE_BOUND('',#4958,.T.);
#5262=FACE_BOUND('',#4959,.T.);
#5263=FACE_BOUND('',#4960,.T.);
#5264=FACE_BOUND('',#4961,.T.);
#5265=FACE_BOUND('',#4962,.T.);
#5266=FACE_BOUND('',#4963,.T.);
#5267=FACE_BOUND('',#4964,.T.);
#5268=FACE_BOUND('',#4965,.T.);
#5269=FACE_BOUND('',#4966,.T.);
#5270=FACE_BOUND('',#4967,.T.);
#5271=FACE_BOUND('',#4968,.T.);
#5272=FACE_BOUND('',#4969,.T.);
#5273=FACE_BOUND('',#4970,.T.);
#5274=FACE_BOUND('',#4971,.T.);
#5275=FACE_BOUND('',#4972,.T.);
#5276=FACE_BOUND('',#4973,.T.);
#5277=FACE_BOUND('',#4974,.T.);
#5278=FACE_BOUND('',#4975,.T.);
#5279=FACE_BOUND('',#4976,.T.);
#5280=FACE_BOUND('',#4977,.T.);
#5281=FACE_BOUND('',#4978,.T.);
#5282=FACE_BOUND('',#4979,.T.);
#5283=FACE_BOUND('',#4980,.T.);
#5284=FACE_BOUND('',#4981,.T.);
#5285=FACE_BOUND('',#4982,.T.);
#5286=FACE_BOUND('',#4983,.T.);
#5287=FACE_BOUND('',#4984,.T.);
#5288=FACE_BOUND('',#4985,.T.);
#5289=FACE_BOUND('',#4986,.T.);
#5290=FACE_BOUND('',#4987,.T.);
#5291=FACE_BOUND('',#4988,.T.);
#5292=FACE_BOUND('',#4989,.T.);
#5293=FACE_BOUND('',#4990,.T.);
#5294=FACE_BOUND('',#4991,.T.);
#5295=FACE_BOUND('',#4992,.T.);
#5296=FACE_BOUND('',#4993,.T.);
#5297=FACE_BOUND('',#4994,.T.);
#5298=FACE_BOUND('',#4995,.T.);
#5299=FACE_BOUND('',#4996,.T.);
#5300=FACE_BOUND('',#4997,.T.);
#5301=FACE_BOUND('',#4998,.T.);
#5302=FACE_BOUND('',#4999,.T.);
#5303=FACE_BOUND('',#5000,.T.);
#5304=FACE_BOUND('',#5001,.T.);
#5305=FACE_BOUND('',#5002,.T.);
#5306=FACE_BOUND('',#5003,.T.);
#5307=FACE_BOUND('',#5004,.T.);
#5308=FACE_BOUND('',#5005,.T.);
#5309=FACE_BOUND('',#5006,.T.);
#5310=FACE_BOUND('',#5007,.T.);
#5311=FACE_BOUND('',#5008,.T.);
#5312=FACE_BOUND('',#5009,.T.);
#5313=FACE_BOUND('',#5010,.T.);
#5314=FACE_BOUND('',#5011,.T.);
#5315=FACE_BOUND('',#5012,.T.);
#5316=FACE_BOUND('',#5013,.T.);
#5317=FACE_BOUND('',#5014,.T.);
#5318=FACE_BOUND('',#5015,.T.);
#5319=FACE_BOUND('',#5016,.T.);
#5320=FACE_BOUND('',#5017,.T.);
#5321=FACE_BOUND('',#5018,.T.);
#5322=FACE_BOUND('',#5019,.T.);
#5323=FACE_BOUND('',#5020,.T.);
#5324=FACE_BOUND('',#5021,.T.);
#5325=FACE_BOUND('',#5022,.T.);
#5326=FACE_BOUND('',#5023,.T.);
#5327=FACE_BOUND('',#5024,.T.);
#5328=FACE_BOUND('',#5025,.T.);
#5329=FACE_BOUND('',#5026,.T.);
#5330=FACE_BOUND('',#5027,.T.);
#5331=FACE_BOUND('',#5028,.T.);
#5332=FACE_BOUND('',#5029,.T.);
#5333=FACE_BOUND('',#5030,.T.);
#5334=FACE_BOUND('',#5031,.T.);
#5335=FACE_BOUND('',#5032,.T.);
#5336=FACE_BOUND('',#5033,.T.);
#5337=FACE_BOUND('',#5034,.T.);
#5338=FACE_BOUND('',#5035,.T.);
#5339=FACE_BOUND('',#5036,.T.);
#5340=FACE_BOUND('',#5037,.T.);
#5341=FACE_BOUND('',#5038,.T.);
#5342=FACE_BOUND('',#5039,.T.);
#5343=FACE_BOUND('',#5040,.T.);
#5344=FACE_BOUND('',#5041,.T.);
#5345=FACE_BOUND('',#5042,.T.);
#5346=FACE_BOUND('',#5043,.T.);
#5347=FACE_BOUND('',#5044,.T.);
#5348=FACE_BOUND('',#5045,.T.);
#5349=FACE_BOUND('',#5046,.T.);
#5350=FACE_BOUND('',#5047,.T.);
#5351=FACE_BOUND('',#5048,.T.);
#5352=FACE_BOUND('',#5049,.T.);
#5353=FACE_BOUND('',#5050,.T.);
#5354=FACE_BOUND('',#5051,.T.);
#5355=FACE_BOUND('',#5052,.T.);
#5356=FACE_BOUND('',#5053,.T.);
#5357=FACE_BOUND('',#5054,.T.);
#5358=FACE_BOUND('',#5055,.T.);
#5359=PLANE('',#7715);
#5360=PLANE('',#7717);
#5361=PLANE('',#7719);
#5362=PLANE('',#7721);
#5363=PLANE('',#7723);
#5364=PLANE('',#7724);
#5365=PLANE('',#7726);
#5366=PLANE('',#7728);
#5367=PLANE('',#7730);
#5368=PLANE('',#7732);
#5369=PLANE('',#7733);
#5370=PLANE('',#7735);
#5371=PLANE('',#7737);
#5372=PLANE('',#7738);
#5373=PLANE('',#7743);
#5374=PLANE('',#7745);
#5375=PLANE('',#7747);
#5376=PLANE('',#7757);
#5377=PLANE('',#7760);
#5378=PLANE('',#7762);
#5379=PLANE('',#7773);
#5380=PLANE('',#7774);
#5381=PLANE('',#7775);
#5382=PLANE('',#7776);
#5383=PLANE('',#7777);
#5384=PLANE('',#7780);
#5385=PLANE('',#7782);
#5386=PLANE('',#7783);
#5387=PLANE('',#7784);
#5388=PLANE('',#7787);
#5389=PLANE('',#7792);
#5390=PLANE('',#7793);
#5391=PLANE('',#7794);
#5392=PLANE('',#7795);
#5393=PLANE('',#7796);
#5394=PLANE('',#7800);
#5395=PLANE('',#7801);
#5396=PLANE('',#7802);
#5397=PLANE('',#7803);
#5398=PLANE('',#7804);
#5399=PLANE('',#7805);
#5400=PLANE('',#7806);
#5401=PLANE('',#7808);
#5402=PLANE('',#7810);
#5403=PLANE('',#7813);
#5404=PLANE('',#7816);
#5405=PLANE('',#7818);
#5406=PLANE('',#7819);
#5407=PLANE('',#7820);
#5408=PLANE('',#7823);
#5409=PLANE('',#7824);
#5410=PLANE('',#7825);
#5411=PLANE('',#7844);
#5412=PLANE('',#7845);
#5413=PLANE('',#7846);
#5414=PLANE('',#7847);
#5415=PLANE('',#7848);
#5416=PLANE('',#7849);
#5417=PLANE('',#7850);
#5418=PLANE('',#7851);
#5419=PLANE('',#7852);
#5420=PLANE('',#7853);
#5421=PLANE('',#7854);
#5422=PLANE('',#7856);
#5423=PLANE('',#7857);
#5424=PLANE('',#7859);
#5425=PLANE('',#7860);
#5426=PLANE('',#7861);
#5427=PLANE('',#7862);
#5428=PLANE('',#7863);
#5429=PLANE('',#7864);
#5430=PLANE('',#7867);
#5431=PLANE('',#7868);
#5432=PLANE('',#7871);
#5433=PLANE('',#7872);
#5434=PLANE('',#7874);
#5435=PLANE('',#7877);
#5436=PLANE('',#7879);
#5437=PLANE('',#7882);
#5438=PLANE('',#7884);
#5439=PLANE('',#7885);
#5440=PLANE('',#7886);
#5441=PLANE('',#7887);
#5442=PLANE('',#7889);
#5443=PLANE('',#7891);
#5444=PLANE('',#7894);
#5445=PLANE('',#7897);
#5446=PLANE('',#7900);
#5447=PLANE('',#7903);
#5448=PLANE('',#7904);
#5449=PLANE('',#7907);
#5450=PLANE('',#7910);
#5451=PLANE('',#7913);
#5452=PLANE('',#7916);
#5453=PLANE('',#7917);
#5454=PLANE('',#7920);
#5455=PLANE('',#7923);
#5456=PLANE('',#7926);
#5457=PLANE('',#7929);
#5458=PLANE('',#7930);
#5459=PLANE('',#7933);
#5460=PLANE('',#7936);
#5461=PLANE('',#7939);
#5462=PLANE('',#7942);
#5463=PLANE('',#7943);
#5464=PLANE('',#7944);
#5465=PLANE('',#7947);
#5466=PLANE('',#7950);
#5467=PLANE('',#7957);
#5468=PLANE('',#7959);
#5469=PLANE('',#7960);
#5470=PLANE('',#7962);
#5471=PLANE('',#7965);
#5472=PLANE('',#7967);
#5473=PLANE('',#7971);
#5474=PLANE('',#7973);
#5475=PLANE('',#7974);
#5476=PLANE('',#7976);
#5477=PLANE('',#7978);
#5478=PLANE('',#7981);
#5479=PLANE('',#7984);
#5480=PLANE('',#7988);
#5481=PLANE('',#7990);
#5482=PLANE('',#7993);
#5483=PLANE('',#7994);
#5484=PLANE('',#7998);
#5485=PLANE('',#8000);
#5486=PLANE('',#8003);
#5487=PLANE('',#8010);
#5488=PLANE('',#8011);
#5489=PLANE('',#8016);
#5490=PLANE('',#8024);
#5491=PLANE('',#8028);
#5492=PLANE('',#8029);
#5493=PLANE('',#8031);
#5494=PLANE('',#8033);
#5495=PLANE('',#8034);
#5496=PLANE('',#8035);
#5497=PLANE('',#8037);
#5498=PLANE('',#8042);
#5499=PLANE('',#8043);
#5500=PLANE('',#8044);
#5501=PLANE('',#8048);
#5502=PLANE('',#8049);
#5503=PLANE('',#8056);
#5504=PLANE('',#8057);
#5505=PLANE('',#8058);
#5506=PLANE('',#8063);
#5507=PLANE('',#8069);
#5508=PLANE('',#8071);
#5509=PLANE('',#8072);
#5510=PLANE('',#8073);
#5511=PLANE('',#8075);
#5512=PLANE('',#8080);
#5513=PLANE('',#8081);
#5514=PLANE('',#8082);
#5515=PLANE('',#8086);
#5516=PLANE('',#8087);
#5517=PLANE('',#8094);
#5518=PLANE('',#8095);
#5519=PLANE('',#8096);
#5520=PLANE('',#8101);
#5521=PLANE('',#8107);
#5522=PLANE('',#8109);
#5523=PLANE('',#8110);
#5524=PLANE('',#8111);
#5525=PLANE('',#8113);
#5526=PLANE('',#8118);
#5527=PLANE('',#8119);
#5528=PLANE('',#8120);
#5529=PLANE('',#8124);
#5530=PLANE('',#8125);
#5531=PLANE('',#8132);
#5532=PLANE('',#8133);
#5533=PLANE('',#8134);
#5534=PLANE('',#8139);
#5535=PLANE('',#8145);
#5536=PLANE('',#8147);
#5537=PLANE('',#8148);
#5538=PLANE('',#8149);
#5539=PLANE('',#8151);
#5540=PLANE('',#8154);
#5541=PLANE('',#8155);
#5542=PLANE('',#8156);
#5543=PLANE('',#8157);
#5544=PLANE('',#8158);
#5545=PLANE('',#8159);
#5546=PLANE('',#8160);
#5547=PLANE('',#8161);
#5548=PLANE('',#8162);
#5549=PLANE('',#8163);
#5550=PLANE('',#8164);
#5551=PLANE('',#8165);
#5552=PLANE('',#8166);
#5553=PLANE('',#8167);
#5554=PLANE('',#8168);
#5555=PLANE('',#8169);
#5556=PLANE('',#8170);
#5557=PLANE('',#8171);
#5558=PLANE('',#8172);
#5559=PLANE('',#8173);
#5560=PLANE('',#8174);
#5561=PLANE('',#8175);
#5562=PLANE('',#8176);
#5563=PLANE('',#8177);
#5564=PLANE('',#8178);
#5565=PLANE('',#8179);
#5566=PLANE('',#8180);
#5567=PLANE('',#8181);
#5568=PLANE('',#8182);
#5569=PLANE('',#8183);
#5570=PLANE('',#8184);
#5571=PLANE('',#8185);
#5572=PLANE('',#8186);
#5573=STYLED_ITEM('',(#5835),#7410);
#5574=STYLED_ITEM('',(#5836),#7411);
#5575=STYLED_ITEM('',(#5837),#7412);
#5576=STYLED_ITEM('',(#5838),#7413);
#5577=STYLED_ITEM('',(#5839),#7414);
#5578=STYLED_ITEM('',(#5840),#7415);
#5579=STYLED_ITEM('',(#5841),#7416);
#5580=STYLED_ITEM('',(#5842),#7417);
#5581=STYLED_ITEM('',(#5843),#7418);
#5582=STYLED_ITEM('',(#5844),#7419);
#5583=STYLED_ITEM('',(#5845),#7420);
#5584=STYLED_ITEM('',(#5846),#7421);
#5585=STYLED_ITEM('',(#5847),#7422);
#5586=STYLED_ITEM('',(#5848),#7423);
#5587=STYLED_ITEM('',(#5849),#7424);
#5588=STYLED_ITEM('',(#5850),#7425);
#5589=STYLED_ITEM('',(#5851),#7426);
#5590=STYLED_ITEM('',(#5852),#7427);
#5591=STYLED_ITEM('',(#5853),#7428);
#5592=STYLED_ITEM('',(#5854),#7429);
#5593=STYLED_ITEM('',(#5855),#7430);
#5594=STYLED_ITEM('',(#5856),#7431);
#5595=STYLED_ITEM('',(#5857),#7432);
#5596=STYLED_ITEM('',(#5858),#7433);
#5597=STYLED_ITEM('',(#5859),#7434);
#5598=STYLED_ITEM('',(#5860),#7435);
#5599=STYLED_ITEM('',(#5861),#7436);
#5600=STYLED_ITEM('',(#5862),#7437);
#5601=STYLED_ITEM('',(#5863),#7438);
#5602=STYLED_ITEM('',(#5864),#7439);
#5603=STYLED_ITEM('',(#5865),#7440);
#5604=STYLED_ITEM('',(#5866),#7441);
#5605=STYLED_ITEM('',(#5867),#7442);
#5606=STYLED_ITEM('',(#5868),#7443);
#5607=STYLED_ITEM('',(#5869),#7444);
#5608=STYLED_ITEM('',(#5870),#7445);
#5609=STYLED_ITEM('',(#5871),#7446);
#5610=STYLED_ITEM('',(#5872),#7447);
#5611=STYLED_ITEM('',(#5873),#7448);
#5612=STYLED_ITEM('',(#5874),#7449);
#5613=STYLED_ITEM('',(#5875),#7450);
#5614=STYLED_ITEM('',(#5876),#7451);
#5615=STYLED_ITEM('',(#5877),#7452);
#5616=STYLED_ITEM('',(#5878),#7453);
#5617=STYLED_ITEM('',(#5879),#7454);
#5618=STYLED_ITEM('',(#5880),#7455);
#5619=STYLED_ITEM('',(#5881),#7456);
#5620=STYLED_ITEM('',(#5882),#7457);
#5621=STYLED_ITEM('',(#5883),#7458);
#5622=STYLED_ITEM('',(#5884),#7459);
#5623=STYLED_ITEM('',(#5885),#7460);
#5624=STYLED_ITEM('',(#5886),#7461);
#5625=STYLED_ITEM('',(#5887),#7462);
#5626=STYLED_ITEM('',(#5888),#7463);
#5627=STYLED_ITEM('',(#5889),#7464);
#5628=STYLED_ITEM('',(#5890),#7465);
#5629=STYLED_ITEM('',(#5891),#7466);
#5630=STYLED_ITEM('',(#5892),#7467);
#5631=STYLED_ITEM('',(#5893),#7468);
#5632=STYLED_ITEM('',(#5894),#7469);
#5633=STYLED_ITEM('',(#5895),#7470);
#5634=STYLED_ITEM('',(#5896),#7471);
#5635=STYLED_ITEM('',(#5897),#7472);
#5636=STYLED_ITEM('',(#5898),#7473);
#5637=STYLED_ITEM('',(#5899),#7474);
#5638=STYLED_ITEM('',(#5900),#7475);
#5639=STYLED_ITEM('',(#5901),#7476);
#5640=STYLED_ITEM('',(#5902),#7477);
#5641=STYLED_ITEM('',(#5903),#7478);
#5642=STYLED_ITEM('',(#5904),#7479);
#5643=STYLED_ITEM('',(#5905),#7480);
#5644=STYLED_ITEM('',(#5906),#7481);
#5645=STYLED_ITEM('',(#5907),#7482);
#5646=STYLED_ITEM('',(#5908),#7483);
#5647=STYLED_ITEM('',(#5909),#7484);
#5648=STYLED_ITEM('',(#5910),#7485);
#5649=STYLED_ITEM('',(#5911),#7486);
#5650=STYLED_ITEM('',(#5912),#7487);
#5651=STYLED_ITEM('',(#5913),#7488);
#5652=STYLED_ITEM('',(#5914),#7489);
#5653=STYLED_ITEM('',(#5915),#7490);
#5654=STYLED_ITEM('',(#5916),#7491);
#5655=STYLED_ITEM('',(#5917),#7492);
#5656=STYLED_ITEM('',(#5918),#7493);
#5657=STYLED_ITEM('',(#5919),#7494);
#5658=STYLED_ITEM('',(#5920),#7495);
#5659=STYLED_ITEM('',(#5921),#7496);
#5660=STYLED_ITEM('',(#5922),#7497);
#5661=STYLED_ITEM('',(#5923),#7498);
#5662=STYLED_ITEM('',(#5924),#7499);
#5663=STYLED_ITEM('',(#5925),#7500);
#5664=STYLED_ITEM('',(#5926),#7501);
#5665=STYLED_ITEM('',(#5927),#7502);
#5666=STYLED_ITEM('',(#5928),#7503);
#5667=STYLED_ITEM('',(#5929),#7504);
#5668=STYLED_ITEM('',(#5930),#7505);
#5669=STYLED_ITEM('',(#5931),#7506);
#5670=STYLED_ITEM('',(#5932),#7507);
#5671=STYLED_ITEM('',(#5933),#7508);
#5672=STYLED_ITEM('',(#5934),#7509);
#5673=STYLED_ITEM('',(#5935),#7510);
#5674=STYLED_ITEM('',(#5936),#7511);
#5675=STYLED_ITEM('',(#5937),#7512);
#5676=STYLED_ITEM('',(#5938),#7513);
#5677=STYLED_ITEM('',(#5939),#7514);
#5678=STYLED_ITEM('',(#5940),#7515);
#5679=STYLED_ITEM('',(#5941),#7516);
#5680=STYLED_ITEM('',(#5942),#7517);
#5681=STYLED_ITEM('',(#5943),#7518);
#5682=STYLED_ITEM('',(#5944),#7519);
#5683=STYLED_ITEM('',(#5945),#7520);
#5684=STYLED_ITEM('',(#5946),#7521);
#5685=STYLED_ITEM('',(#5947),#7522);
#5686=STYLED_ITEM('',(#5948),#7523);
#5687=STYLED_ITEM('',(#5949),#7524);
#5688=STYLED_ITEM('',(#5950),#7525);
#5689=STYLED_ITEM('',(#5951),#7526);
#5690=STYLED_ITEM('',(#5952),#7527);
#5691=STYLED_ITEM('',(#5953),#7528);
#5692=STYLED_ITEM('',(#5954),#7529);
#5693=STYLED_ITEM('',(#5955),#7530);
#5694=STYLED_ITEM('',(#5956),#7531);
#5695=STYLED_ITEM('',(#5957),#7532);
#5696=STYLED_ITEM('',(#5958),#7533);
#5697=STYLED_ITEM('',(#5959),#7534);
#5698=STYLED_ITEM('',(#5960),#7535);
#5699=STYLED_ITEM('',(#5961),#7536);
#5700=STYLED_ITEM('',(#5962),#7537);
#5701=STYLED_ITEM('',(#5963),#7538);
#5702=STYLED_ITEM('',(#5964),#7539);
#5703=STYLED_ITEM('',(#5965),#7540);
#5704=STYLED_ITEM('',(#5966),#7541);
#5705=STYLED_ITEM('',(#5967),#7542);
#5706=STYLED_ITEM('',(#5968),#7543);
#5707=STYLED_ITEM('',(#5969),#7544);
#5708=STYLED_ITEM('',(#5970),#7545);
#5709=STYLED_ITEM('',(#5971),#7546);
#5710=STYLED_ITEM('',(#5972),#7547);
#5711=STYLED_ITEM('',(#5973),#7548);
#5712=STYLED_ITEM('',(#5974),#7549);
#5713=STYLED_ITEM('',(#5975),#7550);
#5714=STYLED_ITEM('',(#5976),#7551);
#5715=STYLED_ITEM('',(#5977),#7552);
#5716=STYLED_ITEM('',(#5978),#7553);
#5717=STYLED_ITEM('',(#5979),#7554);
#5718=STYLED_ITEM('',(#5980),#7555);
#5719=STYLED_ITEM('',(#5981),#7556);
#5720=STYLED_ITEM('',(#5982),#7557);
#5721=STYLED_ITEM('',(#5983),#7558);
#5722=STYLED_ITEM('',(#5984),#7559);
#5723=STYLED_ITEM('',(#5985),#7560);
#5724=STYLED_ITEM('',(#5986),#7561);
#5725=STYLED_ITEM('',(#5987),#7562);
#5726=STYLED_ITEM('',(#5988),#7563);
#5727=STYLED_ITEM('',(#5989),#7564);
#5728=STYLED_ITEM('',(#5990),#7565);
#5729=STYLED_ITEM('',(#5991),#7566);
#5730=STYLED_ITEM('',(#5992),#7567);
#5731=STYLED_ITEM('',(#5993),#7568);
#5732=STYLED_ITEM('',(#5994),#7569);
#5733=STYLED_ITEM('',(#5995),#7570);
#5734=STYLED_ITEM('',(#5996),#7571);
#5735=STYLED_ITEM('',(#5997),#7572);
#5736=STYLED_ITEM('',(#5998),#7573);
#5737=STYLED_ITEM('',(#5999),#7574);
#5738=STYLED_ITEM('',(#6000),#7575);
#5739=STYLED_ITEM('',(#6001),#7576);
#5740=STYLED_ITEM('',(#6002),#7577);
#5741=STYLED_ITEM('',(#6003),#7578);
#5742=STYLED_ITEM('',(#6004),#7579);
#5743=STYLED_ITEM('',(#6005),#7580);
#5744=STYLED_ITEM('',(#6006),#7581);
#5745=STYLED_ITEM('',(#6007),#7582);
#5746=STYLED_ITEM('',(#6008),#7583);
#5747=STYLED_ITEM('',(#6009),#7584);
#5748=STYLED_ITEM('',(#6010),#7585);
#5749=STYLED_ITEM('',(#6011),#7586);
#5750=STYLED_ITEM('',(#6012),#7587);
#5751=STYLED_ITEM('',(#6013),#7588);
#5752=STYLED_ITEM('',(#6014),#7589);
#5753=STYLED_ITEM('',(#6015),#7590);
#5754=STYLED_ITEM('',(#6016),#7591);
#5755=STYLED_ITEM('',(#6017),#7592);
#5756=STYLED_ITEM('',(#6018),#7593);
#5757=STYLED_ITEM('',(#6019),#7594);
#5758=STYLED_ITEM('',(#6020),#7595);
#5759=STYLED_ITEM('',(#6021),#7596);
#5760=STYLED_ITEM('',(#6022),#7597);
#5761=STYLED_ITEM('',(#6023),#7598);
#5762=STYLED_ITEM('',(#6024),#7599);
#5763=STYLED_ITEM('',(#6025),#7600);
#5764=STYLED_ITEM('',(#6026),#7601);
#5765=STYLED_ITEM('',(#6027),#7602);
#5766=STYLED_ITEM('',(#6028),#7603);
#5767=STYLED_ITEM('',(#6029),#7604);
#5768=STYLED_ITEM('',(#6030),#7605);
#5769=STYLED_ITEM('',(#6031),#7606);
#5770=STYLED_ITEM('',(#6032),#7607);
#5771=STYLED_ITEM('',(#6033),#7608);
#5772=STYLED_ITEM('',(#6034),#7609);
#5773=STYLED_ITEM('',(#6035),#7610);
#5774=STYLED_ITEM('',(#6036),#7611);
#5775=STYLED_ITEM('',(#6037),#7612);
#5776=STYLED_ITEM('',(#6038),#7613);
#5777=STYLED_ITEM('',(#6039),#7614);
#5778=STYLED_ITEM('',(#6040),#7615);
#5779=STYLED_ITEM('',(#6041),#7616);
#5780=STYLED_ITEM('',(#6042),#7617);
#5781=STYLED_ITEM('',(#6043),#7618);
#5782=STYLED_ITEM('',(#6044),#7619);
#5783=STYLED_ITEM('',(#6045),#7620);
#5784=STYLED_ITEM('',(#6046),#7621);
#5785=STYLED_ITEM('',(#6047),#7622);
#5786=STYLED_ITEM('',(#6048),#7623);
#5787=STYLED_ITEM('',(#6049),#7624);
#5788=STYLED_ITEM('',(#6050),#7625);
#5789=STYLED_ITEM('',(#6051),#7626);
#5790=STYLED_ITEM('',(#6052),#7627);
#5791=STYLED_ITEM('',(#6053),#7628);
#5792=STYLED_ITEM('',(#6054),#7629);
#5793=STYLED_ITEM('',(#6055),#7630);
#5794=STYLED_ITEM('',(#6056),#7631);
#5795=STYLED_ITEM('',(#6057),#7632);
#5796=STYLED_ITEM('',(#6058),#7633);
#5797=STYLED_ITEM('',(#6059),#7634);
#5798=STYLED_ITEM('',(#6060),#7635);
#5799=STYLED_ITEM('',(#6061),#7636);
#5800=STYLED_ITEM('',(#6062),#7637);
#5801=STYLED_ITEM('',(#6063),#7638);
#5802=STYLED_ITEM('',(#6064),#7639);
#5803=STYLED_ITEM('',(#6065),#7640);
#5804=STYLED_ITEM('',(#6066),#7641);
#5805=STYLED_ITEM('',(#6067),#7642);
#5806=STYLED_ITEM('',(#6068),#7643);
#5807=STYLED_ITEM('',(#6069),#7644);
#5808=STYLED_ITEM('',(#6070),#7645);
#5809=STYLED_ITEM('',(#6071),#7646);
#5810=STYLED_ITEM('',(#6072),#7647);
#5811=STYLED_ITEM('',(#6073),#7648);
#5812=STYLED_ITEM('',(#6074),#7649);
#5813=STYLED_ITEM('',(#6075),#7650);
#5814=STYLED_ITEM('',(#6076),#7651);
#5815=STYLED_ITEM('',(#6077),#7652);
#5816=STYLED_ITEM('',(#6078),#7653);
#5817=STYLED_ITEM('',(#6079),#7654);
#5818=STYLED_ITEM('',(#6080),#7655);
#5819=STYLED_ITEM('',(#6081),#7656);
#5820=STYLED_ITEM('',(#6082),#7657);
#5821=STYLED_ITEM('',(#6083),#7658);
#5822=STYLED_ITEM('',(#6084),#7659);
#5823=STYLED_ITEM('',(#6085),#7660);
#5824=STYLED_ITEM('',(#6086),#7661);
#5825=STYLED_ITEM('',(#6087),#7662);
#5826=STYLED_ITEM('',(#6088),#7663);
#5827=STYLED_ITEM('',(#6089),#7664);
#5828=STYLED_ITEM('',(#6090),#7665);
#5829=STYLED_ITEM('',(#6091),#7666);
#5830=STYLED_ITEM('',(#6092),#7667);
#5831=STYLED_ITEM('',(#6093),#7668);
#5832=STYLED_ITEM('',(#6094),#7669);
#5833=STYLED_ITEM('',(#6095),#7670);
#5834=STYLED_ITEM('',(#6096),#7707);
#5835=PRESENTATION_STYLE_ASSIGNMENT((#6097));
#5836=PRESENTATION_STYLE_ASSIGNMENT((#6098));
#5837=PRESENTATION_STYLE_ASSIGNMENT((#6099));
#5838=PRESENTATION_STYLE_ASSIGNMENT((#6100));
#5839=PRESENTATION_STYLE_ASSIGNMENT((#6101));
#5840=PRESENTATION_STYLE_ASSIGNMENT((#6102));
#5841=PRESENTATION_STYLE_ASSIGNMENT((#6103));
#5842=PRESENTATION_STYLE_ASSIGNMENT((#6104));
#5843=PRESENTATION_STYLE_ASSIGNMENT((#6105));
#5844=PRESENTATION_STYLE_ASSIGNMENT((#6106));
#5845=PRESENTATION_STYLE_ASSIGNMENT((#6107));
#5846=PRESENTATION_STYLE_ASSIGNMENT((#6108));
#5847=PRESENTATION_STYLE_ASSIGNMENT((#6109));
#5848=PRESENTATION_STYLE_ASSIGNMENT((#6110));
#5849=PRESENTATION_STYLE_ASSIGNMENT((#6111));
#5850=PRESENTATION_STYLE_ASSIGNMENT((#6112));
#5851=PRESENTATION_STYLE_ASSIGNMENT((#6113));
#5852=PRESENTATION_STYLE_ASSIGNMENT((#6114));
#5853=PRESENTATION_STYLE_ASSIGNMENT((#6115));
#5854=PRESENTATION_STYLE_ASSIGNMENT((#6116));
#5855=PRESENTATION_STYLE_ASSIGNMENT((#6117));
#5856=PRESENTATION_STYLE_ASSIGNMENT((#6118));
#5857=PRESENTATION_STYLE_ASSIGNMENT((#6119));
#5858=PRESENTATION_STYLE_ASSIGNMENT((#6120));
#5859=PRESENTATION_STYLE_ASSIGNMENT((#6121));
#5860=PRESENTATION_STYLE_ASSIGNMENT((#6122));
#5861=PRESENTATION_STYLE_ASSIGNMENT((#6123));
#5862=PRESENTATION_STYLE_ASSIGNMENT((#6124));
#5863=PRESENTATION_STYLE_ASSIGNMENT((#6125));
#5864=PRESENTATION_STYLE_ASSIGNMENT((#6126));
#5865=PRESENTATION_STYLE_ASSIGNMENT((#6127));
#5866=PRESENTATION_STYLE_ASSIGNMENT((#6128));
#5867=PRESENTATION_STYLE_ASSIGNMENT((#6129));
#5868=PRESENTATION_STYLE_ASSIGNMENT((#6130));
#5869=PRESENTATION_STYLE_ASSIGNMENT((#6131));
#5870=PRESENTATION_STYLE_ASSIGNMENT((#6132));
#5871=PRESENTATION_STYLE_ASSIGNMENT((#6133));
#5872=PRESENTATION_STYLE_ASSIGNMENT((#6134));
#5873=PRESENTATION_STYLE_ASSIGNMENT((#6135));
#5874=PRESENTATION_STYLE_ASSIGNMENT((#6136));
#5875=PRESENTATION_STYLE_ASSIGNMENT((#6137));
#5876=PRESENTATION_STYLE_ASSIGNMENT((#6138));
#5877=PRESENTATION_STYLE_ASSIGNMENT((#6139));
#5878=PRESENTATION_STYLE_ASSIGNMENT((#6140));
#5879=PRESENTATION_STYLE_ASSIGNMENT((#6141));
#5880=PRESENTATION_STYLE_ASSIGNMENT((#6142));
#5881=PRESENTATION_STYLE_ASSIGNMENT((#6143));
#5882=PRESENTATION_STYLE_ASSIGNMENT((#6144));
#5883=PRESENTATION_STYLE_ASSIGNMENT((#6145));
#5884=PRESENTATION_STYLE_ASSIGNMENT((#6146));
#5885=PRESENTATION_STYLE_ASSIGNMENT((#6147));
#5886=PRESENTATION_STYLE_ASSIGNMENT((#6148));
#5887=PRESENTATION_STYLE_ASSIGNMENT((#6149));
#5888=PRESENTATION_STYLE_ASSIGNMENT((#6150));
#5889=PRESENTATION_STYLE_ASSIGNMENT((#6151));
#5890=PRESENTATION_STYLE_ASSIGNMENT((#6152));
#5891=PRESENTATION_STYLE_ASSIGNMENT((#6153));
#5892=PRESENTATION_STYLE_ASSIGNMENT((#6154));
#5893=PRESENTATION_STYLE_ASSIGNMENT((#6155));
#5894=PRESENTATION_STYLE_ASSIGNMENT((#6156));
#5895=PRESENTATION_STYLE_ASSIGNMENT((#6157));
#5896=PRESENTATION_STYLE_ASSIGNMENT((#6158));
#5897=PRESENTATION_STYLE_ASSIGNMENT((#6159));
#5898=PRESENTATION_STYLE_ASSIGNMENT((#6160));
#5899=PRESENTATION_STYLE_ASSIGNMENT((#6161));
#5900=PRESENTATION_STYLE_ASSIGNMENT((#6162));
#5901=PRESENTATION_STYLE_ASSIGNMENT((#6163));
#5902=PRESENTATION_STYLE_ASSIGNMENT((#6164));
#5903=PRESENTATION_STYLE_ASSIGNMENT((#6165));
#5904=PRESENTATION_STYLE_ASSIGNMENT((#6166));
#5905=PRESENTATION_STYLE_ASSIGNMENT((#6167));
#5906=PRESENTATION_STYLE_ASSIGNMENT((#6168));
#5907=PRESENTATION_STYLE_ASSIGNMENT((#6169));
#5908=PRESENTATION_STYLE_ASSIGNMENT((#6170));
#5909=PRESENTATION_STYLE_ASSIGNMENT((#6171));
#5910=PRESENTATION_STYLE_ASSIGNMENT((#6172));
#5911=PRESENTATION_STYLE_ASSIGNMENT((#6173));
#5912=PRESENTATION_STYLE_ASSIGNMENT((#6174));
#5913=PRESENTATION_STYLE_ASSIGNMENT((#6175));
#5914=PRESENTATION_STYLE_ASSIGNMENT((#6176));
#5915=PRESENTATION_STYLE_ASSIGNMENT((#6177));
#5916=PRESENTATION_STYLE_ASSIGNMENT((#6178));
#5917=PRESENTATION_STYLE_ASSIGNMENT((#6179));
#5918=PRESENTATION_STYLE_ASSIGNMENT((#6180));
#5919=PRESENTATION_STYLE_ASSIGNMENT((#6181));
#5920=PRESENTATION_STYLE_ASSIGNMENT((#6182));
#5921=PRESENTATION_STYLE_ASSIGNMENT((#6183));
#5922=PRESENTATION_STYLE_ASSIGNMENT((#6184));
#5923=PRESENTATION_STYLE_ASSIGNMENT((#6185));
#5924=PRESENTATION_STYLE_ASSIGNMENT((#6186));
#5925=PRESENTATION_STYLE_ASSIGNMENT((#6187));
#5926=PRESENTATION_STYLE_ASSIGNMENT((#6188));
#5927=PRESENTATION_STYLE_ASSIGNMENT((#6189));
#5928=PRESENTATION_STYLE_ASSIGNMENT((#6190));
#5929=PRESENTATION_STYLE_ASSIGNMENT((#6191));
#5930=PRESENTATION_STYLE_ASSIGNMENT((#6192));
#5931=PRESENTATION_STYLE_ASSIGNMENT((#6193));
#5932=PRESENTATION_STYLE_ASSIGNMENT((#6194));
#5933=PRESENTATION_STYLE_ASSIGNMENT((#6195));
#5934=PRESENTATION_STYLE_ASSIGNMENT((#6196));
#5935=PRESENTATION_STYLE_ASSIGNMENT((#6197));
#5936=PRESENTATION_STYLE_ASSIGNMENT((#6198));
#5937=PRESENTATION_STYLE_ASSIGNMENT((#6199));
#5938=PRESENTATION_STYLE_ASSIGNMENT((#6200));
#5939=PRESENTATION_STYLE_ASSIGNMENT((#6201));
#5940=PRESENTATION_STYLE_ASSIGNMENT((#6202));
#5941=PRESENTATION_STYLE_ASSIGNMENT((#6203));
#5942=PRESENTATION_STYLE_ASSIGNMENT((#6204));
#5943=PRESENTATION_STYLE_ASSIGNMENT((#6205));
#5944=PRESENTATION_STYLE_ASSIGNMENT((#6206));
#5945=PRESENTATION_STYLE_ASSIGNMENT((#6207));
#5946=PRESENTATION_STYLE_ASSIGNMENT((#6208));
#5947=PRESENTATION_STYLE_ASSIGNMENT((#6209));
#5948=PRESENTATION_STYLE_ASSIGNMENT((#6210));
#5949=PRESENTATION_STYLE_ASSIGNMENT((#6211));
#5950=PRESENTATION_STYLE_ASSIGNMENT((#6212));
#5951=PRESENTATION_STYLE_ASSIGNMENT((#6213));
#5952=PRESENTATION_STYLE_ASSIGNMENT((#6214));
#5953=PRESENTATION_STYLE_ASSIGNMENT((#6215));
#5954=PRESENTATION_STYLE_ASSIGNMENT((#6216));
#5955=PRESENTATION_STYLE_ASSIGNMENT((#6217));
#5956=PRESENTATION_STYLE_ASSIGNMENT((#6218));
#5957=PRESENTATION_STYLE_ASSIGNMENT((#6219));
#5958=PRESENTATION_STYLE_ASSIGNMENT((#6220));
#5959=PRESENTATION_STYLE_ASSIGNMENT((#6221));
#5960=PRESENTATION_STYLE_ASSIGNMENT((#6222));
#5961=PRESENTATION_STYLE_ASSIGNMENT((#6223));
#5962=PRESENTATION_STYLE_ASSIGNMENT((#6224));
#5963=PRESENTATION_STYLE_ASSIGNMENT((#6225));
#5964=PRESENTATION_STYLE_ASSIGNMENT((#6226));
#5965=PRESENTATION_STYLE_ASSIGNMENT((#6227));
#5966=PRESENTATION_STYLE_ASSIGNMENT((#6228));
#5967=PRESENTATION_STYLE_ASSIGNMENT((#6229));
#5968=PRESENTATION_STYLE_ASSIGNMENT((#6230));
#5969=PRESENTATION_STYLE_ASSIGNMENT((#6231));
#5970=PRESENTATION_STYLE_ASSIGNMENT((#6232));
#5971=PRESENTATION_STYLE_ASSIGNMENT((#6233));
#5972=PRESENTATION_STYLE_ASSIGNMENT((#6234));
#5973=PRESENTATION_STYLE_ASSIGNMENT((#6235));
#5974=PRESENTATION_STYLE_ASSIGNMENT((#6236));
#5975=PRESENTATION_STYLE_ASSIGNMENT((#6237));
#5976=PRESENTATION_STYLE_ASSIGNMENT((#6238));
#5977=PRESENTATION_STYLE_ASSIGNMENT((#6239));
#5978=PRESENTATION_STYLE_ASSIGNMENT((#6240));
#5979=PRESENTATION_STYLE_ASSIGNMENT((#6241));
#5980=PRESENTATION_STYLE_ASSIGNMENT((#6242));
#5981=PRESENTATION_STYLE_ASSIGNMENT((#6243));
#5982=PRESENTATION_STYLE_ASSIGNMENT((#6244));
#5983=PRESENTATION_STYLE_ASSIGNMENT((#6245));
#5984=PRESENTATION_STYLE_ASSIGNMENT((#6246));
#5985=PRESENTATION_STYLE_ASSIGNMENT((#6247));
#5986=PRESENTATION_STYLE_ASSIGNMENT((#6248));
#5987=PRESENTATION_STYLE_ASSIGNMENT((#6249));
#5988=PRESENTATION_STYLE_ASSIGNMENT((#6250));
#5989=PRESENTATION_STYLE_ASSIGNMENT((#6251));
#5990=PRESENTATION_STYLE_ASSIGNMENT((#6252));
#5991=PRESENTATION_STYLE_ASSIGNMENT((#6253));
#5992=PRESENTATION_STYLE_ASSIGNMENT((#6254));
#5993=PRESENTATION_STYLE_ASSIGNMENT((#6255));
#5994=PRESENTATION_STYLE_ASSIGNMENT((#6256));
#5995=PRESENTATION_STYLE_ASSIGNMENT((#6257));
#5996=PRESENTATION_STYLE_ASSIGNMENT((#6258));
#5997=PRESENTATION_STYLE_ASSIGNMENT((#6259));
#5998=PRESENTATION_STYLE_ASSIGNMENT((#6260));
#5999=PRESENTATION_STYLE_ASSIGNMENT((#6261));
#6000=PRESENTATION_STYLE_ASSIGNMENT((#6262));
#6001=PRESENTATION_STYLE_ASSIGNMENT((#6263));
#6002=PRESENTATION_STYLE_ASSIGNMENT((#6264));
#6003=PRESENTATION_STYLE_ASSIGNMENT((#6265));
#6004=PRESENTATION_STYLE_ASSIGNMENT((#6266));
#6005=PRESENTATION_STYLE_ASSIGNMENT((#6267));
#6006=PRESENTATION_STYLE_ASSIGNMENT((#6268));
#6007=PRESENTATION_STYLE_ASSIGNMENT((#6269));
#6008=PRESENTATION_STYLE_ASSIGNMENT((#6270));
#6009=PRESENTATION_STYLE_ASSIGNMENT((#6271));
#6010=PRESENTATION_STYLE_ASSIGNMENT((#6272));
#6011=PRESENTATION_STYLE_ASSIGNMENT((#6273));
#6012=PRESENTATION_STYLE_ASSIGNMENT((#6274));
#6013=PRESENTATION_STYLE_ASSIGNMENT((#6275));
#6014=PRESENTATION_STYLE_ASSIGNMENT((#6276));
#6015=PRESENTATION_STYLE_ASSIGNMENT((#6277));
#6016=PRESENTATION_STYLE_ASSIGNMENT((#6278));
#6017=PRESENTATION_STYLE_ASSIGNMENT((#6279));
#6018=PRESENTATION_STYLE_ASSIGNMENT((#6280));
#6019=PRESENTATION_STYLE_ASSIGNMENT((#6281));
#6020=PRESENTATION_STYLE_ASSIGNMENT((#6282));
#6021=PRESENTATION_STYLE_ASSIGNMENT((#6283));
#6022=PRESENTATION_STYLE_ASSIGNMENT((#6284));
#6023=PRESENTATION_STYLE_ASSIGNMENT((#6285));
#6024=PRESENTATION_STYLE_ASSIGNMENT((#6286));
#6025=PRESENTATION_STYLE_ASSIGNMENT((#6287));
#6026=PRESENTATION_STYLE_ASSIGNMENT((#6288));
#6027=PRESENTATION_STYLE_ASSIGNMENT((#6289));
#6028=PRESENTATION_STYLE_ASSIGNMENT((#6290));
#6029=PRESENTATION_STYLE_ASSIGNMENT((#6291));
#6030=PRESENTATION_STYLE_ASSIGNMENT((#6292));
#6031=PRESENTATION_STYLE_ASSIGNMENT((#6293));
#6032=PRESENTATION_STYLE_ASSIGNMENT((#6294));
#6033=PRESENTATION_STYLE_ASSIGNMENT((#6295));
#6034=PRESENTATION_STYLE_ASSIGNMENT((#6296));
#6035=PRESENTATION_STYLE_ASSIGNMENT((#6297));
#6036=PRESENTATION_STYLE_ASSIGNMENT((#6298));
#6037=PRESENTATION_STYLE_ASSIGNMENT((#6299));
#6038=PRESENTATION_STYLE_ASSIGNMENT((#6300));
#6039=PRESENTATION_STYLE_ASSIGNMENT((#6301));
#6040=PRESENTATION_STYLE_ASSIGNMENT((#6302));
#6041=PRESENTATION_STYLE_ASSIGNMENT((#6303));
#6042=PRESENTATION_STYLE_ASSIGNMENT((#6304));
#6043=PRESENTATION_STYLE_ASSIGNMENT((#6305));
#6044=PRESENTATION_STYLE_ASSIGNMENT((#6306));
#6045=PRESENTATION_STYLE_ASSIGNMENT((#6307));
#6046=PRESENTATION_STYLE_ASSIGNMENT((#6308));
#6047=PRESENTATION_STYLE_ASSIGNMENT((#6309));
#6048=PRESENTATION_STYLE_ASSIGNMENT((#6310));
#6049=PRESENTATION_STYLE_ASSIGNMENT((#6311));
#6050=PRESENTATION_STYLE_ASSIGNMENT((#6312));
#6051=PRESENTATION_STYLE_ASSIGNMENT((#6313));
#6052=PRESENTATION_STYLE_ASSIGNMENT((#6314));
#6053=PRESENTATION_STYLE_ASSIGNMENT((#6315));
#6054=PRESENTATION_STYLE_ASSIGNMENT((#6316));
#6055=PRESENTATION_STYLE_ASSIGNMENT((#6317));
#6056=PRESENTATION_STYLE_ASSIGNMENT((#6318));
#6057=PRESENTATION_STYLE_ASSIGNMENT((#6319));
#6058=PRESENTATION_STYLE_ASSIGNMENT((#6320));
#6059=PRESENTATION_STYLE_ASSIGNMENT((#6321));
#6060=PRESENTATION_STYLE_ASSIGNMENT((#6322));
#6061=PRESENTATION_STYLE_ASSIGNMENT((#6323));
#6062=PRESENTATION_STYLE_ASSIGNMENT((#6324));
#6063=PRESENTATION_STYLE_ASSIGNMENT((#6325));
#6064=PRESENTATION_STYLE_ASSIGNMENT((#6326));
#6065=PRESENTATION_STYLE_ASSIGNMENT((#6327));
#6066=PRESENTATION_STYLE_ASSIGNMENT((#6328));
#6067=PRESENTATION_STYLE_ASSIGNMENT((#6329));
#6068=PRESENTATION_STYLE_ASSIGNMENT((#6330));
#6069=PRESENTATION_STYLE_ASSIGNMENT((#6331));
#6070=PRESENTATION_STYLE_ASSIGNMENT((#6332));
#6071=PRESENTATION_STYLE_ASSIGNMENT((#6333));
#6072=PRESENTATION_STYLE_ASSIGNMENT((#6334));
#6073=PRESENTATION_STYLE_ASSIGNMENT((#6335));
#6074=PRESENTATION_STYLE_ASSIGNMENT((#6336));
#6075=PRESENTATION_STYLE_ASSIGNMENT((#6337));
#6076=PRESENTATION_STYLE_ASSIGNMENT((#6338));
#6077=PRESENTATION_STYLE_ASSIGNMENT((#6339));
#6078=PRESENTATION_STYLE_ASSIGNMENT((#6340));
#6079=PRESENTATION_STYLE_ASSIGNMENT((#6341));
#6080=PRESENTATION_STYLE_ASSIGNMENT((#6342));
#6081=PRESENTATION_STYLE_ASSIGNMENT((#6343));
#6082=PRESENTATION_STYLE_ASSIGNMENT((#6344));
#6083=PRESENTATION_STYLE_ASSIGNMENT((#6345));
#6084=PRESENTATION_STYLE_ASSIGNMENT((#6346));
#6085=PRESENTATION_STYLE_ASSIGNMENT((#6347));
#6086=PRESENTATION_STYLE_ASSIGNMENT((#6348));
#6087=PRESENTATION_STYLE_ASSIGNMENT((#6349));
#6088=PRESENTATION_STYLE_ASSIGNMENT((#6350));
#6089=PRESENTATION_STYLE_ASSIGNMENT((#6351));
#6090=PRESENTATION_STYLE_ASSIGNMENT((#6352));
#6091=PRESENTATION_STYLE_ASSIGNMENT((#6353));
#6092=PRESENTATION_STYLE_ASSIGNMENT((#6354));
#6093=PRESENTATION_STYLE_ASSIGNMENT((#6355));
#6094=PRESENTATION_STYLE_ASSIGNMENT((#6356));
#6095=PRESENTATION_STYLE_ASSIGNMENT((#6357));
#6096=PRESENTATION_STYLE_ASSIGNMENT((#6358));
#6097=SURFACE_STYLE_USAGE(.BOTH.,#6359);
#6098=SURFACE_STYLE_USAGE(.BOTH.,#6360);
#6099=SURFACE_STYLE_USAGE(.BOTH.,#6361);
#6100=SURFACE_STYLE_USAGE(.BOTH.,#6362);
#6101=SURFACE_STYLE_USAGE(.BOTH.,#6363);
#6102=SURFACE_STYLE_USAGE(.BOTH.,#6364);
#6103=SURFACE_STYLE_USAGE(.BOTH.,#6365);
#6104=SURFACE_STYLE_USAGE(.BOTH.,#6366);
#6105=SURFACE_STYLE_USAGE(.BOTH.,#6367);
#6106=SURFACE_STYLE_USAGE(.BOTH.,#6368);
#6107=SURFACE_STYLE_USAGE(.BOTH.,#6369);
#6108=SURFACE_STYLE_USAGE(.BOTH.,#6370);
#6109=SURFACE_STYLE_USAGE(.BOTH.,#6371);
#6110=SURFACE_STYLE_USAGE(.BOTH.,#6372);
#6111=SURFACE_STYLE_USAGE(.BOTH.,#6373);
#6112=SURFACE_STYLE_USAGE(.BOTH.,#6374);
#6113=SURFACE_STYLE_USAGE(.BOTH.,#6375);
#6114=SURFACE_STYLE_USAGE(.BOTH.,#6376);
#6115=SURFACE_STYLE_USAGE(.BOTH.,#6377);
#6116=SURFACE_STYLE_USAGE(.BOTH.,#6378);
#6117=SURFACE_STYLE_USAGE(.BOTH.,#6379);
#6118=SURFACE_STYLE_USAGE(.BOTH.,#6380);
#6119=SURFACE_STYLE_USAGE(.BOTH.,#6381);
#6120=SURFACE_STYLE_USAGE(.BOTH.,#6382);
#6121=SURFACE_STYLE_USAGE(.BOTH.,#6383);
#6122=SURFACE_STYLE_USAGE(.BOTH.,#6384);
#6123=SURFACE_STYLE_USAGE(.BOTH.,#6385);
#6124=SURFACE_STYLE_USAGE(.BOTH.,#6386);
#6125=SURFACE_STYLE_USAGE(.BOTH.,#6387);
#6126=SURFACE_STYLE_USAGE(.BOTH.,#6388);
#6127=SURFACE_STYLE_USAGE(.BOTH.,#6389);
#6128=SURFACE_STYLE_USAGE(.BOTH.,#6390);
#6129=SURFACE_STYLE_USAGE(.BOTH.,#6391);
#6130=SURFACE_STYLE_USAGE(.BOTH.,#6392);
#6131=SURFACE_STYLE_USAGE(.BOTH.,#6393);
#6132=SURFACE_STYLE_USAGE(.BOTH.,#6394);
#6133=SURFACE_STYLE_USAGE(.BOTH.,#6395);
#6134=SURFACE_STYLE_USAGE(.BOTH.,#6396);
#6135=SURFACE_STYLE_USAGE(.BOTH.,#6397);
#6136=SURFACE_STYLE_USAGE(.BOTH.,#6398);
#6137=SURFACE_STYLE_USAGE(.BOTH.,#6399);
#6138=SURFACE_STYLE_USAGE(.BOTH.,#6400);
#6139=SURFACE_STYLE_USAGE(.BOTH.,#6401);
#6140=SURFACE_STYLE_USAGE(.BOTH.,#6402);
#6141=SURFACE_STYLE_USAGE(.BOTH.,#6403);
#6142=SURFACE_STYLE_USAGE(.BOTH.,#6404);
#6143=SURFACE_STYLE_USAGE(.BOTH.,#6405);
#6144=SURFACE_STYLE_USAGE(.BOTH.,#6406);
#6145=SURFACE_STYLE_USAGE(.BOTH.,#6407);
#6146=SURFACE_STYLE_USAGE(.BOTH.,#6408);
#6147=SURFACE_STYLE_USAGE(.BOTH.,#6409);
#6148=SURFACE_STYLE_USAGE(.BOTH.,#6410);
#6149=SURFACE_STYLE_USAGE(.BOTH.,#6411);
#6150=SURFACE_STYLE_USAGE(.BOTH.,#6412);
#6151=SURFACE_STYLE_USAGE(.BOTH.,#6413);
#6152=SURFACE_STYLE_USAGE(.BOTH.,#6414);
#6153=SURFACE_STYLE_USAGE(.BOTH.,#6415);
#6154=SURFACE_STYLE_USAGE(.BOTH.,#6416);
#6155=SURFACE_STYLE_USAGE(.BOTH.,#6417);
#6156=SURFACE_STYLE_USAGE(.BOTH.,#6418);
#6157=SURFACE_STYLE_USAGE(.BOTH.,#6419);
#6158=SURFACE_STYLE_USAGE(.BOTH.,#6420);
#6159=SURFACE_STYLE_USAGE(.BOTH.,#6421);
#6160=SURFACE_STYLE_USAGE(.BOTH.,#6422);
#6161=SURFACE_STYLE_USAGE(.BOTH.,#6423);
#6162=SURFACE_STYLE_USAGE(.BOTH.,#6424);
#6163=SURFACE_STYLE_USAGE(.BOTH.,#6425);
#6164=SURFACE_STYLE_USAGE(.BOTH.,#6426);
#6165=SURFACE_STYLE_USAGE(.BOTH.,#6427);
#6166=SURFACE_STYLE_USAGE(.BOTH.,#6428);
#6167=SURFACE_STYLE_USAGE(.BOTH.,#6429);
#6168=SURFACE_STYLE_USAGE(.BOTH.,#6430);
#6169=SURFACE_STYLE_USAGE(.BOTH.,#6431);
#6170=SURFACE_STYLE_USAGE(.BOTH.,#6432);
#6171=SURFACE_STYLE_USAGE(.BOTH.,#6433);
#6172=SURFACE_STYLE_USAGE(.BOTH.,#6434);
#6173=SURFACE_STYLE_USAGE(.BOTH.,#6435);
#6174=SURFACE_STYLE_USAGE(.BOTH.,#6436);
#6175=SURFACE_STYLE_USAGE(.BOTH.,#6437);
#6176=SURFACE_STYLE_USAGE(.BOTH.,#6438);
#6177=SURFACE_STYLE_USAGE(.BOTH.,#6439);
#6178=SURFACE_STYLE_USAGE(.BOTH.,#6440);
#6179=SURFACE_STYLE_USAGE(.BOTH.,#6441);
#6180=SURFACE_STYLE_USAGE(.BOTH.,#6442);
#6181=SURFACE_STYLE_USAGE(.BOTH.,#6443);
#6182=SURFACE_STYLE_USAGE(.BOTH.,#6444);
#6183=SURFACE_STYLE_USAGE(.BOTH.,#6445);
#6184=SURFACE_STYLE_USAGE(.BOTH.,#6446);
#6185=SURFACE_STYLE_USAGE(.BOTH.,#6447);
#6186=SURFACE_STYLE_USAGE(.BOTH.,#6448);
#6187=SURFACE_STYLE_USAGE(.BOTH.,#6449);
#6188=SURFACE_STYLE_USAGE(.BOTH.,#6450);
#6189=SURFACE_STYLE_USAGE(.BOTH.,#6451);
#6190=SURFACE_STYLE_USAGE(.BOTH.,#6452);
#6191=SURFACE_STYLE_USAGE(.BOTH.,#6453);
#6192=SURFACE_STYLE_USAGE(.BOTH.,#6454);
#6193=SURFACE_STYLE_USAGE(.BOTH.,#6455);
#6194=SURFACE_STYLE_USAGE(.BOTH.,#6456);
#6195=SURFACE_STYLE_USAGE(.BOTH.,#6457);
#6196=SURFACE_STYLE_USAGE(.BOTH.,#6458);
#6197=SURFACE_STYLE_USAGE(.BOTH.,#6459);
#6198=SURFACE_STYLE_USAGE(.BOTH.,#6460);
#6199=SURFACE_STYLE_USAGE(.BOTH.,#6461);
#6200=SURFACE_STYLE_USAGE(.BOTH.,#6462);
#6201=SURFACE_STYLE_USAGE(.BOTH.,#6463);
#6202=SURFACE_STYLE_USAGE(.BOTH.,#6464);
#6203=SURFACE_STYLE_USAGE(.BOTH.,#6465);
#6204=SURFACE_STYLE_USAGE(.BOTH.,#6466);
#6205=SURFACE_STYLE_USAGE(.BOTH.,#6467);
#6206=SURFACE_STYLE_USAGE(.BOTH.,#6468);
#6207=SURFACE_STYLE_USAGE(.BOTH.,#6469);
#6208=SURFACE_STYLE_USAGE(.BOTH.,#6470);
#6209=SURFACE_STYLE_USAGE(.BOTH.,#6471);
#6210=SURFACE_STYLE_USAGE(.BOTH.,#6472);
#6211=SURFACE_STYLE_USAGE(.BOTH.,#6473);
#6212=SURFACE_STYLE_USAGE(.BOTH.,#6474);
#6213=SURFACE_STYLE_USAGE(.BOTH.,#6475);
#6214=SURFACE_STYLE_USAGE(.BOTH.,#6476);
#6215=SURFACE_STYLE_USAGE(.BOTH.,#6477);
#6216=SURFACE_STYLE_USAGE(.BOTH.,#6478);
#6217=SURFACE_STYLE_USAGE(.BOTH.,#6479);
#6218=SURFACE_STYLE_USAGE(.BOTH.,#6480);
#6219=SURFACE_STYLE_USAGE(.BOTH.,#6481);
#6220=SURFACE_STYLE_USAGE(.BOTH.,#6482);
#6221=SURFACE_STYLE_USAGE(.BOTH.,#6483);
#6222=SURFACE_STYLE_USAGE(.BOTH.,#6484);
#6223=SURFACE_STYLE_USAGE(.BOTH.,#6485);
#6224=SURFACE_STYLE_USAGE(.BOTH.,#6486);
#6225=SURFACE_STYLE_USAGE(.BOTH.,#6487);
#6226=SURFACE_STYLE_USAGE(.BOTH.,#6488);
#6227=SURFACE_STYLE_USAGE(.BOTH.,#6489);
#6228=SURFACE_STYLE_USAGE(.BOTH.,#6490);
#6229=SURFACE_STYLE_USAGE(.BOTH.,#6491);
#6230=SURFACE_STYLE_USAGE(.BOTH.,#6492);
#6231=SURFACE_STYLE_USAGE(.BOTH.,#6493);
#6232=SURFACE_STYLE_USAGE(.BOTH.,#6494);
#6233=SURFACE_STYLE_USAGE(.BOTH.,#6495);
#6234=SURFACE_STYLE_USAGE(.BOTH.,#6496);
#6235=SURFACE_STYLE_USAGE(.BOTH.,#6497);
#6236=SURFACE_STYLE_USAGE(.BOTH.,#6498);
#6237=SURFACE_STYLE_USAGE(.BOTH.,#6499);
#6238=SURFACE_STYLE_USAGE(.BOTH.,#6500);
#6239=SURFACE_STYLE_USAGE(.BOTH.,#6501);
#6240=SURFACE_STYLE_USAGE(.BOTH.,#6502);
#6241=SURFACE_STYLE_USAGE(.BOTH.,#6503);
#6242=SURFACE_STYLE_USAGE(.BOTH.,#6504);
#6243=SURFACE_STYLE_USAGE(.BOTH.,#6505);
#6244=SURFACE_STYLE_USAGE(.BOTH.,#6506);
#6245=SURFACE_STYLE_USAGE(.BOTH.,#6507);
#6246=SURFACE_STYLE_USAGE(.BOTH.,#6508);
#6247=SURFACE_STYLE_USAGE(.BOTH.,#6509);
#6248=SURFACE_STYLE_USAGE(.BOTH.,#6510);
#6249=SURFACE_STYLE_USAGE(.BOTH.,#6511);
#6250=SURFACE_STYLE_USAGE(.BOTH.,#6512);
#6251=SURFACE_STYLE_USAGE(.BOTH.,#6513);
#6252=SURFACE_STYLE_USAGE(.BOTH.,#6514);
#6253=SURFACE_STYLE_USAGE(.BOTH.,#6515);
#6254=SURFACE_STYLE_USAGE(.BOTH.,#6516);
#6255=SURFACE_STYLE_USAGE(.BOTH.,#6517);
#6256=SURFACE_STYLE_USAGE(.BOTH.,#6518);
#6257=SURFACE_STYLE_USAGE(.BOTH.,#6519);
#6258=SURFACE_STYLE_USAGE(.BOTH.,#6520);
#6259=SURFACE_STYLE_USAGE(.BOTH.,#6521);
#6260=SURFACE_STYLE_USAGE(.BOTH.,#6522);
#6261=SURFACE_STYLE_USAGE(.BOTH.,#6523);
#6262=SURFACE_STYLE_USAGE(.BOTH.,#6524);
#6263=SURFACE_STYLE_USAGE(.BOTH.,#6525);
#6264=SURFACE_STYLE_USAGE(.BOTH.,#6526);
#6265=SURFACE_STYLE_USAGE(.BOTH.,#6527);
#6266=SURFACE_STYLE_USAGE(.BOTH.,#6528);
#6267=SURFACE_STYLE_USAGE(.BOTH.,#6529);
#6268=SURFACE_STYLE_USAGE(.BOTH.,#6530);
#6269=SURFACE_STYLE_USAGE(.BOTH.,#6531);
#6270=SURFACE_STYLE_USAGE(.BOTH.,#6532);
#6271=SURFACE_STYLE_USAGE(.BOTH.,#6533);
#6272=SURFACE_STYLE_USAGE(.BOTH.,#6534);
#6273=SURFACE_STYLE_USAGE(.BOTH.,#6535);
#6274=SURFACE_STYLE_USAGE(.BOTH.,#6536);
#6275=SURFACE_STYLE_USAGE(.BOTH.,#6537);
#6276=SURFACE_STYLE_USAGE(.BOTH.,#6538);
#6277=SURFACE_STYLE_USAGE(.BOTH.,#6539);
#6278=SURFACE_STYLE_USAGE(.BOTH.,#6540);
#6279=SURFACE_STYLE_USAGE(.BOTH.,#6541);
#6280=SURFACE_STYLE_USAGE(.BOTH.,#6542);
#6281=SURFACE_STYLE_USAGE(.BOTH.,#6543);
#6282=SURFACE_STYLE_USAGE(.BOTH.,#6544);
#6283=SURFACE_STYLE_USAGE(.BOTH.,#6545);
#6284=SURFACE_STYLE_USAGE(.BOTH.,#6546);
#6285=SURFACE_STYLE_USAGE(.BOTH.,#6547);
#6286=SURFACE_STYLE_USAGE(.BOTH.,#6548);
#6287=SURFACE_STYLE_USAGE(.BOTH.,#6549);
#6288=SURFACE_STYLE_USAGE(.BOTH.,#6550);
#6289=SURFACE_STYLE_USAGE(.BOTH.,#6551);
#6290=SURFACE_STYLE_USAGE(.BOTH.,#6552);
#6291=SURFACE_STYLE_USAGE(.BOTH.,#6553);
#6292=SURFACE_STYLE_USAGE(.BOTH.,#6554);
#6293=SURFACE_STYLE_USAGE(.BOTH.,#6555);
#6294=SURFACE_STYLE_USAGE(.BOTH.,#6556);
#6295=SURFACE_STYLE_USAGE(.BOTH.,#6557);
#6296=SURFACE_STYLE_USAGE(.BOTH.,#6558);
#6297=SURFACE_STYLE_USAGE(.BOTH.,#6559);
#6298=SURFACE_STYLE_USAGE(.BOTH.,#6560);
#6299=SURFACE_STYLE_USAGE(.BOTH.,#6561);
#6300=SURFACE_STYLE_USAGE(.BOTH.,#6562);
#6301=SURFACE_STYLE_USAGE(.BOTH.,#6563);
#6302=SURFACE_STYLE_USAGE(.BOTH.,#6564);
#6303=SURFACE_STYLE_USAGE(.BOTH.,#6565);
#6304=SURFACE_STYLE_USAGE(.BOTH.,#6566);
#6305=SURFACE_STYLE_USAGE(.BOTH.,#6567);
#6306=SURFACE_STYLE_USAGE(.BOTH.,#6568);
#6307=SURFACE_STYLE_USAGE(.BOTH.,#6569);
#6308=SURFACE_STYLE_USAGE(.BOTH.,#6570);
#6309=SURFACE_STYLE_USAGE(.BOTH.,#6571);
#6310=SURFACE_STYLE_USAGE(.BOTH.,#6572);
#6311=SURFACE_STYLE_USAGE(.BOTH.,#6573);
#6312=SURFACE_STYLE_USAGE(.BOTH.,#6574);
#6313=SURFACE_STYLE_USAGE(.BOTH.,#6575);
#6314=SURFACE_STYLE_USAGE(.BOTH.,#6576);
#6315=SURFACE_STYLE_USAGE(.BOTH.,#6577);
#6316=SURFACE_STYLE_USAGE(.BOTH.,#6578);
#6317=SURFACE_STYLE_USAGE(.BOTH.,#6579);
#6318=SURFACE_STYLE_USAGE(.BOTH.,#6580);
#6319=SURFACE_STYLE_USAGE(.BOTH.,#6581);
#6320=SURFACE_STYLE_USAGE(.BOTH.,#6582);
#6321=SURFACE_STYLE_USAGE(.BOTH.,#6583);
#6322=SURFACE_STYLE_USAGE(.BOTH.,#6584);
#6323=SURFACE_STYLE_USAGE(.BOTH.,#6585);
#6324=SURFACE_STYLE_USAGE(.BOTH.,#6586);
#6325=SURFACE_STYLE_USAGE(.BOTH.,#6587);
#6326=SURFACE_STYLE_USAGE(.BOTH.,#6588);
#6327=SURFACE_STYLE_USAGE(.BOTH.,#6589);
#6328=SURFACE_STYLE_USAGE(.BOTH.,#6590);
#6329=SURFACE_STYLE_USAGE(.BOTH.,#6591);
#6330=SURFACE_STYLE_USAGE(.BOTH.,#6592);
#6331=SURFACE_STYLE_USAGE(.BOTH.,#6593);
#6332=SURFACE_STYLE_USAGE(.BOTH.,#6594);
#6333=SURFACE_STYLE_USAGE(.BOTH.,#6595);
#6334=SURFACE_STYLE_USAGE(.BOTH.,#6596);
#6335=SURFACE_STYLE_USAGE(.BOTH.,#6597);
#6336=SURFACE_STYLE_USAGE(.BOTH.,#6598);
#6337=SURFACE_STYLE_USAGE(.BOTH.,#6599);
#6338=SURFACE_STYLE_USAGE(.BOTH.,#6600);
#6339=SURFACE_STYLE_USAGE(.BOTH.,#6601);
#6340=SURFACE_STYLE_USAGE(.BOTH.,#6602);
#6341=SURFACE_STYLE_USAGE(.BOTH.,#6603);
#6342=SURFACE_STYLE_USAGE(.BOTH.,#6604);
#6343=SURFACE_STYLE_USAGE(.BOTH.,#6605);
#6344=SURFACE_STYLE_USAGE(.BOTH.,#6606);
#6345=SURFACE_STYLE_USAGE(.BOTH.,#6607);
#6346=SURFACE_STYLE_USAGE(.BOTH.,#6608);
#6347=SURFACE_STYLE_USAGE(.BOTH.,#6609);
#6348=SURFACE_STYLE_USAGE(.BOTH.,#6610);
#6349=SURFACE_STYLE_USAGE(.BOTH.,#6611);
#6350=SURFACE_STYLE_USAGE(.BOTH.,#6612);
#6351=SURFACE_STYLE_USAGE(.BOTH.,#6613);
#6352=SURFACE_STYLE_USAGE(.BOTH.,#6614);
#6353=SURFACE_STYLE_USAGE(.BOTH.,#6615);
#6354=SURFACE_STYLE_USAGE(.BOTH.,#6616);
#6355=SURFACE_STYLE_USAGE(.BOTH.,#6617);
#6356=SURFACE_STYLE_USAGE(.BOTH.,#6618);
#6357=SURFACE_STYLE_USAGE(.BOTH.,#6619);
#6358=SURFACE_STYLE_USAGE(.BOTH.,#6620);
#6359=SURFACE_SIDE_STYLE('',(#6621));
#6360=SURFACE_SIDE_STYLE('',(#6622));
#6361=SURFACE_SIDE_STYLE('',(#6623));
#6362=SURFACE_SIDE_STYLE('',(#6624));
#6363=SURFACE_SIDE_STYLE('',(#6625));
#6364=SURFACE_SIDE_STYLE('',(#6626));
#6365=SURFACE_SIDE_STYLE('',(#6627));
#6366=SURFACE_SIDE_STYLE('',(#6628));
#6367=SURFACE_SIDE_STYLE('',(#6629));
#6368=SURFACE_SIDE_STYLE('',(#6630));
#6369=SURFACE_SIDE_STYLE('',(#6631));
#6370=SURFACE_SIDE_STYLE('',(#6632));
#6371=SURFACE_SIDE_STYLE('',(#6633));
#6372=SURFACE_SIDE_STYLE('',(#6634));
#6373=SURFACE_SIDE_STYLE('',(#6635));
#6374=SURFACE_SIDE_STYLE('',(#6636));
#6375=SURFACE_SIDE_STYLE('',(#6637));
#6376=SURFACE_SIDE_STYLE('',(#6638));
#6377=SURFACE_SIDE_STYLE('',(#6639));
#6378=SURFACE_SIDE_STYLE('',(#6640));
#6379=SURFACE_SIDE_STYLE('',(#6641));
#6380=SURFACE_SIDE_STYLE('',(#6642));
#6381=SURFACE_SIDE_STYLE('',(#6643));
#6382=SURFACE_SIDE_STYLE('',(#6644));
#6383=SURFACE_SIDE_STYLE('',(#6645));
#6384=SURFACE_SIDE_STYLE('',(#6646));
#6385=SURFACE_SIDE_STYLE('',(#6647));
#6386=SURFACE_SIDE_STYLE('',(#6648));
#6387=SURFACE_SIDE_STYLE('',(#6649));
#6388=SURFACE_SIDE_STYLE('',(#6650));
#6389=SURFACE_SIDE_STYLE('',(#6651));
#6390=SURFACE_SIDE_STYLE('',(#6652));
#6391=SURFACE_SIDE_STYLE('',(#6653));
#6392=SURFACE_SIDE_STYLE('',(#6654));
#6393=SURFACE_SIDE_STYLE('',(#6655));
#6394=SURFACE_SIDE_STYLE('',(#6656));
#6395=SURFACE_SIDE_STYLE('',(#6657));
#6396=SURFACE_SIDE_STYLE('',(#6658));
#6397=SURFACE_SIDE_STYLE('',(#6659));
#6398=SURFACE_SIDE_STYLE('',(#6660));
#6399=SURFACE_SIDE_STYLE('',(#6661));
#6400=SURFACE_SIDE_STYLE('',(#6662));
#6401=SURFACE_SIDE_STYLE('',(#6663));
#6402=SURFACE_SIDE_STYLE('',(#6664));
#6403=SURFACE_SIDE_STYLE('',(#6665));
#6404=SURFACE_SIDE_STYLE('',(#6666));
#6405=SURFACE_SIDE_STYLE('',(#6667));
#6406=SURFACE_SIDE_STYLE('',(#6668));
#6407=SURFACE_SIDE_STYLE('',(#6669));
#6408=SURFACE_SIDE_STYLE('',(#6670));
#6409=SURFACE_SIDE_STYLE('',(#6671));
#6410=SURFACE_SIDE_STYLE('',(#6672));
#6411=SURFACE_SIDE_STYLE('',(#6673));
#6412=SURFACE_SIDE_STYLE('',(#6674));
#6413=SURFACE_SIDE_STYLE('',(#6675));
#6414=SURFACE_SIDE_STYLE('',(#6676));
#6415=SURFACE_SIDE_STYLE('',(#6677));
#6416=SURFACE_SIDE_STYLE('',(#6678));
#6417=SURFACE_SIDE_STYLE('',(#6679));
#6418=SURFACE_SIDE_STYLE('',(#6680));
#6419=SURFACE_SIDE_STYLE('',(#6681));
#6420=SURFACE_SIDE_STYLE('',(#6682));
#6421=SURFACE_SIDE_STYLE('',(#6683));
#6422=SURFACE_SIDE_STYLE('',(#6684));
#6423=SURFACE_SIDE_STYLE('',(#6685));
#6424=SURFACE_SIDE_STYLE('',(#6686));
#6425=SURFACE_SIDE_STYLE('',(#6687));
#6426=SURFACE_SIDE_STYLE('',(#6688));
#6427=SURFACE_SIDE_STYLE('',(#6689));
#6428=SURFACE_SIDE_STYLE('',(#6690));
#6429=SURFACE_SIDE_STYLE('',(#6691));
#6430=SURFACE_SIDE_STYLE('',(#6692));
#6431=SURFACE_SIDE_STYLE('',(#6693));
#6432=SURFACE_SIDE_STYLE('',(#6694));
#6433=SURFACE_SIDE_STYLE('',(#6695));
#6434=SURFACE_SIDE_STYLE('',(#6696));
#6435=SURFACE_SIDE_STYLE('',(#6697));
#6436=SURFACE_SIDE_STYLE('',(#6698));
#6437=SURFACE_SIDE_STYLE('',(#6699));
#6438=SURFACE_SIDE_STYLE('',(#6700));
#6439=SURFACE_SIDE_STYLE('',(#6701));
#6440=SURFACE_SIDE_STYLE('',(#6702));
#6441=SURFACE_SIDE_STYLE('',(#6703));
#6442=SURFACE_SIDE_STYLE('',(#6704));
#6443=SURFACE_SIDE_STYLE('',(#6705));
#6444=SURFACE_SIDE_STYLE('',(#6706));
#6445=SURFACE_SIDE_STYLE('',(#6707));
#6446=SURFACE_SIDE_STYLE('',(#6708));
#6447=SURFACE_SIDE_STYLE('',(#6709));
#6448=SURFACE_SIDE_STYLE('',(#6710));
#6449=SURFACE_SIDE_STYLE('',(#6711));
#6450=SURFACE_SIDE_STYLE('',(#6712));
#6451=SURFACE_SIDE_STYLE('',(#6713));
#6452=SURFACE_SIDE_STYLE('',(#6714));
#6453=SURFACE_SIDE_STYLE('',(#6715));
#6454=SURFACE_SIDE_STYLE('',(#6716));
#6455=SURFACE_SIDE_STYLE('',(#6717));
#6456=SURFACE_SIDE_STYLE('',(#6718));
#6457=SURFACE_SIDE_STYLE('',(#6719));
#6458=SURFACE_SIDE_STYLE('',(#6720));
#6459=SURFACE_SIDE_STYLE('',(#6721));
#6460=SURFACE_SIDE_STYLE('',(#6722));
#6461=SURFACE_SIDE_STYLE('',(#6723));
#6462=SURFACE_SIDE_STYLE('',(#6724));
#6463=SURFACE_SIDE_STYLE('',(#6725));
#6464=SURFACE_SIDE_STYLE('',(#6726));
#6465=SURFACE_SIDE_STYLE('',(#6727));
#6466=SURFACE_SIDE_STYLE('',(#6728));
#6467=SURFACE_SIDE_STYLE('',(#6729));
#6468=SURFACE_SIDE_STYLE('',(#6730));
#6469=SURFACE_SIDE_STYLE('',(#6731));
#6470=SURFACE_SIDE_STYLE('',(#6732));
#6471=SURFACE_SIDE_STYLE('',(#6733));
#6472=SURFACE_SIDE_STYLE('',(#6734));
#6473=SURFACE_SIDE_STYLE('',(#6735));
#6474=SURFACE_SIDE_STYLE('',(#6736));
#6475=SURFACE_SIDE_STYLE('',(#6737));
#6476=SURFACE_SIDE_STYLE('',(#6738));
#6477=SURFACE_SIDE_STYLE('',(#6739));
#6478=SURFACE_SIDE_STYLE('',(#6740));
#6479=SURFACE_SIDE_STYLE('',(#6741));
#6480=SURFACE_SIDE_STYLE('',(#6742));
#6481=SURFACE_SIDE_STYLE('',(#6743));
#6482=SURFACE_SIDE_STYLE('',(#6744));
#6483=SURFACE_SIDE_STYLE('',(#6745));
#6484=SURFACE_SIDE_STYLE('',(#6746));
#6485=SURFACE_SIDE_STYLE('',(#6747));
#6486=SURFACE_SIDE_STYLE('',(#6748));
#6487=SURFACE_SIDE_STYLE('',(#6749));
#6488=SURFACE_SIDE_STYLE('',(#6750));
#6489=SURFACE_SIDE_STYLE('',(#6751));
#6490=SURFACE_SIDE_STYLE('',(#6752));
#6491=SURFACE_SIDE_STYLE('',(#6753));
#6492=SURFACE_SIDE_STYLE('',(#6754));
#6493=SURFACE_SIDE_STYLE('',(#6755));
#6494=SURFACE_SIDE_STYLE('',(#6756));
#6495=SURFACE_SIDE_STYLE('',(#6757));
#6496=SURFACE_SIDE_STYLE('',(#6758));
#6497=SURFACE_SIDE_STYLE('',(#6759));
#6498=SURFACE_SIDE_STYLE('',(#6760));
#6499=SURFACE_SIDE_STYLE('',(#6761));
#6500=SURFACE_SIDE_STYLE('',(#6762));
#6501=SURFACE_SIDE_STYLE('',(#6763));
#6502=SURFACE_SIDE_STYLE('',(#6764));
#6503=SURFACE_SIDE_STYLE('',(#6765));
#6504=SURFACE_SIDE_STYLE('',(#6766));
#6505=SURFACE_SIDE_STYLE('',(#6767));
#6506=SURFACE_SIDE_STYLE('',(#6768));
#6507=SURFACE_SIDE_STYLE('',(#6769));
#6508=SURFACE_SIDE_STYLE('',(#6770));
#6509=SURFACE_SIDE_STYLE('',(#6771));
#6510=SURFACE_SIDE_STYLE('',(#6772));
#6511=SURFACE_SIDE_STYLE('',(#6773));
#6512=SURFACE_SIDE_STYLE('',(#6774));
#6513=SURFACE_SIDE_STYLE('',(#6775));
#6514=SURFACE_SIDE_STYLE('',(#6776));
#6515=SURFACE_SIDE_STYLE('',(#6777));
#6516=SURFACE_SIDE_STYLE('',(#6778));
#6517=SURFACE_SIDE_STYLE('',(#6779));
#6518=SURFACE_SIDE_STYLE('',(#6780));
#6519=SURFACE_SIDE_STYLE('',(#6781));
#6520=SURFACE_SIDE_STYLE('',(#6782));
#6521=SURFACE_SIDE_STYLE('',(#6783));
#6522=SURFACE_SIDE_STYLE('',(#6784));
#6523=SURFACE_SIDE_STYLE('',(#6785));
#6524=SURFACE_SIDE_STYLE('',(#6786));
#6525=SURFACE_SIDE_STYLE('',(#6787));
#6526=SURFACE_SIDE_STYLE('',(#6788));
#6527=SURFACE_SIDE_STYLE('',(#6789));
#6528=SURFACE_SIDE_STYLE('',(#6790));
#6529=SURFACE_SIDE_STYLE('',(#6791));
#6530=SURFACE_SIDE_STYLE('',(#6792));
#6531=SURFACE_SIDE_STYLE('',(#6793));
#6532=SURFACE_SIDE_STYLE('',(#6794));
#6533=SURFACE_SIDE_STYLE('',(#6795));
#6534=SURFACE_SIDE_STYLE('',(#6796));
#6535=SURFACE_SIDE_STYLE('',(#6797));
#6536=SURFACE_SIDE_STYLE('',(#6798));
#6537=SURFACE_SIDE_STYLE('',(#6799));
#6538=SURFACE_SIDE_STYLE('',(#6800));
#6539=SURFACE_SIDE_STYLE('',(#6801));
#6540=SURFACE_SIDE_STYLE('',(#6802));
#6541=SURFACE_SIDE_STYLE('',(#6803));
#6542=SURFACE_SIDE_STYLE('',(#6804));
#6543=SURFACE_SIDE_STYLE('',(#6805));
#6544=SURFACE_SIDE_STYLE('',(#6806));
#6545=SURFACE_SIDE_STYLE('',(#6807));
#6546=SURFACE_SIDE_STYLE('',(#6808));
#6547=SURFACE_SIDE_STYLE('',(#6809));
#6548=SURFACE_SIDE_STYLE('',(#6810));
#6549=SURFACE_SIDE_STYLE('',(#6811));
#6550=SURFACE_SIDE_STYLE('',(#6812));
#6551=SURFACE_SIDE_STYLE('',(#6813));
#6552=SURFACE_SIDE_STYLE('',(#6814));
#6553=SURFACE_SIDE_STYLE('',(#6815));
#6554=SURFACE_SIDE_STYLE('',(#6816));
#6555=SURFACE_SIDE_STYLE('',(#6817));
#6556=SURFACE_SIDE_STYLE('',(#6818));
#6557=SURFACE_SIDE_STYLE('',(#6819));
#6558=SURFACE_SIDE_STYLE('',(#6820));
#6559=SURFACE_SIDE_STYLE('',(#6821));
#6560=SURFACE_SIDE_STYLE('',(#6822));
#6561=SURFACE_SIDE_STYLE('',(#6823));
#6562=SURFACE_SIDE_STYLE('',(#6824));
#6563=SURFACE_SIDE_STYLE('',(#6825));
#6564=SURFACE_SIDE_STYLE('',(#6826));
#6565=SURFACE_SIDE_STYLE('',(#6827));
#6566=SURFACE_SIDE_STYLE('',(#6828));
#6567=SURFACE_SIDE_STYLE('',(#6829));
#6568=SURFACE_SIDE_STYLE('',(#6830));
#6569=SURFACE_SIDE_STYLE('',(#6831));
#6570=SURFACE_SIDE_STYLE('',(#6832));
#6571=SURFACE_SIDE_STYLE('',(#6833));
#6572=SURFACE_SIDE_STYLE('',(#6834));
#6573=SURFACE_SIDE_STYLE('',(#6835));
#6574=SURFACE_SIDE_STYLE('',(#6836));
#6575=SURFACE_SIDE_STYLE('',(#6837));
#6576=SURFACE_SIDE_STYLE('',(#6838));
#6577=SURFACE_SIDE_STYLE('',(#6839));
#6578=SURFACE_SIDE_STYLE('',(#6840));
#6579=SURFACE_SIDE_STYLE('',(#6841));
#6580=SURFACE_SIDE_STYLE('',(#6842));
#6581=SURFACE_SIDE_STYLE('',(#6843));
#6582=SURFACE_SIDE_STYLE('',(#6844));
#6583=SURFACE_SIDE_STYLE('',(#6845));
#6584=SURFACE_SIDE_STYLE('',(#6846));
#6585=SURFACE_SIDE_STYLE('',(#6847));
#6586=SURFACE_SIDE_STYLE('',(#6848));
#6587=SURFACE_SIDE_STYLE('',(#6849));
#6588=SURFACE_SIDE_STYLE('',(#6850));
#6589=SURFACE_SIDE_STYLE('',(#6851));
#6590=SURFACE_SIDE_STYLE('',(#6852));
#6591=SURFACE_SIDE_STYLE('',(#6853));
#6592=SURFACE_SIDE_STYLE('',(#6854));
#6593=SURFACE_SIDE_STYLE('',(#6855));
#6594=SURFACE_SIDE_STYLE('',(#6856));
#6595=SURFACE_SIDE_STYLE('',(#6857));
#6596=SURFACE_SIDE_STYLE('',(#6858));
#6597=SURFACE_SIDE_STYLE('',(#6859));
#6598=SURFACE_SIDE_STYLE('',(#6860));
#6599=SURFACE_SIDE_STYLE('',(#6861));
#6600=SURFACE_SIDE_STYLE('',(#6862));
#6601=SURFACE_SIDE_STYLE('',(#6863));
#6602=SURFACE_SIDE_STYLE('',(#6864));
#6603=SURFACE_SIDE_STYLE('',(#6865));
#6604=SURFACE_SIDE_STYLE('',(#6866));
#6605=SURFACE_SIDE_STYLE('',(#6867));
#6606=SURFACE_SIDE_STYLE('',(#6868));
#6607=SURFACE_SIDE_STYLE('',(#6869));
#6608=SURFACE_SIDE_STYLE('',(#6870));
#6609=SURFACE_SIDE_STYLE('',(#6871));
#6610=SURFACE_SIDE_STYLE('',(#6872));
#6611=SURFACE_SIDE_STYLE('',(#6873));
#6612=SURFACE_SIDE_STYLE('',(#6874));
#6613=SURFACE_SIDE_STYLE('',(#6875));
#6614=SURFACE_SIDE_STYLE('',(#6876));
#6615=SURFACE_SIDE_STYLE('',(#6877));
#6616=SURFACE_SIDE_STYLE('',(#6878));
#6617=SURFACE_SIDE_STYLE('',(#6879));
#6618=SURFACE_SIDE_STYLE('',(#6880));
#6619=SURFACE_SIDE_STYLE('',(#6881));
#6620=SURFACE_SIDE_STYLE('',(#6882));
#6621=SURFACE_STYLE_FILL_AREA(#6883);
#6622=SURFACE_STYLE_FILL_AREA(#6884);
#6623=SURFACE_STYLE_FILL_AREA(#6885);
#6624=SURFACE_STYLE_FILL_AREA(#6886);
#6625=SURFACE_STYLE_FILL_AREA(#6887);
#6626=SURFACE_STYLE_FILL_AREA(#6888);
#6627=SURFACE_STYLE_FILL_AREA(#6889);
#6628=SURFACE_STYLE_FILL_AREA(#6890);
#6629=SURFACE_STYLE_FILL_AREA(#6891);
#6630=SURFACE_STYLE_FILL_AREA(#6892);
#6631=SURFACE_STYLE_FILL_AREA(#6893);
#6632=SURFACE_STYLE_FILL_AREA(#6894);
#6633=SURFACE_STYLE_FILL_AREA(#6895);
#6634=SURFACE_STYLE_FILL_AREA(#6896);
#6635=SURFACE_STYLE_FILL_AREA(#6897);
#6636=SURFACE_STYLE_FILL_AREA(#6898);
#6637=SURFACE_STYLE_FILL_AREA(#6899);
#6638=SURFACE_STYLE_FILL_AREA(#6900);
#6639=SURFACE_STYLE_FILL_AREA(#6901);
#6640=SURFACE_STYLE_FILL_AREA(#6902);
#6641=SURFACE_STYLE_FILL_AREA(#6903);
#6642=SURFACE_STYLE_FILL_AREA(#6904);
#6643=SURFACE_STYLE_FILL_AREA(#6905);
#6644=SURFACE_STYLE_FILL_AREA(#6906);
#6645=SURFACE_STYLE_FILL_AREA(#6907);
#6646=SURFACE_STYLE_FILL_AREA(#6908);
#6647=SURFACE_STYLE_FILL_AREA(#6909);
#6648=SURFACE_STYLE_FILL_AREA(#6910);
#6649=SURFACE_STYLE_FILL_AREA(#6911);
#6650=SURFACE_STYLE_FILL_AREA(#6912);
#6651=SURFACE_STYLE_FILL_AREA(#6913);
#6652=SURFACE_STYLE_FILL_AREA(#6914);
#6653=SURFACE_STYLE_FILL_AREA(#6915);
#6654=SURFACE_STYLE_FILL_AREA(#6916);
#6655=SURFACE_STYLE_FILL_AREA(#6917);
#6656=SURFACE_STYLE_FILL_AREA(#6918);
#6657=SURFACE_STYLE_FILL_AREA(#6919);
#6658=SURFACE_STYLE_FILL_AREA(#6920);
#6659=SURFACE_STYLE_FILL_AREA(#6921);
#6660=SURFACE_STYLE_FILL_AREA(#6922);
#6661=SURFACE_STYLE_FILL_AREA(#6923);
#6662=SURFACE_STYLE_FILL_AREA(#6924);
#6663=SURFACE_STYLE_FILL_AREA(#6925);
#6664=SURFACE_STYLE_FILL_AREA(#6926);
#6665=SURFACE_STYLE_FILL_AREA(#6927);
#6666=SURFACE_STYLE_FILL_AREA(#6928);
#6667=SURFACE_STYLE_FILL_AREA(#6929);
#6668=SURFACE_STYLE_FILL_AREA(#6930);
#6669=SURFACE_STYLE_FILL_AREA(#6931);
#6670=SURFACE_STYLE_FILL_AREA(#6932);
#6671=SURFACE_STYLE_FILL_AREA(#6933);
#6672=SURFACE_STYLE_FILL_AREA(#6934);
#6673=SURFACE_STYLE_FILL_AREA(#6935);
#6674=SURFACE_STYLE_FILL_AREA(#6936);
#6675=SURFACE_STYLE_FILL_AREA(#6937);
#6676=SURFACE_STYLE_FILL_AREA(#6938);
#6677=SURFACE_STYLE_FILL_AREA(#6939);
#6678=SURFACE_STYLE_FILL_AREA(#6940);
#6679=SURFACE_STYLE_FILL_AREA(#6941);
#6680=SURFACE_STYLE_FILL_AREA(#6942);
#6681=SURFACE_STYLE_FILL_AREA(#6943);
#6682=SURFACE_STYLE_FILL_AREA(#6944);
#6683=SURFACE_STYLE_FILL_AREA(#6945);
#6684=SURFACE_STYLE_FILL_AREA(#6946);
#6685=SURFACE_STYLE_FILL_AREA(#6947);
#6686=SURFACE_STYLE_FILL_AREA(#6948);
#6687=SURFACE_STYLE_FILL_AREA(#6949);
#6688=SURFACE_STYLE_FILL_AREA(#6950);
#6689=SURFACE_STYLE_FILL_AREA(#6951);
#6690=SURFACE_STYLE_FILL_AREA(#6952);
#6691=SURFACE_STYLE_FILL_AREA(#6953);
#6692=SURFACE_STYLE_FILL_AREA(#6954);
#6693=SURFACE_STYLE_FILL_AREA(#6955);
#6694=SURFACE_STYLE_FILL_AREA(#6956);
#6695=SURFACE_STYLE_FILL_AREA(#6957);
#6696=SURFACE_STYLE_FILL_AREA(#6958);
#6697=SURFACE_STYLE_FILL_AREA(#6959);
#6698=SURFACE_STYLE_FILL_AREA(#6960);
#6699=SURFACE_STYLE_FILL_AREA(#6961);
#6700=SURFACE_STYLE_FILL_AREA(#6962);
#6701=SURFACE_STYLE_FILL_AREA(#6963);
#6702=SURFACE_STYLE_FILL_AREA(#6964);
#6703=SURFACE_STYLE_FILL_AREA(#6965);
#6704=SURFACE_STYLE_FILL_AREA(#6966);
#6705=SURFACE_STYLE_FILL_AREA(#6967);
#6706=SURFACE_STYLE_FILL_AREA(#6968);
#6707=SURFACE_STYLE_FILL_AREA(#6969);
#6708=SURFACE_STYLE_FILL_AREA(#6970);
#6709=SURFACE_STYLE_FILL_AREA(#6971);
#6710=SURFACE_STYLE_FILL_AREA(#6972);
#6711=SURFACE_STYLE_FILL_AREA(#6973);
#6712=SURFACE_STYLE_FILL_AREA(#6974);
#6713=SURFACE_STYLE_FILL_AREA(#6975);
#6714=SURFACE_STYLE_FILL_AREA(#6976);
#6715=SURFACE_STYLE_FILL_AREA(#6977);
#6716=SURFACE_STYLE_FILL_AREA(#6978);
#6717=SURFACE_STYLE_FILL_AREA(#6979);
#6718=SURFACE_STYLE_FILL_AREA(#6980);
#6719=SURFACE_STYLE_FILL_AREA(#6981);
#6720=SURFACE_STYLE_FILL_AREA(#6982);
#6721=SURFACE_STYLE_FILL_AREA(#6983);
#6722=SURFACE_STYLE_FILL_AREA(#6984);
#6723=SURFACE_STYLE_FILL_AREA(#6985);
#6724=SURFACE_STYLE_FILL_AREA(#6986);
#6725=SURFACE_STYLE_FILL_AREA(#6987);
#6726=SURFACE_STYLE_FILL_AREA(#6988);
#6727=SURFACE_STYLE_FILL_AREA(#6989);
#6728=SURFACE_STYLE_FILL_AREA(#6990);
#6729=SURFACE_STYLE_FILL_AREA(#6991);
#6730=SURFACE_STYLE_FILL_AREA(#6992);
#6731=SURFACE_STYLE_FILL_AREA(#6993);
#6732=SURFACE_STYLE_FILL_AREA(#6994);
#6733=SURFACE_STYLE_FILL_AREA(#6995);
#6734=SURFACE_STYLE_FILL_AREA(#6996);
#6735=SURFACE_STYLE_FILL_AREA(#6997);
#6736=SURFACE_STYLE_FILL_AREA(#6998);
#6737=SURFACE_STYLE_FILL_AREA(#6999);
#6738=SURFACE_STYLE_FILL_AREA(#7000);
#6739=SURFACE_STYLE_FILL_AREA(#7001);
#6740=SURFACE_STYLE_FILL_AREA(#7002);
#6741=SURFACE_STYLE_FILL_AREA(#7003);
#6742=SURFACE_STYLE_FILL_AREA(#7004);
#6743=SURFACE_STYLE_FILL_AREA(#7005);
#6744=SURFACE_STYLE_FILL_AREA(#7006);
#6745=SURFACE_STYLE_FILL_AREA(#7007);
#6746=SURFACE_STYLE_FILL_AREA(#7008);
#6747=SURFACE_STYLE_FILL_AREA(#7009);
#6748=SURFACE_STYLE_FILL_AREA(#7010);
#6749=SURFACE_STYLE_FILL_AREA(#7011);
#6750=SURFACE_STYLE_FILL_AREA(#7012);
#6751=SURFACE_STYLE_FILL_AREA(#7013);
#6752=SURFACE_STYLE_FILL_AREA(#7014);
#6753=SURFACE_STYLE_FILL_AREA(#7015);
#6754=SURFACE_STYLE_FILL_AREA(#7016);
#6755=SURFACE_STYLE_FILL_AREA(#7017);
#6756=SURFACE_STYLE_FILL_AREA(#7018);
#6757=SURFACE_STYLE_FILL_AREA(#7019);
#6758=SURFACE_STYLE_FILL_AREA(#7020);
#6759=SURFACE_STYLE_FILL_AREA(#7021);
#6760=SURFACE_STYLE_FILL_AREA(#7022);
#6761=SURFACE_STYLE_FILL_AREA(#7023);
#6762=SURFACE_STYLE_FILL_AREA(#7024);
#6763=SURFACE_STYLE_FILL_AREA(#7025);
#6764=SURFACE_STYLE_FILL_AREA(#7026);
#6765=SURFACE_STYLE_FILL_AREA(#7027);
#6766=SURFACE_STYLE_FILL_AREA(#7028);
#6767=SURFACE_STYLE_FILL_AREA(#7029);
#6768=SURFACE_STYLE_FILL_AREA(#7030);
#6769=SURFACE_STYLE_FILL_AREA(#7031);
#6770=SURFACE_STYLE_FILL_AREA(#7032);
#6771=SURFACE_STYLE_FILL_AREA(#7033);
#6772=SURFACE_STYLE_FILL_AREA(#7034);
#6773=SURFACE_STYLE_FILL_AREA(#7035);
#6774=SURFACE_STYLE_FILL_AREA(#7036);
#6775=SURFACE_STYLE_FILL_AREA(#7037);
#6776=SURFACE_STYLE_FILL_AREA(#7038);
#6777=SURFACE_STYLE_FILL_AREA(#7039);
#6778=SURFACE_STYLE_FILL_AREA(#7040);
#6779=SURFACE_STYLE_FILL_AREA(#7041);
#6780=SURFACE_STYLE_FILL_AREA(#7042);
#6781=SURFACE_STYLE_FILL_AREA(#7043);
#6782=SURFACE_STYLE_FILL_AREA(#7044);
#6783=SURFACE_STYLE_FILL_AREA(#7045);
#6784=SURFACE_STYLE_FILL_AREA(#7046);
#6785=SURFACE_STYLE_FILL_AREA(#7047);
#6786=SURFACE_STYLE_FILL_AREA(#7048);
#6787=SURFACE_STYLE_FILL_AREA(#7049);
#6788=SURFACE_STYLE_FILL_AREA(#7050);
#6789=SURFACE_STYLE_FILL_AREA(#7051);
#6790=SURFACE_STYLE_FILL_AREA(#7052);
#6791=SURFACE_STYLE_FILL_AREA(#7053);
#6792=SURFACE_STYLE_FILL_AREA(#7054);
#6793=SURFACE_STYLE_FILL_AREA(#7055);
#6794=SURFACE_STYLE_FILL_AREA(#7056);
#6795=SURFACE_STYLE_FILL_AREA(#7057);
#6796=SURFACE_STYLE_FILL_AREA(#7058);
#6797=SURFACE_STYLE_FILL_AREA(#7059);
#6798=SURFACE_STYLE_FILL_AREA(#7060);
#6799=SURFACE_STYLE_FILL_AREA(#7061);
#6800=SURFACE_STYLE_FILL_AREA(#7062);
#6801=SURFACE_STYLE_FILL_AREA(#7063);
#6802=SURFACE_STYLE_FILL_AREA(#7064);
#6803=SURFACE_STYLE_FILL_AREA(#7065);
#6804=SURFACE_STYLE_FILL_AREA(#7066);
#6805=SURFACE_STYLE_FILL_AREA(#7067);
#6806=SURFACE_STYLE_FILL_AREA(#7068);
#6807=SURFACE_STYLE_FILL_AREA(#7069);
#6808=SURFACE_STYLE_FILL_AREA(#7070);
#6809=SURFACE_STYLE_FILL_AREA(#7071);
#6810=SURFACE_STYLE_FILL_AREA(#7072);
#6811=SURFACE_STYLE_FILL_AREA(#7073);
#6812=SURFACE_STYLE_FILL_AREA(#7074);
#6813=SURFACE_STYLE_FILL_AREA(#7075);
#6814=SURFACE_STYLE_FILL_AREA(#7076);
#6815=SURFACE_STYLE_FILL_AREA(#7077);
#6816=SURFACE_STYLE_FILL_AREA(#7078);
#6817=SURFACE_STYLE_FILL_AREA(#7079);
#6818=SURFACE_STYLE_FILL_AREA(#7080);
#6819=SURFACE_STYLE_FILL_AREA(#7081);
#6820=SURFACE_STYLE_FILL_AREA(#7082);
#6821=SURFACE_STYLE_FILL_AREA(#7083);
#6822=SURFACE_STYLE_FILL_AREA(#7084);
#6823=SURFACE_STYLE_FILL_AREA(#7085);
#6824=SURFACE_STYLE_FILL_AREA(#7086);
#6825=SURFACE_STYLE_FILL_AREA(#7087);
#6826=SURFACE_STYLE_FILL_AREA(#7088);
#6827=SURFACE_STYLE_FILL_AREA(#7089);
#6828=SURFACE_STYLE_FILL_AREA(#7090);
#6829=SURFACE_STYLE_FILL_AREA(#7091);
#6830=SURFACE_STYLE_FILL_AREA(#7092);
#6831=SURFACE_STYLE_FILL_AREA(#7093);
#6832=SURFACE_STYLE_FILL_AREA(#7094);
#6833=SURFACE_STYLE_FILL_AREA(#7095);
#6834=SURFACE_STYLE_FILL_AREA(#7096);
#6835=SURFACE_STYLE_FILL_AREA(#7097);
#6836=SURFACE_STYLE_FILL_AREA(#7098);
#6837=SURFACE_STYLE_FILL_AREA(#7099);
#6838=SURFACE_STYLE_FILL_AREA(#7100);
#6839=SURFACE_STYLE_FILL_AREA(#7101);
#6840=SURFACE_STYLE_FILL_AREA(#7102);
#6841=SURFACE_STYLE_FILL_AREA(#7103);
#6842=SURFACE_STYLE_FILL_AREA(#7104);
#6843=SURFACE_STYLE_FILL_AREA(#7105);
#6844=SURFACE_STYLE_FILL_AREA(#7106);
#6845=SURFACE_STYLE_FILL_AREA(#7107);
#6846=SURFACE_STYLE_FILL_AREA(#7108);
#6847=SURFACE_STYLE_FILL_AREA(#7109);
#6848=SURFACE_STYLE_FILL_AREA(#7110);
#6849=SURFACE_STYLE_FILL_AREA(#7111);
#6850=SURFACE_STYLE_FILL_AREA(#7112);
#6851=SURFACE_STYLE_FILL_AREA(#7113);
#6852=SURFACE_STYLE_FILL_AREA(#7114);
#6853=SURFACE_STYLE_FILL_AREA(#7115);
#6854=SURFACE_STYLE_FILL_AREA(#7116);
#6855=SURFACE_STYLE_FILL_AREA(#7117);
#6856=SURFACE_STYLE_FILL_AREA(#7118);
#6857=SURFACE_STYLE_FILL_AREA(#7119);
#6858=SURFACE_STYLE_FILL_AREA(#7120);
#6859=SURFACE_STYLE_FILL_AREA(#7121);
#6860=SURFACE_STYLE_FILL_AREA(#7122);
#6861=SURFACE_STYLE_FILL_AREA(#7123);
#6862=SURFACE_STYLE_FILL_AREA(#7124);
#6863=SURFACE_STYLE_FILL_AREA(#7125);
#6864=SURFACE_STYLE_FILL_AREA(#7126);
#6865=SURFACE_STYLE_FILL_AREA(#7127);
#6866=SURFACE_STYLE_FILL_AREA(#7128);
#6867=SURFACE_STYLE_FILL_AREA(#7129);
#6868=SURFACE_STYLE_FILL_AREA(#7130);
#6869=SURFACE_STYLE_FILL_AREA(#7131);
#6870=SURFACE_STYLE_FILL_AREA(#7132);
#6871=SURFACE_STYLE_FILL_AREA(#7133);
#6872=SURFACE_STYLE_FILL_AREA(#7134);
#6873=SURFACE_STYLE_FILL_AREA(#7135);
#6874=SURFACE_STYLE_FILL_AREA(#7136);
#6875=SURFACE_STYLE_FILL_AREA(#7137);
#6876=SURFACE_STYLE_FILL_AREA(#7138);
#6877=SURFACE_STYLE_FILL_AREA(#7139);
#6878=SURFACE_STYLE_FILL_AREA(#7140);
#6879=SURFACE_STYLE_FILL_AREA(#7141);
#6880=SURFACE_STYLE_FILL_AREA(#7142);
#6881=SURFACE_STYLE_FILL_AREA(#7143);
#6882=SURFACE_STYLE_FILL_AREA(#7144);
#6883=FILL_AREA_STYLE('',(#7145));
#6884=FILL_AREA_STYLE('',(#7146));
#6885=FILL_AREA_STYLE('',(#7147));
#6886=FILL_AREA_STYLE('',(#7148));
#6887=FILL_AREA_STYLE('',(#7149));
#6888=FILL_AREA_STYLE('',(#7150));
#6889=FILL_AREA_STYLE('',(#7151));
#6890=FILL_AREA_STYLE('',(#7152));
#6891=FILL_AREA_STYLE('',(#7153));
#6892=FILL_AREA_STYLE('',(#7154));
#6893=FILL_AREA_STYLE('',(#7155));
#6894=FILL_AREA_STYLE('',(#7156));
#6895=FILL_AREA_STYLE('',(#7157));
#6896=FILL_AREA_STYLE('',(#7158));
#6897=FILL_AREA_STYLE('',(#7159));
#6898=FILL_AREA_STYLE('',(#7160));
#6899=FILL_AREA_STYLE('',(#7161));
#6900=FILL_AREA_STYLE('',(#7162));
#6901=FILL_AREA_STYLE('',(#7163));
#6902=FILL_AREA_STYLE('',(#7164));
#6903=FILL_AREA_STYLE('',(#7165));
#6904=FILL_AREA_STYLE('',(#7166));
#6905=FILL_AREA_STYLE('',(#7167));
#6906=FILL_AREA_STYLE('',(#7168));
#6907=FILL_AREA_STYLE('',(#7169));
#6908=FILL_AREA_STYLE('',(#7170));
#6909=FILL_AREA_STYLE('',(#7171));
#6910=FILL_AREA_STYLE('',(#7172));
#6911=FILL_AREA_STYLE('',(#7173));
#6912=FILL_AREA_STYLE('',(#7174));
#6913=FILL_AREA_STYLE('',(#7175));
#6914=FILL_AREA_STYLE('',(#7176));
#6915=FILL_AREA_STYLE('',(#7177));
#6916=FILL_AREA_STYLE('',(#7178));
#6917=FILL_AREA_STYLE('',(#7179));
#6918=FILL_AREA_STYLE('',(#7180));
#6919=FILL_AREA_STYLE('',(#7181));
#6920=FILL_AREA_STYLE('',(#7182));
#6921=FILL_AREA_STYLE('',(#7183));
#6922=FILL_AREA_STYLE('',(#7184));
#6923=FILL_AREA_STYLE('',(#7185));
#6924=FILL_AREA_STYLE('',(#7186));
#6925=FILL_AREA_STYLE('',(#7187));
#6926=FILL_AREA_STYLE('',(#7188));
#6927=FILL_AREA_STYLE('',(#7189));
#6928=FILL_AREA_STYLE('',(#7190));
#6929=FILL_AREA_STYLE('',(#7191));
#6930=FILL_AREA_STYLE('',(#7192));
#6931=FILL_AREA_STYLE('',(#7193));
#6932=FILL_AREA_STYLE('',(#7194));
#6933=FILL_AREA_STYLE('',(#7195));
#6934=FILL_AREA_STYLE('',(#7196));
#6935=FILL_AREA_STYLE('',(#7197));
#6936=FILL_AREA_STYLE('',(#7198));
#6937=FILL_AREA_STYLE('',(#7199));
#6938=FILL_AREA_STYLE('',(#7200));
#6939=FILL_AREA_STYLE('',(#7201));
#6940=FILL_AREA_STYLE('',(#7202));
#6941=FILL_AREA_STYLE('',(#7203));
#6942=FILL_AREA_STYLE('',(#7204));
#6943=FILL_AREA_STYLE('',(#7205));
#6944=FILL_AREA_STYLE('',(#7206));
#6945=FILL_AREA_STYLE('',(#7207));
#6946=FILL_AREA_STYLE('',(#7208));
#6947=FILL_AREA_STYLE('',(#7209));
#6948=FILL_AREA_STYLE('',(#7210));
#6949=FILL_AREA_STYLE('',(#7211));
#6950=FILL_AREA_STYLE('',(#7212));
#6951=FILL_AREA_STYLE('',(#7213));
#6952=FILL_AREA_STYLE('',(#7214));
#6953=FILL_AREA_STYLE('',(#7215));
#6954=FILL_AREA_STYLE('',(#7216));
#6955=FILL_AREA_STYLE('',(#7217));
#6956=FILL_AREA_STYLE('',(#7218));
#6957=FILL_AREA_STYLE('',(#7219));
#6958=FILL_AREA_STYLE('',(#7220));
#6959=FILL_AREA_STYLE('',(#7221));
#6960=FILL_AREA_STYLE('',(#7222));
#6961=FILL_AREA_STYLE('',(#7223));
#6962=FILL_AREA_STYLE('',(#7224));
#6963=FILL_AREA_STYLE('',(#7225));
#6964=FILL_AREA_STYLE('',(#7226));
#6965=FILL_AREA_STYLE('',(#7227));
#6966=FILL_AREA_STYLE('',(#7228));
#6967=FILL_AREA_STYLE('',(#7229));
#6968=FILL_AREA_STYLE('',(#7230));
#6969=FILL_AREA_STYLE('',(#7231));
#6970=FILL_AREA_STYLE('',(#7232));
#6971=FILL_AREA_STYLE('',(#7233));
#6972=FILL_AREA_STYLE('',(#7234));
#6973=FILL_AREA_STYLE('',(#7235));
#6974=FILL_AREA_STYLE('',(#7236));
#6975=FILL_AREA_STYLE('',(#7237));
#6976=FILL_AREA_STYLE('',(#7238));
#6977=FILL_AREA_STYLE('',(#7239));
#6978=FILL_AREA_STYLE('',(#7240));
#6979=FILL_AREA_STYLE('',(#7241));
#6980=FILL_AREA_STYLE('',(#7242));
#6981=FILL_AREA_STYLE('',(#7243));
#6982=FILL_AREA_STYLE('',(#7244));
#6983=FILL_AREA_STYLE('',(#7245));
#6984=FILL_AREA_STYLE('',(#7246));
#6985=FILL_AREA_STYLE('',(#7247));
#6986=FILL_AREA_STYLE('',(#7248));
#6987=FILL_AREA_STYLE('',(#7249));
#6988=FILL_AREA_STYLE('',(#7250));
#6989=FILL_AREA_STYLE('',(#7251));
#6990=FILL_AREA_STYLE('',(#7252));
#6991=FILL_AREA_STYLE('',(#7253));
#6992=FILL_AREA_STYLE('',(#7254));
#6993=FILL_AREA_STYLE('',(#7255));
#6994=FILL_AREA_STYLE('',(#7256));
#6995=FILL_AREA_STYLE('',(#7257));
#6996=FILL_AREA_STYLE('',(#7258));
#6997=FILL_AREA_STYLE('',(#7259));
#6998=FILL_AREA_STYLE('',(#7260));
#6999=FILL_AREA_STYLE('',(#7261));
#7000=FILL_AREA_STYLE('',(#7262));
#7001=FILL_AREA_STYLE('',(#7263));
#7002=FILL_AREA_STYLE('',(#7264));
#7003=FILL_AREA_STYLE('',(#7265));
#7004=FILL_AREA_STYLE('',(#7266));
#7005=FILL_AREA_STYLE('',(#7267));
#7006=FILL_AREA_STYLE('',(#7268));
#7007=FILL_AREA_STYLE('',(#7269));
#7008=FILL_AREA_STYLE('',(#7270));
#7009=FILL_AREA_STYLE('',(#7271));
#7010=FILL_AREA_STYLE('',(#7272));
#7011=FILL_AREA_STYLE('',(#7273));
#7012=FILL_AREA_STYLE('',(#7274));
#7013=FILL_AREA_STYLE('',(#7275));
#7014=FILL_AREA_STYLE('',(#7276));
#7015=FILL_AREA_STYLE('',(#7277));
#7016=FILL_AREA_STYLE('',(#7278));
#7017=FILL_AREA_STYLE('',(#7279));
#7018=FILL_AREA_STYLE('',(#7280));
#7019=FILL_AREA_STYLE('',(#7281));
#7020=FILL_AREA_STYLE('',(#7282));
#7021=FILL_AREA_STYLE('',(#7283));
#7022=FILL_AREA_STYLE('',(#7284));
#7023=FILL_AREA_STYLE('',(#7285));
#7024=FILL_AREA_STYLE('',(#7286));
#7025=FILL_AREA_STYLE('',(#7287));
#7026=FILL_AREA_STYLE('',(#7288));
#7027=FILL_AREA_STYLE('',(#7289));
#7028=FILL_AREA_STYLE('',(#7290));
#7029=FILL_AREA_STYLE('',(#7291));
#7030=FILL_AREA_STYLE('',(#7292));
#7031=FILL_AREA_STYLE('',(#7293));
#7032=FILL_AREA_STYLE('',(#7294));
#7033=FILL_AREA_STYLE('',(#7295));
#7034=FILL_AREA_STYLE('',(#7296));
#7035=FILL_AREA_STYLE('',(#7297));
#7036=FILL_AREA_STYLE('',(#7298));
#7037=FILL_AREA_STYLE('',(#7299));
#7038=FILL_AREA_STYLE('',(#7300));
#7039=FILL_AREA_STYLE('',(#7301));
#7040=FILL_AREA_STYLE('',(#7302));
#7041=FILL_AREA_STYLE('',(#7303));
#7042=FILL_AREA_STYLE('',(#7304));
#7043=FILL_AREA_STYLE('',(#7305));
#7044=FILL_AREA_STYLE('',(#7306));
#7045=FILL_AREA_STYLE('',(#7307));
#7046=FILL_AREA_STYLE('',(#7308));
#7047=FILL_AREA_STYLE('',(#7309));
#7048=FILL_AREA_STYLE('',(#7310));
#7049=FILL_AREA_STYLE('',(#7311));
#7050=FILL_AREA_STYLE('',(#7312));
#7051=FILL_AREA_STYLE('',(#7313));
#7052=FILL_AREA_STYLE('',(#7314));
#7053=FILL_AREA_STYLE('',(#7315));
#7054=FILL_AREA_STYLE('',(#7316));
#7055=FILL_AREA_STYLE('',(#7317));
#7056=FILL_AREA_STYLE('',(#7318));
#7057=FILL_AREA_STYLE('',(#7319));
#7058=FILL_AREA_STYLE('',(#7320));
#7059=FILL_AREA_STYLE('',(#7321));
#7060=FILL_AREA_STYLE('',(#7322));
#7061=FILL_AREA_STYLE('',(#7323));
#7062=FILL_AREA_STYLE('',(#7324));
#7063=FILL_AREA_STYLE('',(#7325));
#7064=FILL_AREA_STYLE('',(#7326));
#7065=FILL_AREA_STYLE('',(#7327));
#7066=FILL_AREA_STYLE('',(#7328));
#7067=FILL_AREA_STYLE('',(#7329));
#7068=FILL_AREA_STYLE('',(#7330));
#7069=FILL_AREA_STYLE('',(#7331));
#7070=FILL_AREA_STYLE('',(#7332));
#7071=FILL_AREA_STYLE('',(#7333));
#7072=FILL_AREA_STYLE('',(#7334));
#7073=FILL_AREA_STYLE('',(#7335));
#7074=FILL_AREA_STYLE('',(#7336));
#7075=FILL_AREA_STYLE('',(#7337));
#7076=FILL_AREA_STYLE('',(#7338));
#7077=FILL_AREA_STYLE('',(#7339));
#7078=FILL_AREA_STYLE('',(#7340));
#7079=FILL_AREA_STYLE('',(#7341));
#7080=FILL_AREA_STYLE('',(#7342));
#7081=FILL_AREA_STYLE('',(#7343));
#7082=FILL_AREA_STYLE('',(#7344));
#7083=FILL_AREA_STYLE('',(#7345));
#7084=FILL_AREA_STYLE('',(#7346));
#7085=FILL_AREA_STYLE('',(#7347));
#7086=FILL_AREA_STYLE('',(#7348));
#7087=FILL_AREA_STYLE('',(#7349));
#7088=FILL_AREA_STYLE('',(#7350));
#7089=FILL_AREA_STYLE('',(#7351));
#7090=FILL_AREA_STYLE('',(#7352));
#7091=FILL_AREA_STYLE('',(#7353));
#7092=FILL_AREA_STYLE('',(#7354));
#7093=FILL_AREA_STYLE('',(#7355));
#7094=FILL_AREA_STYLE('',(#7356));
#7095=FILL_AREA_STYLE('',(#7357));
#7096=FILL_AREA_STYLE('',(#7358));
#7097=FILL_AREA_STYLE('',(#7359));
#7098=FILL_AREA_STYLE('',(#7360));
#7099=FILL_AREA_STYLE('',(#7361));
#7100=FILL_AREA_STYLE('',(#7362));
#7101=FILL_AREA_STYLE('',(#7363));
#7102=FILL_AREA_STYLE('',(#7364));
#7103=FILL_AREA_STYLE('',(#7365));
#7104=FILL_AREA_STYLE('',(#7366));
#7105=FILL_AREA_STYLE('',(#7367));
#7106=FILL_AREA_STYLE('',(#7368));
#7107=FILL_AREA_STYLE('',(#7369));
#7108=FILL_AREA_STYLE('',(#7370));
#7109=FILL_AREA_STYLE('',(#7371));
#7110=FILL_AREA_STYLE('',(#7372));
#7111=FILL_AREA_STYLE('',(#7373));
#7112=FILL_AREA_STYLE('',(#7374));
#7113=FILL_AREA_STYLE('',(#7375));
#7114=FILL_AREA_STYLE('',(#7376));
#7115=FILL_AREA_STYLE('',(#7377));
#7116=FILL_AREA_STYLE('',(#7378));
#7117=FILL_AREA_STYLE('',(#7379));
#7118=FILL_AREA_STYLE('',(#7380));
#7119=FILL_AREA_STYLE('',(#7381));
#7120=FILL_AREA_STYLE('',(#7382));
#7121=FILL_AREA_STYLE('',(#7383));
#7122=FILL_AREA_STYLE('',(#7384));
#7123=FILL_AREA_STYLE('',(#7385));
#7124=FILL_AREA_STYLE('',(#7386));
#7125=FILL_AREA_STYLE('',(#7387));
#7126=FILL_AREA_STYLE('',(#7388));
#7127=FILL_AREA_STYLE('',(#7389));
#7128=FILL_AREA_STYLE('',(#7390));
#7129=FILL_AREA_STYLE('',(#7391));
#7130=FILL_AREA_STYLE('',(#7392));
#7131=FILL_AREA_STYLE('',(#7393));
#7132=FILL_AREA_STYLE('',(#7394));
#7133=FILL_AREA_STYLE('',(#7395));
#7134=FILL_AREA_STYLE('',(#7396));
#7135=FILL_AREA_STYLE('',(#7397));
#7136=FILL_AREA_STYLE('',(#7398));
#7137=FILL_AREA_STYLE('',(#7399));
#7138=FILL_AREA_STYLE('',(#7400));
#7139=FILL_AREA_STYLE('',(#7401));
#7140=FILL_AREA_STYLE('',(#7402));
#7141=FILL_AREA_STYLE('',(#7403));
#7142=FILL_AREA_STYLE('',(#7404));
#7143=FILL_AREA_STYLE('',(#7405));
#7144=FILL_AREA_STYLE('',(#7406));
#7145=FILL_AREA_STYLE_COLOUR('',#7407);
#7146=FILL_AREA_STYLE_COLOUR('',#7407);
#7147=FILL_AREA_STYLE_COLOUR('',#7407);
#7148=FILL_AREA_STYLE_COLOUR('',#7407);
#7149=FILL_AREA_STYLE_COLOUR('',#7407);
#7150=FILL_AREA_STYLE_COLOUR('',#7407);
#7151=FILL_AREA_STYLE_COLOUR('',#7407);
#7152=FILL_AREA_STYLE_COLOUR('',#7407);
#7153=FILL_AREA_STYLE_COLOUR('',#7407);
#7154=FILL_AREA_STYLE_COLOUR('',#7407);
#7155=FILL_AREA_STYLE_COLOUR('',#7407);
#7156=FILL_AREA_STYLE_COLOUR('',#7407);
#7157=FILL_AREA_STYLE_COLOUR('',#7407);
#7158=FILL_AREA_STYLE_COLOUR('',#7408);
#7159=FILL_AREA_STYLE_COLOUR('',#7408);
#7160=FILL_AREA_STYLE_COLOUR('',#7408);
#7161=FILL_AREA_STYLE_COLOUR('',#7408);
#7162=FILL_AREA_STYLE_COLOUR('',#7407);
#7163=FILL_AREA_STYLE_COLOUR('',#7407);
#7164=FILL_AREA_STYLE_COLOUR('',#7408);
#7165=FILL_AREA_STYLE_COLOUR('',#7407);
#7166=FILL_AREA_STYLE_COLOUR('',#7407);
#7167=FILL_AREA_STYLE_COLOUR('',#7407);
#7168=FILL_AREA_STYLE_COLOUR('',#7407);
#7169=FILL_AREA_STYLE_COLOUR('',#7407);
#7170=FILL_AREA_STYLE_COLOUR('',#7407);
#7171=FILL_AREA_STYLE_COLOUR('',#7407);
#7172=FILL_AREA_STYLE_COLOUR('',#7407);
#7173=FILL_AREA_STYLE_COLOUR('',#7407);
#7174=FILL_AREA_STYLE_COLOUR('',#7408);
#7175=FILL_AREA_STYLE_COLOUR('',#7407);
#7176=FILL_AREA_STYLE_COLOUR('',#7407);
#7177=FILL_AREA_STYLE_COLOUR('',#7407);
#7178=FILL_AREA_STYLE_COLOUR('',#7407);
#7179=FILL_AREA_STYLE_COLOUR('',#7408);
#7180=FILL_AREA_STYLE_COLOUR('',#7407);
#7181=FILL_AREA_STYLE_COLOUR('',#7407);
#7182=FILL_AREA_STYLE_COLOUR('',#7407);
#7183=FILL_AREA_STYLE_COLOUR('',#7407);
#7184=FILL_AREA_STYLE_COLOUR('',#7407);
#7185=FILL_AREA_STYLE_COLOUR('',#7407);
#7186=FILL_AREA_STYLE_COLOUR('',#7407);
#7187=FILL_AREA_STYLE_COLOUR('',#7407);
#7188=FILL_AREA_STYLE_COLOUR('',#7407);
#7189=FILL_AREA_STYLE_COLOUR('',#7407);
#7190=FILL_AREA_STYLE_COLOUR('',#7407);
#7191=FILL_AREA_STYLE_COLOUR('',#7407);
#7192=FILL_AREA_STYLE_COLOUR('',#7407);
#7193=FILL_AREA_STYLE_COLOUR('',#7407);
#7194=FILL_AREA_STYLE_COLOUR('',#7407);
#7195=FILL_AREA_STYLE_COLOUR('',#7407);
#7196=FILL_AREA_STYLE_COLOUR('',#7407);
#7197=FILL_AREA_STYLE_COLOUR('',#7407);
#7198=FILL_AREA_STYLE_COLOUR('',#7407);
#7199=FILL_AREA_STYLE_COLOUR('',#7407);
#7200=FILL_AREA_STYLE_COLOUR('',#7407);
#7201=FILL_AREA_STYLE_COLOUR('',#7407);
#7202=FILL_AREA_STYLE_COLOUR('',#7407);
#7203=FILL_AREA_STYLE_COLOUR('',#7407);
#7204=FILL_AREA_STYLE_COLOUR('',#7407);
#7205=FILL_AREA_STYLE_COLOUR('',#7407);
#7206=FILL_AREA_STYLE_COLOUR('',#7407);
#7207=FILL_AREA_STYLE_COLOUR('',#7407);
#7208=FILL_AREA_STYLE_COLOUR('',#7407);
#7209=FILL_AREA_STYLE_COLOUR('',#7407);
#7210=FILL_AREA_STYLE_COLOUR('',#7407);
#7211=FILL_AREA_STYLE_COLOUR('',#7407);
#7212=FILL_AREA_STYLE_COLOUR('',#7407);
#7213=FILL_AREA_STYLE_COLOUR('',#7407);
#7214=FILL_AREA_STYLE_COLOUR('',#7407);
#7215=FILL_AREA_STYLE_COLOUR('',#7407);
#7216=FILL_AREA_STYLE_COLOUR('',#7407);
#7217=FILL_AREA_STYLE_COLOUR('',#7407);
#7218=FILL_AREA_STYLE_COLOUR('',#7407);
#7219=FILL_AREA_STYLE_COLOUR('',#7407);
#7220=FILL_AREA_STYLE_COLOUR('',#7407);
#7221=FILL_AREA_STYLE_COLOUR('',#7407);
#7222=FILL_AREA_STYLE_COLOUR('',#7407);
#7223=FILL_AREA_STYLE_COLOUR('',#7407);
#7224=FILL_AREA_STYLE_COLOUR('',#7407);
#7225=FILL_AREA_STYLE_COLOUR('',#7407);
#7226=FILL_AREA_STYLE_COLOUR('',#7407);
#7227=FILL_AREA_STYLE_COLOUR('',#7407);
#7228=FILL_AREA_STYLE_COLOUR('',#7407);
#7229=FILL_AREA_STYLE_COLOUR('',#7407);
#7230=FILL_AREA_STYLE_COLOUR('',#7407);
#7231=FILL_AREA_STYLE_COLOUR('',#7407);
#7232=FILL_AREA_STYLE_COLOUR('',#7407);
#7233=FILL_AREA_STYLE_COLOUR('',#7407);
#7234=FILL_AREA_STYLE_COLOUR('',#7407);
#7235=FILL_AREA_STYLE_COLOUR('',#7407);
#7236=FILL_AREA_STYLE_COLOUR('',#7407);
#7237=FILL_AREA_STYLE_COLOUR('',#7407);
#7238=FILL_AREA_STYLE_COLOUR('',#7407);
#7239=FILL_AREA_STYLE_COLOUR('',#7407);
#7240=FILL_AREA_STYLE_COLOUR('',#7407);
#7241=FILL_AREA_STYLE_COLOUR('',#7407);
#7242=FILL_AREA_STYLE_COLOUR('',#7407);
#7243=FILL_AREA_STYLE_COLOUR('',#7407);
#7244=FILL_AREA_STYLE_COLOUR('',#7407);
#7245=FILL_AREA_STYLE_COLOUR('',#7407);
#7246=FILL_AREA_STYLE_COLOUR('',#7407);
#7247=FILL_AREA_STYLE_COLOUR('',#7407);
#7248=FILL_AREA_STYLE_COLOUR('',#7407);
#7249=FILL_AREA_STYLE_COLOUR('',#7407);
#7250=FILL_AREA_STYLE_COLOUR('',#7407);
#7251=FILL_AREA_STYLE_COLOUR('',#7407);
#7252=FILL_AREA_STYLE_COLOUR('',#7407);
#7253=FILL_AREA_STYLE_COLOUR('',#7407);
#7254=FILL_AREA_STYLE_COLOUR('',#7407);
#7255=FILL_AREA_STYLE_COLOUR('',#7407);
#7256=FILL_AREA_STYLE_COLOUR('',#7407);
#7257=FILL_AREA_STYLE_COLOUR('',#7407);
#7258=FILL_AREA_STYLE_COLOUR('',#7407);
#7259=FILL_AREA_STYLE_COLOUR('',#7407);
#7260=FILL_AREA_STYLE_COLOUR('',#7407);
#7261=FILL_AREA_STYLE_COLOUR('',#7407);
#7262=FILL_AREA_STYLE_COLOUR('',#7407);
#7263=FILL_AREA_STYLE_COLOUR('',#7407);
#7264=FILL_AREA_STYLE_COLOUR('',#7407);
#7265=FILL_AREA_STYLE_COLOUR('',#7407);
#7266=FILL_AREA_STYLE_COLOUR('',#7407);
#7267=FILL_AREA_STYLE_COLOUR('',#7407);
#7268=FILL_AREA_STYLE_COLOUR('',#7407);
#7269=FILL_AREA_STYLE_COLOUR('',#7407);
#7270=FILL_AREA_STYLE_COLOUR('',#7407);
#7271=FILL_AREA_STYLE_COLOUR('',#7407);
#7272=FILL_AREA_STYLE_COLOUR('',#7407);
#7273=FILL_AREA_STYLE_COLOUR('',#7407);
#7274=FILL_AREA_STYLE_COLOUR('',#7407);
#7275=FILL_AREA_STYLE_COLOUR('',#7407);
#7276=FILL_AREA_STYLE_COLOUR('',#7407);
#7277=FILL_AREA_STYLE_COLOUR('',#7408);
#7278=FILL_AREA_STYLE_COLOUR('',#7408);
#7279=FILL_AREA_STYLE_COLOUR('',#7408);
#7280=FILL_AREA_STYLE_COLOUR('',#7408);
#7281=FILL_AREA_STYLE_COLOUR('',#7408);
#7282=FILL_AREA_STYLE_COLOUR('',#7408);
#7283=FILL_AREA_STYLE_COLOUR('',#7408);
#7284=FILL_AREA_STYLE_COLOUR('',#7408);
#7285=FILL_AREA_STYLE_COLOUR('',#7408);
#7286=FILL_AREA_STYLE_COLOUR('',#7408);
#7287=FILL_AREA_STYLE_COLOUR('',#7408);
#7288=FILL_AREA_STYLE_COLOUR('',#7408);
#7289=FILL_AREA_STYLE_COLOUR('',#7408);
#7290=FILL_AREA_STYLE_COLOUR('',#7408);
#7291=FILL_AREA_STYLE_COLOUR('',#7408);
#7292=FILL_AREA_STYLE_COLOUR('',#7408);
#7293=FILL_AREA_STYLE_COLOUR('',#7408);
#7294=FILL_AREA_STYLE_COLOUR('',#7408);
#7295=FILL_AREA_STYLE_COLOUR('',#7408);
#7296=FILL_AREA_STYLE_COLOUR('',#7408);
#7297=FILL_AREA_STYLE_COLOUR('',#7408);
#7298=FILL_AREA_STYLE_COLOUR('',#7408);
#7299=FILL_AREA_STYLE_COLOUR('',#7408);
#7300=FILL_AREA_STYLE_COLOUR('',#7408);
#7301=FILL_AREA_STYLE_COLOUR('',#7408);
#7302=FILL_AREA_STYLE_COLOUR('',#7408);
#7303=FILL_AREA_STYLE_COLOUR('',#7407);
#7304=FILL_AREA_STYLE_COLOUR('',#7408);
#7305=FILL_AREA_STYLE_COLOUR('',#7408);
#7306=FILL_AREA_STYLE_COLOUR('',#7408);
#7307=FILL_AREA_STYLE_COLOUR('',#7408);
#7308=FILL_AREA_STYLE_COLOUR('',#7408);
#7309=FILL_AREA_STYLE_COLOUR('',#7408);
#7310=FILL_AREA_STYLE_COLOUR('',#7408);
#7311=FILL_AREA_STYLE_COLOUR('',#7407);
#7312=FILL_AREA_STYLE_COLOUR('',#7408);
#7313=FILL_AREA_STYLE_COLOUR('',#7408);
#7314=FILL_AREA_STYLE_COLOUR('',#7408);
#7315=FILL_AREA_STYLE_COLOUR('',#7408);
#7316=FILL_AREA_STYLE_COLOUR('',#7408);
#7317=FILL_AREA_STYLE_COLOUR('',#7408);
#7318=FILL_AREA_STYLE_COLOUR('',#7408);
#7319=FILL_AREA_STYLE_COLOUR('',#7408);
#7320=FILL_AREA_STYLE_COLOUR('',#7408);
#7321=FILL_AREA_STYLE_COLOUR('',#7409);
#7322=FILL_AREA_STYLE_COLOUR('',#7408);
#7323=FILL_AREA_STYLE_COLOUR('',#7408);
#7324=FILL_AREA_STYLE_COLOUR('',#7408);
#7325=FILL_AREA_STYLE_COLOUR('',#7408);
#7326=FILL_AREA_STYLE_COLOUR('',#7408);
#7327=FILL_AREA_STYLE_COLOUR('',#7408);
#7328=FILL_AREA_STYLE_COLOUR('',#7408);
#7329=FILL_AREA_STYLE_COLOUR('',#7408);
#7330=FILL_AREA_STYLE_COLOUR('',#7408);
#7331=FILL_AREA_STYLE_COLOUR('',#7408);
#7332=FILL_AREA_STYLE_COLOUR('',#7408);
#7333=FILL_AREA_STYLE_COLOUR('',#7408);
#7334=FILL_AREA_STYLE_COLOUR('',#7408);
#7335=FILL_AREA_STYLE_COLOUR('',#7408);
#7336=FILL_AREA_STYLE_COLOUR('',#7408);
#7337=FILL_AREA_STYLE_COLOUR('',#7408);
#7338=FILL_AREA_STYLE_COLOUR('',#7408);
#7339=FILL_AREA_STYLE_COLOUR('',#7408);
#7340=FILL_AREA_STYLE_COLOUR('',#7409);
#7341=FILL_AREA_STYLE_COLOUR('',#7409);
#7342=FILL_AREA_STYLE_COLOUR('',#7409);
#7343=FILL_AREA_STYLE_COLOUR('',#7407);
#7344=FILL_AREA_STYLE_COLOUR('',#7407);
#7345=FILL_AREA_STYLE_COLOUR('',#7409);
#7346=FILL_AREA_STYLE_COLOUR('',#7407);
#7347=FILL_AREA_STYLE_COLOUR('',#7409);
#7348=FILL_AREA_STYLE_COLOUR('',#7407);
#7349=FILL_AREA_STYLE_COLOUR('',#7409);
#7350=FILL_AREA_STYLE_COLOUR('',#7409);
#7351=FILL_AREA_STYLE_COLOUR('',#7409);
#7352=FILL_AREA_STYLE_COLOUR('',#7409);
#7353=FILL_AREA_STYLE_COLOUR('',#7409);
#7354=FILL_AREA_STYLE_COLOUR('',#7409);
#7355=FILL_AREA_STYLE_COLOUR('',#7409);
#7356=FILL_AREA_STYLE_COLOUR('',#7409);
#7357=FILL_AREA_STYLE_COLOUR('',#7409);
#7358=FILL_AREA_STYLE_COLOUR('',#7407);
#7359=FILL_AREA_STYLE_COLOUR('',#7407);
#7360=FILL_AREA_STYLE_COLOUR('',#7407);
#7361=FILL_AREA_STYLE_COLOUR('',#7407);
#7362=FILL_AREA_STYLE_COLOUR('',#7407);
#7363=FILL_AREA_STYLE_COLOUR('',#7407);
#7364=FILL_AREA_STYLE_COLOUR('',#7409);
#7365=FILL_AREA_STYLE_COLOUR('',#7409);
#7366=FILL_AREA_STYLE_COLOUR('',#7409);
#7367=FILL_AREA_STYLE_COLOUR('',#7409);
#7368=FILL_AREA_STYLE_COLOUR('',#7407);
#7369=FILL_AREA_STYLE_COLOUR('',#7409);
#7370=FILL_AREA_STYLE_COLOUR('',#7407);
#7371=FILL_AREA_STYLE_COLOUR('',#7409);
#7372=FILL_AREA_STYLE_COLOUR('',#7409);
#7373=FILL_AREA_STYLE_COLOUR('',#7409);
#7374=FILL_AREA_STYLE_COLOUR('',#7409);
#7375=FILL_AREA_STYLE_COLOUR('',#7409);
#7376=FILL_AREA_STYLE_COLOUR('',#7409);
#7377=FILL_AREA_STYLE_COLOUR('',#7409);
#7378=FILL_AREA_STYLE_COLOUR('',#7409);
#7379=FILL_AREA_STYLE_COLOUR('',#7409);
#7380=FILL_AREA_STYLE_COLOUR('',#7407);
#7381=FILL_AREA_STYLE_COLOUR('',#7407);
#7382=FILL_AREA_STYLE_COLOUR('',#7407);
#7383=FILL_AREA_STYLE_COLOUR('',#7407);
#7384=FILL_AREA_STYLE_COLOUR('',#7407);
#7385=FILL_AREA_STYLE_COLOUR('',#7407);
#7386=FILL_AREA_STYLE_COLOUR('',#7409);
#7387=FILL_AREA_STYLE_COLOUR('',#7409);
#7388=FILL_AREA_STYLE_COLOUR('',#7409);
#7389=FILL_AREA_STYLE_COLOUR('',#7407);
#7390=FILL_AREA_STYLE_COLOUR('',#7409);
#7391=FILL_AREA_STYLE_COLOUR('',#7409);
#7392=FILL_AREA_STYLE_COLOUR('',#7407);
#7393=FILL_AREA_STYLE_COLOUR('',#7409);
#7394=FILL_AREA_STYLE_COLOUR('',#7409);
#7395=FILL_AREA_STYLE_COLOUR('',#7409);
#7396=FILL_AREA_STYLE_COLOUR('',#7409);
#7397=FILL_AREA_STYLE_COLOUR('',#7409);
#7398=FILL_AREA_STYLE_COLOUR('',#7409);
#7399=FILL_AREA_STYLE_COLOUR('',#7409);
#7400=FILL_AREA_STYLE_COLOUR('',#7409);
#7401=FILL_AREA_STYLE_COLOUR('',#7409);
#7402=FILL_AREA_STYLE_COLOUR('',#7407);
#7403=FILL_AREA_STYLE_COLOUR('',#7407);
#7404=FILL_AREA_STYLE_COLOUR('',#7407);
#7405=FILL_AREA_STYLE_COLOUR('',#7407);
#7406=FILL_AREA_STYLE_COLOUR('',#10);
#7407=COLOUR_RGB('',0.200000002980232,0.200000002980232,0.200000002980232);
#7408=COLOUR_RGB('',0.75300002098083,0.75300002098083,0.75300002098083);
#7409=COLOUR_RGB('',0.72500002384186,0.72500002384186,0.);
#7410=ADVANCED_FACE('',(#5056),#5359,.T.);
#7411=ADVANCED_FACE('',(#5057),#5360,.T.);
#7412=ADVANCED_FACE('',(#5058),#5361,.T.);
#7413=ADVANCED_FACE('',(#5059),#5362,.T.);
#7414=ADVANCED_FACE('',(#5060),#5363,.T.);
#7415=ADVANCED_FACE('',(#5061),#5364,.T.);
#7416=ADVANCED_FACE('',(#5062),#5365,.T.);
#7417=ADVANCED_FACE('',(#5063),#5366,.T.);
#7418=ADVANCED_FACE('',(#5064),#5367,.T.);
#7419=ADVANCED_FACE('',(#5065),#5368,.T.);
#7420=ADVANCED_FACE('',(#5066),#5369,.T.);
#7421=ADVANCED_FACE('',(#5067),#5370,.T.);
#7422=ADVANCED_FACE('',(#5068),#5371,.T.);
#7423=ADVANCED_FACE('',(#5069),#5372,.T.);
#7424=ADVANCED_FACE('',(#5070),#5373,.T.);
#7425=ADVANCED_FACE('',(#5071),#5374,.T.);
#7426=ADVANCED_FACE('',(#5072),#5375,.T.);
#7427=ADVANCED_FACE('',(#5073),#5376,.T.);
#7428=ADVANCED_FACE('',(#5074),#5377,.T.);
#7429=ADVANCED_FACE('',(#5075),#5378,.F.);
#7430=ADVANCED_FACE('',(#5076),#5379,.T.);
#7431=ADVANCED_FACE('',(#5077),#5380,.T.);
#7432=ADVANCED_FACE('',(#5078),#5381,.F.);
#7433=ADVANCED_FACE('',(#5079),#5382,.F.);
#7434=ADVANCED_FACE('',(#5080),#5383,.T.);
#7435=ADVANCED_FACE('',(#5081),#5384,.T.);
#7436=ADVANCED_FACE('',(#5082),#5385,.F.);
#7437=ADVANCED_FACE('',(#5083),#5386,.T.);
#7438=ADVANCED_FACE('',(#5084),#5387,.F.);
#7439=ADVANCED_FACE('',(#5085,#5086),#5388,.F.);
#7440=ADVANCED_FACE('',(#5087),#5389,.F.);
#7441=ADVANCED_FACE('',(#5088),#5390,.F.);
#7442=ADVANCED_FACE('',(#5089),#5391,.F.);
#7443=ADVANCED_FACE('',(#5090),#5392,.F.);
#7444=ADVANCED_FACE('',(#5091),#5393,.F.);
#7445=ADVANCED_FACE('',(#5092),#5394,.F.);
#7446=ADVANCED_FACE('',(#5093),#5395,.F.);
#7447=ADVANCED_FACE('',(#5094),#5396,.F.);
#7448=ADVANCED_FACE('',(#5095),#5397,.F.);
#7449=ADVANCED_FACE('',(#5096),#5398,.F.);
#7450=ADVANCED_FACE('',(#5097),#5399,.F.);
#7451=ADVANCED_FACE('',(#5098),#5400,.F.);
#7452=ADVANCED_FACE('',(#5099),#5401,.T.);
#7453=ADVANCED_FACE('',(#5100),#5402,.F.);
#7454=ADVANCED_FACE('',(#5101),#5403,.T.);
#7455=ADVANCED_FACE('',(#5102),#5404,.F.);
#7456=ADVANCED_FACE('',(#5103),#5405,.F.);
#7457=ADVANCED_FACE('',(#5104),#5406,.F.);
#7458=ADVANCED_FACE('',(#5105),#5407,.F.);
#7459=ADVANCED_FACE('',(#5106),#5408,.F.);
#7460=ADVANCED_FACE('',(#5107),#5409,.F.);
#7461=ADVANCED_FACE('',(#5108,#5109,#5110,#5111,#5112,#5113,#5114),#5410,
 .F.);
#7462=ADVANCED_FACE('',(#5115),#5411,.F.);
#7463=ADVANCED_FACE('',(#5116),#5412,.F.);
#7464=ADVANCED_FACE('',(#5117),#5413,.F.);
#7465=ADVANCED_FACE('',(#5118),#5414,.F.);
#7466=ADVANCED_FACE('',(#5119),#5415,.F.);
#7467=ADVANCED_FACE('',(#5120),#5416,.F.);
#7468=ADVANCED_FACE('',(#5121),#5417,.F.);
#7469=ADVANCED_FACE('',(#5122),#5418,.F.);
#7470=ADVANCED_FACE('',(#5123),#5419,.T.);
#7471=ADVANCED_FACE('',(#5124),#5420,.T.);
#7472=ADVANCED_FACE('',(#5125),#5421,.T.);
#7473=ADVANCED_FACE('',(#5126),#5422,.T.);
#7474=ADVANCED_FACE('',(#5127),#5423,.T.);
#7475=ADVANCED_FACE('',(#5128),#5424,.T.);
#7476=ADVANCED_FACE('',(#5129),#5425,.T.);
#7477=ADVANCED_FACE('',(#5130),#5426,.T.);
#7478=ADVANCED_FACE('',(#5131),#5427,.T.);
#7479=ADVANCED_FACE('',(#5132),#5428,.T.);
#7480=ADVANCED_FACE('',(#5133),#5429,.T.);
#7481=ADVANCED_FACE('',(#5134),#5430,.T.);
#7482=ADVANCED_FACE('',(#5135),#5431,.T.);
#7483=ADVANCED_FACE('',(#5136),#5432,.T.);
#7484=ADVANCED_FACE('',(#5137),#5433,.T.);
#7485=ADVANCED_FACE('',(#5138),#27,.T.);
#7486=ADVANCED_FACE('',(#5139),#5434,.T.);
#7487=ADVANCED_FACE('',(#5140),#28,.F.);
#7488=ADVANCED_FACE('',(#5141),#29,.F.);
#7489=ADVANCED_FACE('',(#5142),#5435,.T.);
#7490=ADVANCED_FACE('',(#5143),#30,.T.);
#7491=ADVANCED_FACE('',(#5144),#5436,.F.);
#7492=ADVANCED_FACE('',(#5145),#31,.F.);
#7493=ADVANCED_FACE('',(#5146),#32,.F.);
#7494=ADVANCED_FACE('',(#5147),#5437,.F.);
#7495=ADVANCED_FACE('',(#5148),#33,.T.);
#7496=ADVANCED_FACE('',(#5149),#5438,.T.);
#7497=ADVANCED_FACE('',(#5150),#5439,.T.);
#7498=ADVANCED_FACE('',(#5151),#5440,.T.);
#7499=ADVANCED_FACE('',(#5152),#5441,.T.);
#7500=ADVANCED_FACE('',(#5153),#5442,.T.);
#7501=ADVANCED_FACE('',(#5154),#5443,.T.);
#7502=ADVANCED_FACE('',(#5155),#34,.T.);
#7503=ADVANCED_FACE('',(#5156),#5444,.T.);
#7504=ADVANCED_FACE('',(#5157),#35,.T.);
#7505=ADVANCED_FACE('',(#5158),#5445,.T.);
#7506=ADVANCED_FACE('',(#5159),#36,.T.);
#7507=ADVANCED_FACE('',(#5160),#5446,.T.);
#7508=ADVANCED_FACE('',(#5161),#37,.T.);
#7509=ADVANCED_FACE('',(#5162),#5447,.T.);
#7510=ADVANCED_FACE('',(#5163),#5448,.F.);
#7511=ADVANCED_FACE('',(#5164),#38,.T.);
#7512=ADVANCED_FACE('',(#5165),#5449,.T.);
#7513=ADVANCED_FACE('',(#5166),#39,.T.);
#7514=ADVANCED_FACE('',(#5167),#5450,.T.);
#7515=ADVANCED_FACE('',(#5168),#40,.T.);
#7516=ADVANCED_FACE('',(#5169),#5451,.T.);
#7517=ADVANCED_FACE('',(#5170),#41,.T.);
#7518=ADVANCED_FACE('',(#5171),#5452,.T.);
#7519=ADVANCED_FACE('',(#5172),#5453,.F.);
#7520=ADVANCED_FACE('',(#5173),#42,.T.);
#7521=ADVANCED_FACE('',(#5174),#5454,.T.);
#7522=ADVANCED_FACE('',(#5175),#43,.T.);
#7523=ADVANCED_FACE('',(#5176),#5455,.T.);
#7524=ADVANCED_FACE('',(#5177),#44,.T.);
#7525=ADVANCED_FACE('',(#5178),#5456,.T.);
#7526=ADVANCED_FACE('',(#5179),#45,.T.);
#7527=ADVANCED_FACE('',(#5180),#5457,.T.);
#7528=ADVANCED_FACE('',(#5181),#5458,.F.);
#7529=ADVANCED_FACE('',(#5182),#46,.T.);
#7530=ADVANCED_FACE('',(#5183),#5459,.T.);
#7531=ADVANCED_FACE('',(#5184),#47,.T.);
#7532=ADVANCED_FACE('',(#5185),#5460,.T.);
#7533=ADVANCED_FACE('',(#5186),#48,.T.);
#7534=ADVANCED_FACE('',(#5187),#5461,.T.);
#7535=ADVANCED_FACE('',(#5188),#49,.T.);
#7536=ADVANCED_FACE('',(#5189),#5462,.T.);
#7537=ADVANCED_FACE('',(#5190),#5463,.F.);
#7538=ADVANCED_FACE('',(#5191),#5464,.T.);
#7539=ADVANCED_FACE('',(#5192,#5193),#50,.F.);
#7540=ADVANCED_FACE('',(#5194),#5465,.T.);
#7541=ADVANCED_FACE('',(#5195,#5196),#51,.F.);
#7542=ADVANCED_FACE('',(#5197),#5466,.T.);
#7543=ADVANCED_FACE('',(#5198),#52,.F.);
#7544=ADVANCED_FACE('',(#5199),#53,.T.);
#7545=ADVANCED_FACE('',(#5200),#5467,.T.);
#7546=ADVANCED_FACE('',(#5201),#54,.F.);
#7547=ADVANCED_FACE('',(#5202),#5468,.T.);
#7548=ADVANCED_FACE('',(#5203),#5469,.T.);
#7549=ADVANCED_FACE('',(#5204),#55,.F.);
#7550=ADVANCED_FACE('',(#5205),#5470,.T.);
#7551=ADVANCED_FACE('',(#5206),#56,.T.);
#7552=ADVANCED_FACE('',(#5207),#57,.F.);
#7553=ADVANCED_FACE('',(#5208),#5471,.T.);
#7554=ADVANCED_FACE('',(#5209),#5472,.T.);
#7555=ADVANCED_FACE('',(#5210),#58,.F.);
#7556=ADVANCED_FACE('',(#5211),#59,.T.);
#7557=ADVANCED_FACE('',(#5212),#5473,.T.);
#7558=ADVANCED_FACE('',(#5213),#60,.F.);
#7559=ADVANCED_FACE('',(#5214),#5474,.T.);
#7560=ADVANCED_FACE('',(#5215),#5475,.T.);
#7561=ADVANCED_FACE('',(#5216),#61,.F.);
#7562=ADVANCED_FACE('',(#5217),#5476,.T.);
#7563=ADVANCED_FACE('',(#5218),#62,.F.);
#7564=ADVANCED_FACE('',(#5219),#5477,.T.);
#7565=ADVANCED_FACE('',(#5220),#5478,.T.);
#7566=ADVANCED_FACE('',(#5221),#63,.T.);
#7567=ADVANCED_FACE('',(#5222),#64,.F.);
#7568=ADVANCED_FACE('',(#5223),#5479,.F.);
#7569=ADVANCED_FACE('',(#5224),#65,.T.);
#7570=ADVANCED_FACE('',(#5225),#5480,.T.);
#7571=ADVANCED_FACE('',(#5226),#66,.T.);
#7572=ADVANCED_FACE('',(#5227),#5481,.T.);
#7573=ADVANCED_FACE('',(#5228),#67,.F.);
#7574=ADVANCED_FACE('',(#5229),#68,.F.);
#7575=ADVANCED_FACE('',(#5230),#5482,.T.);
#7576=ADVANCED_FACE('',(#5231),#5483,.T.);
#7577=ADVANCED_FACE('',(#5232),#69,.T.);
#7578=ADVANCED_FACE('',(#5233),#5484,.F.);
#7579=ADVANCED_FACE('',(#5234),#70,.T.);
#7580=ADVANCED_FACE('',(#5235),#5485,.F.);
#7581=ADVANCED_FACE('',(#5236),#71,.F.);
#7582=ADVANCED_FACE('',(#5237),#72,.F.);
#7583=ADVANCED_FACE('',(#5238),#5486,.F.);
#7584=ADVANCED_FACE('',(#5239),#73,.T.);
#7585=ADVANCED_FACE('',(#5240),#74,.T.);
#7586=ADVANCED_FACE('',(#5241),#75,.F.);
#7587=ADVANCED_FACE('',(#5242),#76,.T.);
#7588=ADVANCED_FACE('',(#5243),#5487,.T.);
#7589=ADVANCED_FACE('',(#5244),#5488,.T.);
#7590=ADVANCED_FACE('',(#5245),#5489,.T.);
#7591=ADVANCED_FACE('',(#5246),#77,.T.);
#7592=ADVANCED_FACE('',(#5247),#5490,.T.);
#7593=ADVANCED_FACE('',(#5248),#78,.F.);
#7594=ADVANCED_FACE('',(#5249),#5491,.F.);
#7595=ADVANCED_FACE('',(#5250),#5492,.T.);
#7596=ADVANCED_FACE('',(#5251),#79,.F.);
#7597=ADVANCED_FACE('',(#5252),#5493,.T.);
#7598=ADVANCED_FACE('',(#5253),#80,.T.);
#7599=ADVANCED_FACE('',(#5254),#5494,.T.);
#7600=ADVANCED_FACE('',(#5255),#5495,.T.);
#7601=ADVANCED_FACE('',(#5256),#5496,.T.);
#7602=ADVANCED_FACE('',(#5257),#81,.F.);
#7603=ADVANCED_FACE('',(#5258),#5497,.T.);
#7604=ADVANCED_FACE('',(#5259),#82,.T.);
#7605=ADVANCED_FACE('',(#5260),#83,.T.);
#7606=ADVANCED_FACE('',(#5261),#5498,.T.);
#7607=ADVANCED_FACE('',(#5262),#5499,.T.);
#7608=ADVANCED_FACE('',(#5263),#5500,.T.);
#7609=ADVANCED_FACE('',(#5264),#84,.F.);
#7610=ADVANCED_FACE('',(#5265),#5501,.T.);
#7611=ADVANCED_FACE('',(#5266),#5502,.T.);
#7612=ADVANCED_FACE('',(#5267),#85,.T.);
#7613=ADVANCED_FACE('',(#5268),#86,.F.);
#7614=ADVANCED_FACE('',(#5269),#5503,.T.);
#7615=ADVANCED_FACE('',(#5270),#5504,.F.);
#7616=ADVANCED_FACE('',(#5271),#5505,.F.);
#7617=ADVANCED_FACE('',(#5272),#5506,.T.);
#7618=ADVANCED_FACE('',(#5273),#87,.T.);
#7619=ADVANCED_FACE('',(#5274),#5507,.T.);
#7620=ADVANCED_FACE('',(#5275),#88,.T.);
#7621=ADVANCED_FACE('',(#5276),#5508,.T.);
#7622=ADVANCED_FACE('',(#5277),#5509,.T.);
#7623=ADVANCED_FACE('',(#5278),#5510,.T.);
#7624=ADVANCED_FACE('',(#5279),#89,.F.);
#7625=ADVANCED_FACE('',(#5280),#5511,.T.);
#7626=ADVANCED_FACE('',(#5281),#90,.F.);
#7627=ADVANCED_FACE('',(#5282),#91,.F.);
#7628=ADVANCED_FACE('',(#5283),#5512,.F.);
#7629=ADVANCED_FACE('',(#5284),#5513,.F.);
#7630=ADVANCED_FACE('',(#5285),#5514,.F.);
#7631=ADVANCED_FACE('',(#5286),#92,.T.);
#7632=ADVANCED_FACE('',(#5287),#5515,.F.);
#7633=ADVANCED_FACE('',(#5288),#5516,.F.);
#7634=ADVANCED_FACE('',(#5289),#93,.T.);
#7635=ADVANCED_FACE('',(#5290),#94,.F.);
#7636=ADVANCED_FACE('',(#5291),#5517,.F.);
#7637=ADVANCED_FACE('',(#5292),#5518,.T.);
#7638=ADVANCED_FACE('',(#5293),#5519,.T.);
#7639=ADVANCED_FACE('',(#5294),#5520,.F.);
#7640=ADVANCED_FACE('',(#5295),#95,.T.);
#7641=ADVANCED_FACE('',(#5296),#5521,.F.);
#7642=ADVANCED_FACE('',(#5297),#96,.T.);
#7643=ADVANCED_FACE('',(#5298),#5522,.F.);
#7644=ADVANCED_FACE('',(#5299),#5523,.F.);
#7645=ADVANCED_FACE('',(#5300),#5524,.F.);
#7646=ADVANCED_FACE('',(#5301),#97,.F.);
#7647=ADVANCED_FACE('',(#5302),#5525,.F.);
#7648=ADVANCED_FACE('',(#5303),#98,.F.);
#7649=ADVANCED_FACE('',(#5304),#99,.F.);
#7650=ADVANCED_FACE('',(#5305),#5526,.F.);
#7651=ADVANCED_FACE('',(#5306),#5527,.F.);
#7652=ADVANCED_FACE('',(#5307),#5528,.F.);
#7653=ADVANCED_FACE('',(#5308),#100,.T.);
#7654=ADVANCED_FACE('',(#5309),#5529,.F.);
#7655=ADVANCED_FACE('',(#5310),#5530,.F.);
#7656=ADVANCED_FACE('',(#5311),#101,.T.);
#7657=ADVANCED_FACE('',(#5312),#102,.F.);
#7658=ADVANCED_FACE('',(#5313),#5531,.F.);
#7659=ADVANCED_FACE('',(#5314),#5532,.T.);
#7660=ADVANCED_FACE('',(#5315),#5533,.T.);
#7661=ADVANCED_FACE('',(#5316),#5534,.F.);
#7662=ADVANCED_FACE('',(#5317),#103,.T.);
#7663=ADVANCED_FACE('',(#5318),#5535,.F.);
#7664=ADVANCED_FACE('',(#5319),#104,.T.);
#7665=ADVANCED_FACE('',(#5320),#5536,.F.);
#7666=ADVANCED_FACE('',(#5321),#5537,.F.);
#7667=ADVANCED_FACE('',(#5322),#5538,.F.);
#7668=ADVANCED_FACE('',(#5323),#105,.F.);
#7669=ADVANCED_FACE('',(#5324),#5539,.F.);
#7670=ADVANCED_FACE('',(#5325),#106,.F.);
#7671=ADVANCED_FACE('',(#5326),#5540,.F.);
#7672=ADVANCED_FACE('',(#5327),#5541,.T.);
#7673=ADVANCED_FACE('',(#5328),#5542,.T.);
#7674=ADVANCED_FACE('',(#5329),#5543,.T.);
#7675=ADVANCED_FACE('',(#5330),#5544,.T.);
#7676=ADVANCED_FACE('',(#5331),#5545,.T.);
#7677=ADVANCED_FACE('',(#5332),#5546,.T.);
#7678=ADVANCED_FACE('',(#5333),#5547,.T.);
#7679=ADVANCED_FACE('',(#5334),#5548,.T.);
#7680=ADVANCED_FACE('',(#5335),#5549,.T.);
#7681=ADVANCED_FACE('',(#5336),#5550,.T.);
#7682=ADVANCED_FACE('',(#5337),#5551,.T.);
#7683=ADVANCED_FACE('',(#5338),#5552,.T.);
#7684=ADVANCED_FACE('',(#5339),#5553,.T.);
#7685=ADVANCED_FACE('',(#5340),#5554,.T.);
#7686=ADVANCED_FACE('',(#5341),#5555,.T.);
#7687=ADVANCED_FACE('',(#5342),#5556,.T.);
#7688=ADVANCED_FACE('',(#5343),#5557,.T.);
#7689=ADVANCED_FACE('',(#5344),#5558,.T.);
#7690=ADVANCED_FACE('',(#5345),#5559,.T.);
#7691=ADVANCED_FACE('',(#5346),#5560,.T.);
#7692=ADVANCED_FACE('',(#5347),#5561,.F.);
#7693=ADVANCED_FACE('',(#5348),#5562,.T.);
#7694=ADVANCED_FACE('',(#5349),#5563,.F.);
#7695=ADVANCED_FACE('',(#5350),#5564,.F.);
#7696=ADVANCED_FACE('',(#5351),#5565,.F.);
#7697=ADVANCED_FACE('',(#5352),#5566,.F.);
#7698=ADVANCED_FACE('',(#5353),#5567,.F.);
#7699=ADVANCED_FACE('',(#5354),#5568,.F.);
#7700=ADVANCED_FACE('',(#5355),#5569,.F.);
#7701=ADVANCED_FACE('',(#5356),#5570,.F.);
#7702=ADVANCED_FACE('',(#5357),#5571,.T.);
#7703=ADVANCED_FACE('',(#5358),#5572,.F.);
#7704=CLOSED_SHELL('',(#7410,#7411,#7412,#7413,#7414,#7415,#7416,#7417,
#7418,#7419,#7420,#7421,#7422,#7423,#7424,#7425,#7426,#7427,#7428,#7429,
#7430,#7431,#7432,#7433,#7434,#7435,#7436,#7437,#7438,#7439,#7440,#7441,
#7442,#7443,#7444,#7445,#7446,#7447,#7448,#7449,#7450,#7451,#7452,#7453,
#7454,#7455,#7456,#7457,#7458,#7459,#7460,#7461,#7462,#7463,#7464,#7465,
#7466,#7467,#7468,#7469,#7470,#7471,#7472,#7473,#7474,#7475,#7476,#7477,
#7478,#7479,#7480,#7481,#7482,#7483,#7484,#7485,#7486,#7487,#7488,#7489,
#7490,#7491,#7492,#7493,#7494,#7495,#7496,#7497,#7498,#7499,#7500,#7501,
#7502,#7503,#7504,#7505,#7506,#7507,#7508,#7509,#7510,#7511,#7512,#7513,
#7514,#7515,#7516,#7517,#7518,#7519,#7520,#7521,#7522,#7523,#7524,#7525,
#7526,#7527,#7528,#7529,#7530,#7531,#7532,#7533,#7534,#7535,#7536,#7537,
#7538,#7539,#7540,#7541,#7542,#7543,#7544,#7545,#7546,#7547,#7548,#7549,
#7550,#7551,#7552,#7553,#7554,#7555,#7556,#7557,#7558,#7559,#7560,#7561,
#7562,#7563,#7564,#7565,#7566,#7567,#7568,#7569,#7570,#7571,#7572,#7573,
#7574,#7575,#7576,#7577,#7578,#7579,#7580,#7581,#7582,#7583,#7584,#7585,
#7586,#7587,#7588,#7589,#7590,#7591,#7592,#7593,#7594,#7595,#7596,#7597,
#7598,#7599,#7600,#7601,#7602,#7603,#7604,#7605,#7606,#7607,#7608,#7609,
#7610,#7611,#7612,#7613,#7614,#7615,#7616,#7617,#7618,#7619,#7620,#7621,
#7622,#7623,#7624,#7625,#7626,#7627,#7628,#7629,#7630,#7631,#7632,#7633,
#7634,#7635,#7636,#7637,#7638,#7639,#7640,#7641,#7642,#7643,#7644,#7645,
#7646,#7647,#7648,#7649,#7650,#7651,#7652,#7653,#7654,#7655,#7656,#7657,
#7658,#7659,#7660,#7661,#7662,#7663,#7664,#7665,#7666,#7667,#7668,#7669,
#7670));
#7705=CLOSED_SHELL('',(#7671,#7672,#7673,#7674,#7675,#7676,#7677,#7678,
#7679,#7680,#7681,#7682,#7683,#7684,#7685,#7686,#7687,#7688,#7689,#7690,
#7691,#7692,#7693,#7694,#7695,#7696,#7697,#7698,#7699,#7700,#7701,#7702,
#7703));
#7706=MANIFOLD_SOLID_BREP('22A-12_c',#7704);
#7707=MANIFOLD_SOLID_BREP('2Side setting_s',#7705);
#7708=SHAPE_DEFINITION_REPRESENTATION(#11544,#7711);
#7709=SHAPE_DEFINITION_REPRESENTATION(#11545,#7712);
#7710=SHAPE_DEFINITION_REPRESENTATION(#11547,#7713);
#7711=SHAPE_REPRESENTATION('CL-SB-22A-12T',(#7714,#8153,#8187),#11535);
#7712=SHAPE_REPRESENTATION('22A-12_c',(#7714),#11536);
#7713=SHAPE_REPRESENTATION('2Side setting_s',(#7714),#11537);
#7714=AXIS2_PLACEMENT_3D('',#9810,#8188,#8189);
#7715=AXIS2_PLACEMENT_3D('',#9811,#8190,#8191);
#7716=AXIS2_PLACEMENT_3D('',#9815,#8193,#8194);
#7717=AXIS2_PLACEMENT_3D('',#9820,#8197,#8198);
#7718=AXIS2_PLACEMENT_3D('',#9824,#8200,#8201);
#7719=AXIS2_PLACEMENT_3D('',#9829,#8204,#8205);
#7720=AXIS2_PLACEMENT_3D('',#9833,#8207,#8208);
#7721=AXIS2_PLACEMENT_3D('',#9838,#8211,#8212);
#7722=AXIS2_PLACEMENT_3D('',#9842,#8214,#8215);
#7723=AXIS2_PLACEMENT_3D('',#9847,#8218,#8219);
#7724=AXIS2_PLACEMENT_3D('',#9850,#8222,#8223);
#7725=AXIS2_PLACEMENT_3D('',#9854,#8225,#8226);
#7726=AXIS2_PLACEMENT_3D('',#9859,#8229,#8230);
#7727=AXIS2_PLACEMENT_3D('',#9863,#8232,#8233);
#7728=AXIS2_PLACEMENT_3D('',#9868,#8236,#8237);
#7729=AXIS2_PLACEMENT_3D('',#9872,#8239,#8240);
#7730=AXIS2_PLACEMENT_3D('',#9877,#8243,#8244);
#7731=AXIS2_PLACEMENT_3D('',#9881,#8246,#8247);
#7732=AXIS2_PLACEMENT_3D('',#9886,#8250,#8251);
#7733=AXIS2_PLACEMENT_3D('',#9889,#8254,#8255);
#7734=AXIS2_PLACEMENT_3D('',#9890,#8256,#8257);
#7735=AXIS2_PLACEMENT_3D('',#9898,#8261,#8262);
#7736=AXIS2_PLACEMENT_3D('',#9899,#8263,#8264);
#7737=AXIS2_PLACEMENT_3D('',#9907,#8268,#8269);
#7738=AXIS2_PLACEMENT_3D('',#9910,#8272,#8273);
#7739=AXIS2_PLACEMENT_3D('',#9926,#8281,#8282);
#7740=AXIS2_PLACEMENT_3D('',#9932,#8285,#8286);
#7741=AXIS2_PLACEMENT_3D('',#9936,#8288,#8289);
#7742=AXIS2_PLACEMENT_3D('',#9942,#8292,#8293);
#7743=AXIS2_PLACEMENT_3D('',#9951,#8298,#8299);
#7744=AXIS2_PLACEMENT_3D('',#9952,#8300,#8301);
#7745=AXIS2_PLACEMENT_3D('',#9964,#8307,#8308);
#7746=AXIS2_PLACEMENT_3D('',#9965,#8309,#8310);
#7747=AXIS2_PLACEMENT_3D('',#9977,#8316,#8317);
#7748=AXIS2_PLACEMENT_3D('',#9978,#8318,#8319);
#7749=AXIS2_PLACEMENT_3D('',#9983,#8321,#8322);
#7750=AXIS2_PLACEMENT_3D('',#9987,#8324,#8325);
#7751=AXIS2_PLACEMENT_3D('',#9995,#8329,#8330);
#7752=AXIS2_PLACEMENT_3D('',#9999,#8332,#8333);
#7753=AXIS2_PLACEMENT_3D('',#10003,#8335,#8336);
#7754=AXIS2_PLACEMENT_3D('',#10007,#8338,#8339);
#7755=AXIS2_PLACEMENT_3D('',#10015,#8343,#8344);
#7756=AXIS2_PLACEMENT_3D('',#10019,#8346,#8347);
#7757=AXIS2_PLACEMENT_3D('',#10026,#8351,#8352);
#7758=AXIS2_PLACEMENT_3D('',#10030,#8354,#8355);
#7759=AXIS2_PLACEMENT_3D('',#10034,#8357,#8358);
#7760=AXIS2_PLACEMENT_3D('',#10051,#8367,#8368);
#7761=AXIS2_PLACEMENT_3D('',#10057,#8371,#8372);
#7762=AXIS2_PLACEMENT_3D('',#10064,#8376,#8377);
#7763=AXIS2_PLACEMENT_3D('',#10065,#8378,#8379);
#7764=AXIS2_PLACEMENT_3D('',#10067,#8380,#8381);
#7765=AXIS2_PLACEMENT_3D('',#10085,#8390,#8391);
#7766=AXIS2_PLACEMENT_3D('',#10089,#8393,#8394);
#7767=AXIS2_PLACEMENT_3D('',#10101,#8400,#8401);
#7768=AXIS2_PLACEMENT_3D('',#10103,#8402,#8403);
#7769=AXIS2_PLACEMENT_3D('',#10111,#8407,#8408);
#7770=AXIS2_PLACEMENT_3D('',#10113,#8409,#8410);
#7771=AXIS2_PLACEMENT_3D('',#10137,#8422,#8423);
#7772=AXIS2_PLACEMENT_3D('',#10139,#8424,#8425);
#7773=AXIS2_PLACEMENT_3D('',#10141,#8427,#8428);
#7774=AXIS2_PLACEMENT_3D('',#10150,#8433,#8434);
#7775=AXIS2_PLACEMENT_3D('',#10156,#8438,#8439);
#7776=AXIS2_PLACEMENT_3D('',#10169,#8447,#8448);
#7777=AXIS2_PLACEMENT_3D('',#10182,#8456,#8457);
#7778=AXIS2_PLACEMENT_3D('',#10183,#8458,#8459);
#7779=AXIS2_PLACEMENT_3D('',#10204,#8469,#8470);
#7780=AXIS2_PLACEMENT_3D('',#10207,#8472,#8473);
#7781=AXIS2_PLACEMENT_3D('',#10211,#8475,#8476);
#7782=AXIS2_PLACEMENT_3D('',#10217,#8480,#8481);
#7783=AXIS2_PLACEMENT_3D('',#10255,#8502,#8503);
#7784=AXIS2_PLACEMENT_3D('',#10257,#8505,#8506);
#7785=AXIS2_PLACEMENT_3D('',#10261,#8508,#8509);
#7786=AXIS2_PLACEMENT_3D('',#10272,#8515,#8516);
#7787=AXIS2_PLACEMENT_3D('',#10273,#8517,#8518);
#7788=AXIS2_PLACEMENT_3D('',#10274,#8519,#8520);
#7789=AXIS2_PLACEMENT_3D('',#10276,#8521,#8522);
#7790=AXIS2_PLACEMENT_3D('',#10280,#8524,#8525);
#7791=AXIS2_PLACEMENT_3D('',#10281,#8526,#8527);
#7792=AXIS2_PLACEMENT_3D('',#10317,#8550,#8551);
#7793=AXIS2_PLACEMENT_3D('',#10323,#8555,#8556);
#7794=AXIS2_PLACEMENT_3D('',#10327,#8559,#8560);
#7795=AXIS2_PLACEMENT_3D('',#10337,#8566,#8567);
#7796=AXIS2_PLACEMENT_3D('',#10345,#8572,#8573);
#7797=AXIS2_PLACEMENT_3D('',#10365,#8586,#8587);
#7798=AXIS2_PLACEMENT_3D('',#10366,#8588,#8589);
#7799=AXIS2_PLACEMENT_3D('',#10370,#8591,#8592);
#7800=AXIS2_PLACEMENT_3D('',#10390,#8605,#8606);
#7801=AXIS2_PLACEMENT_3D('',#10396,#8610,#8611);
#7802=AXIS2_PLACEMENT_3D('',#10402,#8615,#8616);
#7803=AXIS2_PLACEMENT_3D('',#10406,#8619,#8620);
#7804=AXIS2_PLACEMENT_3D('',#10410,#8623,#8624);
#7805=AXIS2_PLACEMENT_3D('',#10419,#8629,#8630);
#7806=AXIS2_PLACEMENT_3D('',#10422,#8633,#8634);
#7807=AXIS2_PLACEMENT_3D('',#10423,#8635,#8636);
#7808=AXIS2_PLACEMENT_3D('',#10431,#8641,#8642);
#7809=AXIS2_PLACEMENT_3D('',#10435,#8645,#8646);
#7810=AXIS2_PLACEMENT_3D('',#10436,#8647,#8648);
#7811=AXIS2_PLACEMENT_3D('',#10440,#8650,#8651);
#7812=AXIS2_PLACEMENT_3D('',#10445,#8655,#8656);
#7813=AXIS2_PLACEMENT_3D('',#10446,#8657,#8658);
#7814=AXIS2_PLACEMENT_3D('',#10447,#8659,#8660);
#7815=AXIS2_PLACEMENT_3D('',#10451,#8662,#8663);
#7816=AXIS2_PLACEMENT_3D('',#10453,#8665,#8666);
#7817=AXIS2_PLACEMENT_3D('',#10454,#8667,#8668);
#7818=AXIS2_PLACEMENT_3D('',#10458,#8671,#8672);
#7819=AXIS2_PLACEMENT_3D('',#10466,#8678,#8679);
#7820=AXIS2_PLACEMENT_3D('',#10475,#8686,#8687);
#7821=AXIS2_PLACEMENT_3D('',#10476,#8688,#8689);
#7822=AXIS2_PLACEMENT_3D('',#10485,#8694,#8695);
#7823=AXIS2_PLACEMENT_3D('',#10488,#8697,#8698);
#7824=AXIS2_PLACEMENT_3D('',#10493,#8703,#8704);
#7825=AXIS2_PLACEMENT_3D('',#10495,#8706,#8707);
#7826=AXIS2_PLACEMENT_3D('',#10496,#8708,#8709);
#7827=AXIS2_PLACEMENT_3D('',#10498,#8710,#8711);
#7828=AXIS2_PLACEMENT_3D('',#10503,#8713,#8714);
#7829=AXIS2_PLACEMENT_3D('',#10507,#8716,#8717);
#7830=AXIS2_PLACEMENT_3D('',#10511,#8719,#8720);
#7831=AXIS2_PLACEMENT_3D('',#10515,#8722,#8723);
#7832=AXIS2_PLACEMENT_3D('',#10519,#8725,#8726);
#7833=AXIS2_PLACEMENT_3D('',#10523,#8728,#8729);
#7834=AXIS2_PLACEMENT_3D('',#10527,#8731,#8732);
#7835=AXIS2_PLACEMENT_3D('',#10531,#8734,#8735);
#7836=AXIS2_PLACEMENT_3D('',#10535,#8737,#8738);
#7837=AXIS2_PLACEMENT_3D('',#10539,#8740,#8741);
#7838=AXIS2_PLACEMENT_3D('',#10543,#8743,#8744);
#7839=AXIS2_PLACEMENT_3D('',#10547,#8746,#8747);
#7840=AXIS2_PLACEMENT_3D('',#10551,#8749,#8750);
#7841=AXIS2_PLACEMENT_3D('',#10555,#8752,#8753);
#7842=AXIS2_PLACEMENT_3D('',#10559,#8755,#8756);
#7843=AXIS2_PLACEMENT_3D('',#10563,#8758,#8759);
#7844=AXIS2_PLACEMENT_3D('',#10565,#8761,#8762);
#7845=AXIS2_PLACEMENT_3D('',#10567,#8764,#8765);
#7846=AXIS2_PLACEMENT_3D('',#10571,#8769,#8770);
#7847=AXIS2_PLACEMENT_3D('',#10577,#8774,#8775);
#7848=AXIS2_PLACEMENT_3D('',#10583,#8779,#8780);
#7849=AXIS2_PLACEMENT_3D('',#10586,#8783,#8784);
#7850=AXIS2_PLACEMENT_3D('',#10589,#8787,#8788);
#7851=AXIS2_PLACEMENT_3D('',#10595,#8792,#8793);
#7852=AXIS2_PLACEMENT_3D('',#10598,#8796,#8797);
#7853=AXIS2_PLACEMENT_3D('',#10600,#8799,#8800);
#7854=AXIS2_PLACEMENT_3D('',#10602,#8802,#8803);
#7855=AXIS2_PLACEMENT_3D('',#10603,#8804,#8805);
#7856=AXIS2_PLACEMENT_3D('',#10606,#8807,#8808);
#7857=AXIS2_PLACEMENT_3D('',#10608,#8810,#8811);
#7858=AXIS2_PLACEMENT_3D('',#10611,#8813,#8814);
#7859=AXIS2_PLACEMENT_3D('',#10612,#8815,#8816);
#7860=AXIS2_PLACEMENT_3D('',#10614,#8818,#8819);
#7861=AXIS2_PLACEMENT_3D('',#10616,#8821,#8822);
#7862=AXIS2_PLACEMENT_3D('',#10617,#8823,#8824);
#7863=AXIS2_PLACEMENT_3D('',#10618,#8825,#8826);
#7864=AXIS2_PLACEMENT_3D('',#10619,#8827,#8828);
#7865=AXIS2_PLACEMENT_3D('',#10620,#8829,#8830);
#7866=AXIS2_PLACEMENT_3D('',#10624,#8832,#8833);
#7867=AXIS2_PLACEMENT_3D('',#10626,#8835,#8836);
#7868=AXIS2_PLACEMENT_3D('',#10627,#8837,#8838);
#7869=AXIS2_PLACEMENT_3D('',#10628,#8839,#8840);
#7870=AXIS2_PLACEMENT_3D('',#10631,#8842,#8843);
#7871=AXIS2_PLACEMENT_3D('',#10634,#8845,#8846);
#7872=AXIS2_PLACEMENT_3D('',#10635,#8847,#8848);
#7873=AXIS2_PLACEMENT_3D('',#10636,#8849,#8850);
#7874=AXIS2_PLACEMENT_3D('',#10638,#8852,#8853);
#7875=AXIS2_PLACEMENT_3D('',#10640,#8855,#8856);
#7876=AXIS2_PLACEMENT_3D('',#10641,#8857,#8858);
#7877=AXIS2_PLACEMENT_3D('',#10643,#8860,#8861);
#7878=AXIS2_PLACEMENT_3D('',#10645,#8863,#8864);
#7879=AXIS2_PLACEMENT_3D('',#10646,#8865,#8866);
#7880=AXIS2_PLACEMENT_3D('',#10648,#8868,#8869);
#7881=AXIS2_PLACEMENT_3D('',#10649,#8870,#8871);
#7882=AXIS2_PLACEMENT_3D('',#10651,#8873,#8874);
#7883=AXIS2_PLACEMENT_3D('',#10653,#8876,#8877);
#7884=AXIS2_PLACEMENT_3D('',#10654,#8878,#8879);
#7885=AXIS2_PLACEMENT_3D('',#10655,#8880,#8881);
#7886=AXIS2_PLACEMENT_3D('',#10657,#8883,#8884);
#7887=AXIS2_PLACEMENT_3D('',#10659,#8886,#8887);
#7888=AXIS2_PLACEMENT_3D('',#10660,#8888,#8889);
#7889=AXIS2_PLACEMENT_3D('',#10663,#8891,#8892);
#7890=AXIS2_PLACEMENT_3D('',#10664,#8893,#8894);
#7891=AXIS2_PLACEMENT_3D('',#10667,#8896,#8897);
#7892=AXIS2_PLACEMENT_3D('',#10669,#8899,#8900);
#7893=AXIS2_PLACEMENT_3D('',#10672,#8902,#8903);
#7894=AXIS2_PLACEMENT_3D('',#10675,#8905,#8906);
#7895=AXIS2_PLACEMENT_3D('',#10679,#8909,#8910);
#7896=AXIS2_PLACEMENT_3D('',#10680,#8911,#8912);
#7897=AXIS2_PLACEMENT_3D('',#10683,#8914,#8915);
#7898=AXIS2_PLACEMENT_3D('',#10687,#8918,#8919);
#7899=AXIS2_PLACEMENT_3D('',#10688,#8920,#8921);
#7900=AXIS2_PLACEMENT_3D('',#10691,#8923,#8924);
#7901=AXIS2_PLACEMENT_3D('',#10695,#8927,#8928);
#7902=AXIS2_PLACEMENT_3D('',#10696,#8929,#8930);
#7903=AXIS2_PLACEMENT_3D('',#10699,#8932,#8933);
#7904=AXIS2_PLACEMENT_3D('',#10701,#8935,#8936);
#7905=AXIS2_PLACEMENT_3D('',#10702,#8937,#8938);
#7906=AXIS2_PLACEMENT_3D('',#10705,#8940,#8941);
#7907=AXIS2_PLACEMENT_3D('',#10708,#8943,#8944);
#7908=AXIS2_PLACEMENT_3D('',#10712,#8947,#8948);
#7909=AXIS2_PLACEMENT_3D('',#10713,#8949,#8950);
#7910=AXIS2_PLACEMENT_3D('',#10716,#8952,#8953);
#7911=AXIS2_PLACEMENT_3D('',#10720,#8956,#8957);
#7912=AXIS2_PLACEMENT_3D('',#10721,#8958,#8959);
#7913=AXIS2_PLACEMENT_3D('',#10724,#8961,#8962);
#7914=AXIS2_PLACEMENT_3D('',#10728,#8965,#8966);
#7915=AXIS2_PLACEMENT_3D('',#10729,#8967,#8968);
#7916=AXIS2_PLACEMENT_3D('',#10732,#8970,#8971);
#7917=AXIS2_PLACEMENT_3D('',#10734,#8973,#8974);
#7918=AXIS2_PLACEMENT_3D('',#10735,#8975,#8976);
#7919=AXIS2_PLACEMENT_3D('',#10738,#8978,#8979);
#7920=AXIS2_PLACEMENT_3D('',#10741,#8981,#8982);
#7921=AXIS2_PLACEMENT_3D('',#10745,#8985,#8986);
#7922=AXIS2_PLACEMENT_3D('',#10746,#8987,#8988);
#7923=AXIS2_PLACEMENT_3D('',#10749,#8990,#8991);
#7924=AXIS2_PLACEMENT_3D('',#10753,#8994,#8995);
#7925=AXIS2_PLACEMENT_3D('',#10754,#8996,#8997);
#7926=AXIS2_PLACEMENT_3D('',#10757,#8999,#9000);
#7927=AXIS2_PLACEMENT_3D('',#10761,#9003,#9004);
#7928=AXIS2_PLACEMENT_3D('',#10762,#9005,#9006);
#7929=AXIS2_PLACEMENT_3D('',#10765,#9008,#9009);
#7930=AXIS2_PLACEMENT_3D('',#10767,#9011,#9012);
#7931=AXIS2_PLACEMENT_3D('',#10768,#9013,#9014);
#7932=AXIS2_PLACEMENT_3D('',#10771,#9016,#9017);
#7933=AXIS2_PLACEMENT_3D('',#10774,#9019,#9020);
#7934=AXIS2_PLACEMENT_3D('',#10778,#9023,#9024);
#7935=AXIS2_PLACEMENT_3D('',#10779,#9025,#9026);
#7936=AXIS2_PLACEMENT_3D('',#10782,#9028,#9029);
#7937=AXIS2_PLACEMENT_3D('',#10786,#9032,#9033);
#7938=AXIS2_PLACEMENT_3D('',#10787,#9034,#9035);
#7939=AXIS2_PLACEMENT_3D('',#10790,#9037,#9038);
#7940=AXIS2_PLACEMENT_3D('',#10794,#9041,#9042);
#7941=AXIS2_PLACEMENT_3D('',#10795,#9043,#9044);
#7942=AXIS2_PLACEMENT_3D('',#10798,#9046,#9047);
#7943=AXIS2_PLACEMENT_3D('',#10800,#9049,#9050);
#7944=AXIS2_PLACEMENT_3D('',#10801,#9051,#9052);
#7945=AXIS2_PLACEMENT_3D('',#10802,#9053,#9054);
#7946=AXIS2_PLACEMENT_3D('',#10804,#9055,#9056);
#7947=AXIS2_PLACEMENT_3D('',#10805,#9057,#9058);
#7948=AXIS2_PLACEMENT_3D('',#10806,#9059,#9060);
#7949=AXIS2_PLACEMENT_3D('',#10808,#9061,#9062);
#7950=AXIS2_PLACEMENT_3D('',#10809,#9063,#9064);
#7951=AXIS2_PLACEMENT_3D('',#10811,#9066,#9067);
#7952=AXIS2_PLACEMENT_3D('',#10814,#9069,#9070);
#7953=AXIS2_PLACEMENT_3D('',#10818,#9072,#9073);
#7954=AXIS2_PLACEMENT_3D('',#10821,#9075,#9076);
#7955=AXIS2_PLACEMENT_3D('',#10822,#9077,#9078);
#7956=AXIS2_PLACEMENT_3D('',#10829,#9080,#9081);
#7957=AXIS2_PLACEMENT_3D('',#10831,#9083,#9084);
#7958=AXIS2_PLACEMENT_3D('',#10833,#9086,#9087);
#7959=AXIS2_PLACEMENT_3D('',#10835,#9089,#9090);
#7960=AXIS2_PLACEMENT_3D('',#10836,#9091,#9092);
#7961=AXIS2_PLACEMENT_3D('',#10838,#9094,#9095);
#7962=AXIS2_PLACEMENT_3D('',#10840,#9097,#9098);
#7963=AXIS2_PLACEMENT_3D('',#10842,#9100,#9101);
#7964=AXIS2_PLACEMENT_3D('',#10844,#9103,#9104);
#7965=AXIS2_PLACEMENT_3D('',#10852,#9106,#9107);
#7966=AXIS2_PLACEMENT_3D('',#10853,#9108,#9109);
#7967=AXIS2_PLACEMENT_3D('',#10855,#9111,#9112);
#7968=AXIS2_PLACEMENT_3D('',#10856,#9113,#9114);
#7969=AXIS2_PLACEMENT_3D('',#10860,#9117,#9118);
#7970=AXIS2_PLACEMENT_3D('',#10867,#9120,#9121);
#7971=AXIS2_PLACEMENT_3D('',#10869,#9123,#9124);
#7972=AXIS2_PLACEMENT_3D('',#10871,#9126,#9127);
#7973=AXIS2_PLACEMENT_3D('',#10873,#9129,#9130);
#7974=AXIS2_PLACEMENT_3D('',#10874,#9131,#9132);
#7975=AXIS2_PLACEMENT_3D('',#10876,#9134,#9135);
#7976=AXIS2_PLACEMENT_3D('',#10878,#9137,#9138);
#7977=AXIS2_PLACEMENT_3D('',#10880,#9140,#9141);
#7978=AXIS2_PLACEMENT_3D('',#10882,#9143,#9144);
#7979=AXIS2_PLACEMENT_3D('',#10883,#9145,#9146);
#7980=AXIS2_PLACEMENT_3D('',#10887,#9148,#9149);
#7981=AXIS2_PLACEMENT_3D('',#10889,#9151,#9152);
#7982=AXIS2_PLACEMENT_3D('',#10891,#9154,#9155);
#7983=AXIS2_PLACEMENT_3D('',#10893,#9157,#9158);
#7984=AXIS2_PLACEMENT_3D('',#10899,#9159,#9160);
#7985=AXIS2_PLACEMENT_3D('',#10900,#9161,#9162);
#7986=AXIS2_PLACEMENT_3D('',#10901,#9163,#9164);
#7987=AXIS2_PLACEMENT_3D('',#10902,#9165,#9166);
#7988=AXIS2_PLACEMENT_3D('',#10904,#9168,#9169);
#7989=AXIS2_PLACEMENT_3D('',#10906,#9171,#9172);
#7990=AXIS2_PLACEMENT_3D('',#10907,#9173,#9174);
#7991=AXIS2_PLACEMENT_3D('',#10909,#9176,#9177);
#7992=AXIS2_PLACEMENT_3D('',#10910,#9178,#9179);
#7993=AXIS2_PLACEMENT_3D('',#10912,#9181,#9182);
#7994=AXIS2_PLACEMENT_3D('',#10913,#9183,#9184);
#7995=AXIS2_PLACEMENT_3D('',#10914,#9185,#9186);
#7996=AXIS2_PLACEMENT_3D('',#10915,#9187,#9188);
#7997=AXIS2_PLACEMENT_3D('',#10916,#9189,#9190);
#7998=AXIS2_PLACEMENT_3D('',#10918,#9192,#9193);
#7999=AXIS2_PLACEMENT_3D('',#10920,#9195,#9196);
#8000=AXIS2_PLACEMENT_3D('',#10921,#9197,#9198);
#8001=AXIS2_PLACEMENT_3D('',#10923,#9200,#9201);
#8002=AXIS2_PLACEMENT_3D('',#10924,#9202,#9203);
#8003=AXIS2_PLACEMENT_3D('',#10926,#9205,#9206);
#8004=AXIS2_PLACEMENT_3D('',#10927,#9207,#9208);
#8005=AXIS2_PLACEMENT_3D('',#10928,#9209,#9210);
#8006=AXIS2_PLACEMENT_3D('',#10929,#9211,#9212);
#8007=AXIS2_PLACEMENT_3D('',#10930,#9213,#9214);
#8008=AXIS2_PLACEMENT_3D('',#10933,#9216,#9217);
#8009=AXIS2_PLACEMENT_3D('',#10934,#9218,#9219);
#8010=AXIS2_PLACEMENT_3D('',#10937,#9221,#9222);
#8011=AXIS2_PLACEMENT_3D('',#10943,#9226,#9227);
#8012=AXIS2_PLACEMENT_3D('',#10951,#9231,#9232);
#8013=AXIS2_PLACEMENT_3D('',#10955,#9234,#9235);
#8014=AXIS2_PLACEMENT_3D('',#10963,#9239,#9240);
#8015=AXIS2_PLACEMENT_3D('',#10967,#9242,#9243);
#8016=AXIS2_PLACEMENT_3D('',#10968,#9244,#9245);
#8017=AXIS2_PLACEMENT_3D('',#10972,#9247,#9248);
#8018=AXIS2_PLACEMENT_3D('',#10976,#9250,#9251);
#8019=AXIS2_PLACEMENT_3D('',#10984,#9255,#9256);
#8020=AXIS2_PLACEMENT_3D('',#10988,#9258,#9259);
#8021=AXIS2_PLACEMENT_3D('',#10993,#9262,#9263);
#8022=AXIS2_PLACEMENT_3D('',#10994,#9264,#9265);
#8023=AXIS2_PLACEMENT_3D('',#10996,#9266,#9267);
#8024=AXIS2_PLACEMENT_3D('',#10999,#9269,#9270);
#8025=AXIS2_PLACEMENT_3D('',#11002,#9273,#9274);
#8026=AXIS2_PLACEMENT_3D('',#11003,#9275,#9276);
#8027=AXIS2_PLACEMENT_3D('',#11004,#9277,#9278);
#8028=AXIS2_PLACEMENT_3D('',#11005,#9279,#9280);
#8029=AXIS2_PLACEMENT_3D('',#11007,#9282,#9283);
#8030=AXIS2_PLACEMENT_3D('',#11009,#9285,#9286);
#8031=AXIS2_PLACEMENT_3D('',#11011,#9288,#9289);
#8032=AXIS2_PLACEMENT_3D('',#11013,#9291,#9292);
#8033=AXIS2_PLACEMENT_3D('',#11015,#9294,#9295);
#8034=AXIS2_PLACEMENT_3D('',#11017,#9297,#9298);
#8035=AXIS2_PLACEMENT_3D('',#11019,#9300,#9301);
#8036=AXIS2_PLACEMENT_3D('',#11021,#9303,#9304);
#8037=AXIS2_PLACEMENT_3D('',#11023,#9306,#9307);
#8038=AXIS2_PLACEMENT_3D('',#11025,#9309,#9310);
#8039=AXIS2_PLACEMENT_3D('',#11026,#9311,#9312);
#8040=AXIS2_PLACEMENT_3D('',#11027,#9313,#9314);
#8041=AXIS2_PLACEMENT_3D('',#11032,#9316,#9317);
#8042=AXIS2_PLACEMENT_3D('',#11035,#9319,#9320);
#8043=AXIS2_PLACEMENT_3D('',#11041,#9324,#9325);
#8044=AXIS2_PLACEMENT_3D('',#11047,#9329,#9330);
#8045=AXIS2_PLACEMENT_3D('',#11053,#9334,#9335);
#8046=AXIS2_PLACEMENT_3D('',#11054,#9336,#9337);
#8047=AXIS2_PLACEMENT_3D('',#11058,#9339,#9340);
#8048=AXIS2_PLACEMENT_3D('',#11059,#9341,#9342);
#8049=AXIS2_PLACEMENT_3D('',#11065,#9346,#9347);
#8050=AXIS2_PLACEMENT_3D('',#11071,#9351,#9352);
#8051=AXIS2_PLACEMENT_3D('',#11072,#9353,#9354);
#8052=AXIS2_PLACEMENT_3D('',#11073,#9355,#9356);
#8053=AXIS2_PLACEMENT_3D('',#11074,#9357,#9358);
#8054=AXIS2_PLACEMENT_3D('',#11075,#9359,#9360);
#8055=AXIS2_PLACEMENT_3D('',#11076,#9361,#9362);
#8056=AXIS2_PLACEMENT_3D('',#11077,#9363,#9364);
#8057=AXIS2_PLACEMENT_3D('',#11078,#9365,#9366);
#8058=AXIS2_PLACEMENT_3D('',#11079,#9367,#9368);
#8059=AXIS2_PLACEMENT_3D('',#11080,#9369,#9370);
#8060=AXIS2_PLACEMENT_3D('',#11082,#9371,#9372);
#8061=AXIS2_PLACEMENT_3D('',#11086,#9374,#9375);
#8062=AXIS2_PLACEMENT_3D('',#11094,#9379,#9380);
#8063=AXIS2_PLACEMENT_3D('',#11097,#9382,#9383);
#8064=AXIS2_PLACEMENT_3D('',#11098,#9384,#9385);
#8065=AXIS2_PLACEMENT_3D('',#11102,#9387,#9388);
#8066=AXIS2_PLACEMENT_3D('',#11110,#9392,#9393);
#8067=AXIS2_PLACEMENT_3D('',#11114,#9395,#9396);
#8068=AXIS2_PLACEMENT_3D('',#11115,#9397,#9398);
#8069=AXIS2_PLACEMENT_3D('',#11117,#9400,#9401);
#8070=AXIS2_PLACEMENT_3D('',#11119,#9403,#9404);
#8071=AXIS2_PLACEMENT_3D('',#11121,#9406,#9407);
#8072=AXIS2_PLACEMENT_3D('',#11123,#9409,#9410);
#8073=AXIS2_PLACEMENT_3D('',#11125,#9412,#9413);
#8074=AXIS2_PLACEMENT_3D('',#11127,#9415,#9416);
#8075=AXIS2_PLACEMENT_3D('',#11129,#9418,#9419);
#8076=AXIS2_PLACEMENT_3D('',#11131,#9421,#9422);
#8077=AXIS2_PLACEMENT_3D('',#11132,#9423,#9424);
#8078=AXIS2_PLACEMENT_3D('',#11133,#9425,#9426);
#8079=AXIS2_PLACEMENT_3D('',#11138,#9428,#9429);
#8080=AXIS2_PLACEMENT_3D('',#11141,#9431,#9432);
#8081=AXIS2_PLACEMENT_3D('',#11147,#9436,#9437);
#8082=AXIS2_PLACEMENT_3D('',#11153,#9441,#9442);
#8083=AXIS2_PLACEMENT_3D('',#11159,#9446,#9447);
#8084=AXIS2_PLACEMENT_3D('',#11160,#9448,#9449);
#8085=AXIS2_PLACEMENT_3D('',#11164,#9451,#9452);
#8086=AXIS2_PLACEMENT_3D('',#11165,#9453,#9454);
#8087=AXIS2_PLACEMENT_3D('',#11171,#9458,#9459);
#8088=AXIS2_PLACEMENT_3D('',#11177,#9463,#9464);
#8089=AXIS2_PLACEMENT_3D('',#11178,#9465,#9466);
#8090=AXIS2_PLACEMENT_3D('',#11179,#9467,#9468);
#8091=AXIS2_PLACEMENT_3D('',#11180,#9469,#9470);
#8092=AXIS2_PLACEMENT_3D('',#11181,#9471,#9472);
#8093=AXIS2_PLACEMENT_3D('',#11182,#9473,#9474);
#8094=AXIS2_PLACEMENT_3D('',#11183,#9475,#9476);
#8095=AXIS2_PLACEMENT_3D('',#11184,#9477,#9478);
#8096=AXIS2_PLACEMENT_3D('',#11185,#9479,#9480);
#8097=AXIS2_PLACEMENT_3D('',#11186,#9481,#9482);
#8098=AXIS2_PLACEMENT_3D('',#11190,#9484,#9485);
#8099=AXIS2_PLACEMENT_3D('',#11198,#9489,#9490);
#8100=AXIS2_PLACEMENT_3D('',#11202,#9492,#9493);
#8101=AXIS2_PLACEMENT_3D('',#11203,#9494,#9495);
#8102=AXIS2_PLACEMENT_3D('',#11204,#9496,#9497);
#8103=AXIS2_PLACEMENT_3D('',#11206,#9498,#9499);
#8104=AXIS2_PLACEMENT_3D('',#11210,#9501,#9502);
#8105=AXIS2_PLACEMENT_3D('',#11218,#9506,#9507);
#8106=AXIS2_PLACEMENT_3D('',#11221,#9509,#9510);
#8107=AXIS2_PLACEMENT_3D('',#11223,#9512,#9513);
#8108=AXIS2_PLACEMENT_3D('',#11225,#9515,#9516);
#8109=AXIS2_PLACEMENT_3D('',#11227,#9518,#9519);
#8110=AXIS2_PLACEMENT_3D('',#11229,#9521,#9522);
#8111=AXIS2_PLACEMENT_3D('',#11231,#9524,#9525);
#8112=AXIS2_PLACEMENT_3D('',#11233,#9527,#9528);
#8113=AXIS2_PLACEMENT_3D('',#11235,#9530,#9531);
#8114=AXIS2_PLACEMENT_3D('',#11237,#9533,#9534);
#8115=AXIS2_PLACEMENT_3D('',#11238,#9535,#9536);
#8116=AXIS2_PLACEMENT_3D('',#11239,#9537,#9538);
#8117=AXIS2_PLACEMENT_3D('',#11244,#9540,#9541);
#8118=AXIS2_PLACEMENT_3D('',#11247,#9543,#9544);
#8119=AXIS2_PLACEMENT_3D('',#11253,#9548,#9549);
#8120=AXIS2_PLACEMENT_3D('',#11259,#9553,#9554);
#8121=AXIS2_PLACEMENT_3D('',#11265,#9558,#9559);
#8122=AXIS2_PLACEMENT_3D('',#11266,#9560,#9561);
#8123=AXIS2_PLACEMENT_3D('',#11270,#9563,#9564);
#8124=AXIS2_PLACEMENT_3D('',#11271,#9565,#9566);
#8125=AXIS2_PLACEMENT_3D('',#11277,#9570,#9571);
#8126=AXIS2_PLACEMENT_3D('',#11283,#9575,#9576);
#8127=AXIS2_PLACEMENT_3D('',#11284,#9577,#9578);
#8128=AXIS2_PLACEMENT_3D('',#11285,#9579,#9580);
#8129=AXIS2_PLACEMENT_3D('',#11286,#9581,#9582);
#8130=AXIS2_PLACEMENT_3D('',#11287,#9583,#9584);
#8131=AXIS2_PLACEMENT_3D('',#11288,#9585,#9586);
#8132=AXIS2_PLACEMENT_3D('',#11289,#9587,#9588);
#8133=AXIS2_PLACEMENT_3D('',#11290,#9589,#9590);
#8134=AXIS2_PLACEMENT_3D('',#11291,#9591,#9592);
#8135=AXIS2_PLACEMENT_3D('',#11292,#9593,#9594);
#8136=AXIS2_PLACEMENT_3D('',#11296,#9596,#9597);
#8137=AXIS2_PLACEMENT_3D('',#11304,#9601,#9602);
#8138=AXIS2_PLACEMENT_3D('',#11308,#9604,#9605);
#8139=AXIS2_PLACEMENT_3D('',#11309,#9606,#9607);
#8140=AXIS2_PLACEMENT_3D('',#11310,#9608,#9609);
#8141=AXIS2_PLACEMENT_3D('',#11312,#9610,#9611);
#8142=AXIS2_PLACEMENT_3D('',#11316,#9613,#9614);
#8143=AXIS2_PLACEMENT_3D('',#11324,#9618,#9619);
#8144=AXIS2_PLACEMENT_3D('',#11327,#9621,#9622);
#8145=AXIS2_PLACEMENT_3D('',#11329,#9624,#9625);
#8146=AXIS2_PLACEMENT_3D('',#11331,#9627,#9628);
#8147=AXIS2_PLACEMENT_3D('',#11333,#9630,#9631);
#8148=AXIS2_PLACEMENT_3D('',#11335,#9633,#9634);
#8149=AXIS2_PLACEMENT_3D('',#11337,#9636,#9637);
#8150=AXIS2_PLACEMENT_3D('',#11339,#9639,#9640);
#8151=AXIS2_PLACEMENT_3D('',#11341,#9642,#9643);
#8152=AXIS2_PLACEMENT_3D('',#11343,#9645,#9646);
#8153=AXIS2_PLACEMENT_3D('',#11344,#9647,#9648);
#8154=AXIS2_PLACEMENT_3D('',#11345,#9649,#9650);
#8155=AXIS2_PLACEMENT_3D('',#11354,#9655,#9656);
#8156=AXIS2_PLACEMENT_3D('',#11363,#9661,#9662);
#8157=AXIS2_PLACEMENT_3D('',#11369,#9666,#9667);
#8158=AXIS2_PLACEMENT_3D('',#11375,#9671,#9672);
#8159=AXIS2_PLACEMENT_3D('',#11380,#9676,#9677);
#8160=AXIS2_PLACEMENT_3D('',#11392,#9684,#9685);
#8161=AXIS2_PLACEMENT_3D('',#11400,#9690,#9691);
#8162=AXIS2_PLACEMENT_3D('',#11406,#9695,#9696);
#8163=AXIS2_PLACEMENT_3D('',#11412,#9700,#9701);
#8164=AXIS2_PLACEMENT_3D('',#11418,#9705,#9706);
#8165=AXIS2_PLACEMENT_3D('',#11426,#9711,#9712);
#8166=AXIS2_PLACEMENT_3D('',#11432,#9716,#9717);
#8167=AXIS2_PLACEMENT_3D('',#11440,#9722,#9723);
#8168=AXIS2_PLACEMENT_3D('',#11446,#9727,#9728);
#8169=AXIS2_PLACEMENT_3D('',#11454,#9733,#9734);
#8170=AXIS2_PLACEMENT_3D('',#11460,#9738,#9739);
#8171=AXIS2_PLACEMENT_3D('',#11468,#9744,#9745);
#8172=AXIS2_PLACEMENT_3D('',#11474,#9749,#9750);
#8173=AXIS2_PLACEMENT_3D('',#11482,#9755,#9756);
#8174=AXIS2_PLACEMENT_3D('',#11488,#9760,#9761);
#8175=AXIS2_PLACEMENT_3D('',#11493,#9765,#9766);
#8176=AXIS2_PLACEMENT_3D('',#11494,#9767,#9768);
#8177=AXIS2_PLACEMENT_3D('',#11505,#9776,#9777);
#8178=AXIS2_PLACEMENT_3D('',#11506,#9778,#9779);
#8179=AXIS2_PLACEMENT_3D('',#11507,#9780,#9781);
#8180=AXIS2_PLACEMENT_3D('',#11508,#9782,#9783);
#8181=AXIS2_PLACEMENT_3D('',#11510,#9785,#9786);
#8182=AXIS2_PLACEMENT_3D('',#11516,#9790,#9791);
#8183=AXIS2_PLACEMENT_3D('',#11522,#9795,#9796);
#8184=AXIS2_PLACEMENT_3D('',#11528,#9800,#9801);
#8185=AXIS2_PLACEMENT_3D('',#11531,#9804,#9805);
#8186=AXIS2_PLACEMENT_3D('',#11532,#9806,#9807);
#8187=AXIS2_PLACEMENT_3D('',#11533,#9808,#9809);
#8188=DIRECTION('',(0.,0.,1.));
#8189=DIRECTION('',(1.,0.,0.));
#8190=DIRECTION('',(1.,0.,0.));
#8191=DIRECTION('',(0.,0.,-1.));
#8192=DIRECTION('',(0.,0.,-1.));
#8193=DIRECTION('',(1.,0.,0.));
#8194=DIRECTION('',(0.,0.,-1.));
#8195=DIRECTION('',(0.,0.,-1.));
#8196=DIRECTION('',(0.,-1.,0.));
#8197=DIRECTION('',(1.,0.,0.));
#8198=DIRECTION('',(0.,0.,-1.));
#8199=DIRECTION('',(0.,0.,-1.));
#8200=DIRECTION('',(1.,0.,0.));
#8201=DIRECTION('',(0.,0.,-1.));
#8202=DIRECTION('',(0.,0.,-1.));
#8203=DIRECTION('',(0.,1.,0.));
#8204=DIRECTION('',(-1.,0.,0.));
#8205=DIRECTION('',(0.,0.,1.));
#8206=DIRECTION('',(0.,0.,-1.));
#8207=DIRECTION('',(1.,0.,0.));
#8208=DIRECTION('',(0.,0.,-1.));
#8209=DIRECTION('',(0.,0.,-1.));
#8210=DIRECTION('',(0.,1.,0.));
#8211=DIRECTION('',(-1.,0.,0.));
#8212=DIRECTION('',(0.,0.,1.));
#8213=DIRECTION('',(0.,0.,-1.));
#8214=DIRECTION('',(1.,0.,0.));
#8215=DIRECTION('',(0.,0.,-1.));
#8216=DIRECTION('',(0.,0.,-1.));
#8217=DIRECTION('',(0.,-1.,0.));
#8218=DIRECTION('',(0.,-1.,0.));
#8219=DIRECTION('',(0.,0.,-1.));
#8220=DIRECTION('',(-1.,0.,0.));
#8221=DIRECTION('',(-1.,0.,0.));
#8222=DIRECTION('',(1.,0.,0.));
#8223=DIRECTION('',(0.,0.,-1.));
#8224=DIRECTION('',(0.,0.,-1.));
#8225=DIRECTION('',(1.,0.,0.));
#8226=DIRECTION('',(0.,0.,-1.));
#8227=DIRECTION('',(0.,0.,-1.));
#8228=DIRECTION('',(0.,-1.,0.));
#8229=DIRECTION('',(1.,0.,0.));
#8230=DIRECTION('',(0.,0.,-1.));
#8231=DIRECTION('',(0.,0.,-1.));
#8232=DIRECTION('',(1.,0.,0.));
#8233=DIRECTION('',(0.,0.,-1.));
#8234=DIRECTION('',(0.,0.,-1.));
#8235=DIRECTION('',(0.,1.,0.));
#8236=DIRECTION('',(-1.,0.,0.));
#8237=DIRECTION('',(0.,0.,1.));
#8238=DIRECTION('',(0.,0.,-1.));
#8239=DIRECTION('',(1.,0.,0.));
#8240=DIRECTION('',(0.,0.,-1.));
#8241=DIRECTION('',(0.,0.,-1.));
#8242=DIRECTION('',(0.,1.,0.));
#8243=DIRECTION('',(-1.,0.,0.));
#8244=DIRECTION('',(0.,0.,1.));
#8245=DIRECTION('',(0.,0.,-1.));
#8246=DIRECTION('',(1.,0.,0.));
#8247=DIRECTION('',(0.,0.,-1.));
#8248=DIRECTION('',(0.,0.,-1.));
#8249=DIRECTION('',(0.,-1.,0.));
#8250=DIRECTION('',(0.,-1.,0.));
#8251=DIRECTION('',(0.,0.,-1.));
#8252=DIRECTION('',(-1.,0.,0.));
#8253=DIRECTION('',(-1.,0.,0.));
#8254=DIRECTION('',(1.,0.,0.));
#8255=DIRECTION('',(0.,0.,-1.));
#8256=DIRECTION('',(1.,0.,0.));
#8257=DIRECTION('',(0.,0.,-1.));
#8258=DIRECTION('',(0.,0.,-1.));
#8259=DIRECTION('',(0.,-1.,0.));
#8260=DIRECTION('',(0.,0.,-1.));
#8261=DIRECTION('',(-1.,0.,0.));
#8262=DIRECTION('',(0.,0.,1.));
#8263=DIRECTION('',(1.,0.,0.));
#8264=DIRECTION('',(0.,0.,-1.));
#8265=DIRECTION('',(0.,0.,-1.));
#8266=DIRECTION('',(0.,1.,0.));
#8267=DIRECTION('',(0.,0.,-1.));
#8268=DIRECTION('',(0.,-1.,0.));
#8269=DIRECTION('',(0.,0.,-1.));
#8270=DIRECTION('',(1.,0.,0.));
#8271=DIRECTION('',(-1.,0.,0.));
#8272=DIRECTION('',(1.,0.,0.));
#8273=DIRECTION('',(0.,0.,-1.));
#8274=DIRECTION('',(0.,1.,0.));
#8275=DIRECTION('',(0.,0.,-1.));
#8276=DIRECTION('',(0.,1.,0.));
#8277=DIRECTION('',(0.,0.,1.));
#8278=DIRECTION('',(0.,-1.,0.));
#8279=DIRECTION('',(0.,0.,-1.));
#8280=DIRECTION('',(0.,1.,0.));
#8281=DIRECTION('',(1.,0.,0.));
#8282=DIRECTION('',(0.,0.,-1.));
#8283=DIRECTION('',(0.,0.,1.));
#8284=DIRECTION('',(0.,-1.,0.));
#8285=DIRECTION('',(1.,0.,0.));
#8286=DIRECTION('',(0.,0.,-1.));
#8287=DIRECTION('',(0.,0.,-1.));
#8288=DIRECTION('',(1.,0.,0.));
#8289=DIRECTION('',(0.,0.,-1.));
#8290=DIRECTION('',(0.,1.,0.));
#8291=DIRECTION('',(0.,0.,1.));
#8292=DIRECTION('',(1.,0.,0.));
#8293=DIRECTION('',(0.,0.,-1.));
#8294=DIRECTION('',(0.,-1.,0.));
#8295=DIRECTION('',(0.,0.,-1.));
#8296=DIRECTION('',(0.,1.,0.));
#8297=DIRECTION('',(0.,0.,1.));
#8298=DIRECTION('',(0.,0.,1.));
#8299=DIRECTION('',(1.,0.,0.));
#8300=DIRECTION('',(0.,0.,1.));
#8301=DIRECTION('',(1.,0.,0.));
#8302=DIRECTION('',(0.,1.,0.));
#8303=DIRECTION('',(-0.345707660946943,-0.938342268664581,0.));
#8304=DIRECTION('',(0.,-1.,0.));
#8305=DIRECTION('',(-1.,0.,0.));
#8306=DIRECTION('',(0.,1.,0.));
#8307=DIRECTION('',(0.,0.,-1.));
#8308=DIRECTION('',(-1.,0.,0.));
#8309=DIRECTION('',(0.,0.,-1.));
#8310=DIRECTION('',(-1.,0.,0.));
#8311=DIRECTION('',(0.,1.,0.));
#8312=DIRECTION('',(1.,0.,0.));
#8313=DIRECTION('',(0.,1.,0.));
#8314=DIRECTION('',(0.345707660946943,0.938342268664581,0.));
#8315=DIRECTION('',(0.,1.,0.));
#8316=DIRECTION('',(0.,1.,0.));
#8317=DIRECTION('',(0.,0.,1.));
#8318=DIRECTION('',(0.,1.,0.));
#8319=DIRECTION('',(1.,0.,0.));
#8320=DIRECTION('',(0.,0.,-1.));
#8321=DIRECTION('',(0.,1.,0.));
#8322=DIRECTION('',(1.,0.,0.));
#8323=DIRECTION('',(1.,0.,0.));
#8324=DIRECTION('',(0.,1.,0.));
#8325=DIRECTION('',(1.,0.,0.));
#8326=DIRECTION('',(0.,0.,1.));
#8327=DIRECTION('',(1.,0.,0.));
#8328=DIRECTION('',(0.,0.,-1.));
#8329=DIRECTION('',(0.,1.,0.));
#8330=DIRECTION('',(1.,0.,0.));
#8331=DIRECTION('',(1.,0.,0.));
#8332=DIRECTION('',(0.,1.,0.));
#8333=DIRECTION('',(1.,0.,0.));
#8334=DIRECTION('',(0.,0.,-1.));
#8335=DIRECTION('',(0.,1.,0.));
#8336=DIRECTION('',(1.,0.,0.));
#8337=DIRECTION('',(-1.,0.,0.));
#8338=DIRECTION('',(0.,1.,0.));
#8339=DIRECTION('',(1.,0.,0.));
#8340=DIRECTION('',(-5.78241158658921E-15,0.,-1.));
#8341=DIRECTION('',(-1.,0.,0.));
#8342=DIRECTION('',(6.50521303491311E-15,0.,1.));
#8343=DIRECTION('',(0.,1.,0.));
#8344=DIRECTION('',(1.,0.,0.));
#8345=DIRECTION('',(-1.,0.,0.));
#8346=DIRECTION('',(0.,1.,0.));
#8347=DIRECTION('',(1.,0.,0.));
#8348=DIRECTION('',(-1.,0.,0.));
#8349=DIRECTION('',(0.,0.,1.));
#8350=DIRECTION('',(-1.,0.,0.));
#8351=DIRECTION('',(-1.,0.,0.));
#8352=DIRECTION('',(0.,0.,1.));
#8353=DIRECTION('',(0.,1.,0.));
#8354=DIRECTION('',(1.,0.,0.));
#8355=DIRECTION('',(0.,0.,-1.));
#8356=DIRECTION('',(0.,0.,-1.));
#8357=DIRECTION('',(1.,0.,0.));
#8358=DIRECTION('',(0.,0.,-1.));
#8359=DIRECTION('',(0.,1.,0.));
#8360=DIRECTION('',(0.,0.,1.));
#8361=DIRECTION('',(0.,-1.,0.));
#8362=DIRECTION('',(0.,-0.976220395964215,0.216780392340893));
#8363=DIRECTION('',(0.,0.,1.));
#8364=DIRECTION('',(0.,0.976220395964215,0.216780392340893));
#8365=DIRECTION('',(0.,1.,0.));
#8366=DIRECTION('',(0.,0.,1.));
#8367=DIRECTION('',(-1.,0.,0.));
#8368=DIRECTION('',(0.,0.,1.));
#8369=DIRECTION('',(0.,1.,0.));
#8370=DIRECTION('',(0.,0.,1.));
#8371=DIRECTION('',(1.,0.,0.));
#8372=DIRECTION('',(0.,0.,-1.));
#8373=DIRECTION('',(0.,0.,1.));
#8374=DIRECTION('',(0.,1.,0.));
#8375=DIRECTION('',(0.,0.,-1.));
#8376=DIRECTION('',(0.,1.,0.));
#8377=DIRECTION('',(0.,0.,1.));
#8378=DIRECTION('',(0.,1.,0.));
#8379=DIRECTION('',(1.,0.,0.));
#8380=DIRECTION('',(0.,1.,0.));
#8381=DIRECTION('',(1.,0.,0.));
#8382=DIRECTION('',(0.,0.,-1.));
#8383=DIRECTION('',(-1.,0.,0.));
#8384=DIRECTION('',(0.,0.,1.));
#8385=DIRECTION('',(-1.,0.,0.));
#8386=DIRECTION('',(0.,0.,-1.));
#8387=DIRECTION('',(-1.,0.,0.));
#8388=DIRECTION('',(0.,0.,1.));
#8389=DIRECTION('',(-1.,0.,0.));
#8390=DIRECTION('',(0.,1.,0.));
#8391=DIRECTION('',(1.,0.,0.));
#8392=DIRECTION('',(-1.,0.,0.));
#8393=DIRECTION('',(0.,1.,0.));
#8394=DIRECTION('',(1.,0.,0.));
#8395=DIRECTION('',(0.,0.,1.));
#8396=DIRECTION('',(-1.,0.,0.));
#8397=DIRECTION('',(0.,0.,-1.));
#8398=DIRECTION('',(-1.,0.,0.));
#8399=DIRECTION('',(0.,0.,1.));
#8400=DIRECTION('',(0.,1.,0.));
#8401=DIRECTION('',(1.,0.,0.));
#8402=DIRECTION('',(0.,1.,0.));
#8403=DIRECTION('',(1.,0.,0.));
#8404=DIRECTION('',(-1.,0.,0.));
#8405=DIRECTION('',(0.,0.,-1.));
#8406=DIRECTION('',(1.,0.,0.));
#8407=DIRECTION('',(0.,1.,0.));
#8408=DIRECTION('',(1.,0.,0.));
#8409=DIRECTION('',(0.,1.,0.));
#8410=DIRECTION('',(1.,0.,0.));
#8411=DIRECTION('',(0.,0.,1.));
#8412=DIRECTION('',(-1.,0.,0.));
#8413=DIRECTION('',(0.,0.,-1.));
#8414=DIRECTION('',(1.,0.,0.));
#8415=DIRECTION('',(0.,0.,-1.));
#8416=DIRECTION('',(1.,0.,0.));
#8417=DIRECTION('',(0.,0.,-1.));
#8418=DIRECTION('',(1.,0.,0.));
#8419=DIRECTION('',(0.,0.,1.));
#8420=DIRECTION('',(-1.,0.,0.));
#8421=DIRECTION('',(0.,0.,-1.));
#8422=DIRECTION('',(0.,1.,0.));
#8423=DIRECTION('',(1.,0.,0.));
#8424=DIRECTION('',(0.,1.,0.));
#8425=DIRECTION('',(1.,0.,0.));
#8426=DIRECTION('',(0.,0.,-1.));
#8427=DIRECTION('',(-8.67361737988403E-16,-1.,0.));
#8428=DIRECTION('',(1.,-8.67361737988403E-16,0.));
#8429=DIRECTION('',(0.,0.,-1.));
#8430=DIRECTION('',(1.,-8.67361737988403E-16,0.));
#8431=DIRECTION('',(0.,0.,-1.));
#8432=DIRECTION('',(-1.,8.67361737988403E-16,0.));
#8433=DIRECTION('',(-8.67361737988403E-16,-1.,0.));
#8434=DIRECTION('',(1.,-8.67361737988403E-16,0.));
#8435=DIRECTION('',(-1.,8.67361737988403E-16,0.));
#8436=DIRECTION('',(0.,0.,-1.));
#8437=DIRECTION('',(-1.,8.67361737988403E-16,0.));
#8438=DIRECTION('',(0.,0.,-1.));
#8439=DIRECTION('',(-1.,0.,0.));
#8440=DIRECTION('',(1.,0.,0.));
#8441=DIRECTION('',(0.,1.,0.));
#8442=DIRECTION('',(0.345707660946943,-0.938342268664581,0.));
#8443=DIRECTION('',(0.,1.,0.));
#8444=DIRECTION('',(-1.,0.,0.));
#8445=DIRECTION('',(0.,1.,0.));
#8446=DIRECTION('',(1.,0.,0.));
#8447=DIRECTION('',(0.,0.,1.));
#8448=DIRECTION('',(1.,0.,0.));
#8449=DIRECTION('',(1.,0.,0.));
#8450=DIRECTION('',(-1.,0.,0.));
#8451=DIRECTION('',(0.,-1.,0.));
#8452=DIRECTION('',(-1.,0.,0.));
#8453=DIRECTION('',(0.,-1.,0.));
#8454=DIRECTION('',(-0.345707660946943,0.938342268664581,0.));
#8455=DIRECTION('',(0.,-1.,0.));
#8456=DIRECTION('',(1.,0.,0.));
#8457=DIRECTION('',(0.,0.,-1.));
#8458=DIRECTION('',(1.,0.,0.));
#8459=DIRECTION('',(0.,0.,-1.));
#8460=DIRECTION('',(0.,-1.,0.));
#8461=DIRECTION('',(0.,0.,-1.));
#8462=DIRECTION('',(0.,-1.,0.));
#8463=DIRECTION('',(0.,-0.976220395964215,-0.216780392340893));
#8464=DIRECTION('',(0.,0.,-1.));
#8465=DIRECTION('',(0.,0.976220395964215,-0.216780392340893));
#8466=DIRECTION('',(0.,1.,0.));
#8467=DIRECTION('',(0.,0.,-1.));
#8468=DIRECTION('',(0.,-1.,0.));
#8469=DIRECTION('',(1.,0.,0.));
#8470=DIRECTION('',(0.,0.,-1.));
#8471=DIRECTION('',(0.,0.,-1.));
#8472=DIRECTION('',(1.,0.,0.));
#8473=DIRECTION('',(0.,0.,-1.));
#8474=DIRECTION('',(0.,0.,1.));
#8475=DIRECTION('',(1.,0.,0.));
#8476=DIRECTION('',(0.,0.,-1.));
#8477=DIRECTION('',(0.,0.,1.));
#8478=DIRECTION('',(0.,0.,-1.));
#8479=DIRECTION('',(0.,-1.,0.));
#8480=DIRECTION('',(0.,-1.,0.));
#8481=DIRECTION('',(0.,0.,-1.));
#8482=DIRECTION('',(-1.,0.,0.));
#8483=DIRECTION('',(0.,0.,1.));
#8484=DIRECTION('',(0.,0.,1.));
#8485=DIRECTION('',(-1.,0.,0.));
#8486=DIRECTION('',(0.,0.,1.));
#8487=DIRECTION('',(1.,0.,0.));
#8488=DIRECTION('',(0.,0.,-1.));
#8489=DIRECTION('',(1.,0.,0.));
#8490=DIRECTION('',(0.,0.,-1.));
#8491=DIRECTION('',(1.,0.,0.));
#8492=DIRECTION('',(0.,0.,-1.));
#8493=DIRECTION('',(0.,0.,1.));
#8494=DIRECTION('',(0.,0.,1.));
#8495=DIRECTION('',(0.,0.,-1.));
#8496=DIRECTION('',(-1.,0.,0.));
#8497=DIRECTION('',(0.,0.,1.));
#8498=DIRECTION('',(1.,0.,0.));
#8499=DIRECTION('',(0.,0.,1.));
#8500=DIRECTION('',(-1.,0.,0.));
#8501=DIRECTION('',(0.,0.,1.));
#8502=DIRECTION('',(0.,-1.,0.));
#8503=DIRECTION('',(0.,0.,-1.));
#8504=DIRECTION('',(-1.,0.,0.));
#8505=DIRECTION('',(0.,-1.,0.));
#8506=DIRECTION('',(0.,0.,-1.));
#8507=DIRECTION('',(-1.,0.,0.));
#8508=DIRECTION('',(0.,1.,0.));
#8509=DIRECTION('',(1.,0.,0.));
#8510=DIRECTION('',(0.,0.,1.));
#8511=DIRECTION('',(-1.,0.,0.));
#8512=DIRECTION('',(0.,0.,-1.));
#8513=DIRECTION('',(1.,-1.86931409049225E-17,0.));
#8514=DIRECTION('',(-5.78241158658921E-15,0.,-1.));
#8515=DIRECTION('',(0.,1.,0.));
#8516=DIRECTION('',(1.,0.,0.));
#8517=DIRECTION('',(0.,0.,-1.));
#8518=DIRECTION('',(-1.,0.,0.));
#8519=DIRECTION('',(0.,0.,-1.));
#8520=DIRECTION('',(-1.,0.,0.));
#8521=DIRECTION('',(0.,0.,-1.));
#8522=DIRECTION('',(-1.,0.,0.));
#8523=DIRECTION('',(0.,1.,0.));
#8524=DIRECTION('',(0.,0.,-1.));
#8525=DIRECTION('',(-1.,0.,0.));
#8526=DIRECTION('',(0.,0.,-1.));
#8527=DIRECTION('',(-1.,0.,0.));
#8528=DIRECTION('',(0.,-1.,0.));
#8529=DIRECTION('',(-1.,0.,0.));
#8530=DIRECTION('',(1.,0.,0.));
#8531=DIRECTION('',(1.,0.,0.));
#8532=DIRECTION('',(0.345707660946943,-0.938342268664581,0.));
#8533=DIRECTION('',(-1.,0.,0.));
#8534=DIRECTION('',(0.,1.,0.));
#8535=DIRECTION('',(1.,-1.86931409049225E-17,0.));
#8536=DIRECTION('',(0.,1.,0.));
#8537=DIRECTION('',(0.,1.,0.));
#8538=DIRECTION('',(1.,-1.86931409049225E-17,0.));
#8539=DIRECTION('',(0.,-1.,0.));
#8540=DIRECTION('',(-1.,0.,0.));
#8541=DIRECTION('',(0.345707660946943,0.938342268664581,0.));
#8542=DIRECTION('',(0.,-1.,0.));
#8543=DIRECTION('',(0.,1.,0.));
#8544=DIRECTION('',(-1.,0.,0.));
#8545=DIRECTION('',(0.,-1.,0.));
#8546=DIRECTION('',(-1.,0.,0.));
#8547=DIRECTION('',(-1.,0.,0.));
#8548=DIRECTION('',(-1.,0.,0.));
#8549=DIRECTION('',(-1.,0.,0.));
#8550=DIRECTION('',(0.,1.,0.));
#8551=DIRECTION('',(0.,0.,1.));
#8552=DIRECTION('',(0.,0.,-1.));
#8553=DIRECTION('',(-1.,0.,0.));
#8554=DIRECTION('',(0.,0.,-1.));
#8555=DIRECTION('',(0.,1.,0.));
#8556=DIRECTION('',(0.,0.,1.));
#8557=DIRECTION('',(0.,0.,-1.));
#8558=DIRECTION('',(-1.,0.,0.));
#8559=DIRECTION('',(0.,1.,0.));
#8560=DIRECTION('',(0.,0.,1.));
#8561=DIRECTION('',(0.,0.,-1.));
#8562=DIRECTION('',(-1.,0.,0.));
#8563=DIRECTION('',(0.,0.,-1.));
#8564=DIRECTION('',(-1.,0.,0.));
#8565=DIRECTION('',(0.,0.,-1.));
#8566=DIRECTION('',(0.,1.,0.));
#8567=DIRECTION('',(0.,0.,1.));
#8568=DIRECTION('',(0.,0.,-1.));
#8569=DIRECTION('',(0.,0.,-1.));
#8570=DIRECTION('',(-1.,0.,0.));
#8571=DIRECTION('',(-1.,0.,0.));
#8572=DIRECTION('',(0.,0.,1.));
#8573=DIRECTION('',(1.,0.,0.));
#8574=DIRECTION('',(0.,1.,0.));
#8575=DIRECTION('',(1.,0.,0.));
#8576=DIRECTION('',(-1.,0.,0.));
#8577=DIRECTION('',(1.,0.,0.));
#8578=DIRECTION('',(-1.,0.,0.));
#8579=DIRECTION('',(-1.,0.,0.));
#8580=DIRECTION('',(0.,1.,0.));
#8581=DIRECTION('',(-1.,0.,0.));
#8582=DIRECTION('',(0.,1.,0.));
#8583=DIRECTION('',(0.345707660946943,0.938342268664581,0.));
#8584=DIRECTION('',(-1.,0.,0.));
#8585=DIRECTION('',(0.233445363855905,-0.972369920397677,0.));
#8586=DIRECTION('',(0.,0.,1.));
#8587=DIRECTION('',(1.,0.,0.));
#8588=DIRECTION('',(0.,0.,1.));
#8589=DIRECTION('',(1.,0.,0.));
#8590=DIRECTION('',(0.,1.,0.));
#8591=DIRECTION('',(0.,0.,1.));
#8592=DIRECTION('',(1.,0.,0.));
#8593=DIRECTION('',(1.,-1.86931409049225E-17,0.));
#8594=DIRECTION('',(0.,1.,0.));
#8595=DIRECTION('',(0.,1.,0.));
#8596=DIRECTION('',(0.,1.,0.));
#8597=DIRECTION('',(-1.,0.,0.));
#8598=DIRECTION('',(0.345707660946943,-0.938342268664581,0.));
#8599=DIRECTION('',(-1.,0.,0.));
#8600=DIRECTION('',(0.,-1.,0.));
#8601=DIRECTION('',(1.,0.,0.));
#8602=DIRECTION('',(1.,0.,0.));
#8603=DIRECTION('',(0.,-1.,0.));
#8604=DIRECTION('',(1.,0.,0.));
#8605=DIRECTION('',(0.,1.,0.));
#8606=DIRECTION('',(0.,0.,1.));
#8607=DIRECTION('',(0.,0.,-1.));
#8608=DIRECTION('',(-1.,0.,0.));
#8609=DIRECTION('',(0.,0.,-1.));
#8610=DIRECTION('',(0.,1.,0.));
#8611=DIRECTION('',(0.,0.,1.));
#8612=DIRECTION('',(0.,0.,-1.));
#8613=DIRECTION('',(-1.,0.,0.));
#8614=DIRECTION('',(0.,0.,-1.));
#8615=DIRECTION('',(0.,1.,0.));
#8616=DIRECTION('',(0.,0.,1.));
#8617=DIRECTION('',(-1.,0.,0.));
#8618=DIRECTION('',(0.,0.,-1.));
#8619=DIRECTION('',(0.,1.,0.));
#8620=DIRECTION('',(0.,0.,1.));
#8621=DIRECTION('',(0.,0.,-1.));
#8622=DIRECTION('',(-1.,0.,0.));
#8623=DIRECTION('',(0.,0.,1.));
#8624=DIRECTION('',(1.,0.,0.));
#8625=DIRECTION('',(0.,1.,0.));
#8626=DIRECTION('',(-1.,0.,0.));
#8627=DIRECTION('',(-0.345707660946943,-0.938342268664581,0.));
#8628=DIRECTION('',(-1.,0.,0.));
#8629=DIRECTION('',(0.,-1.,0.));
#8630=DIRECTION('',(0.,0.,-1.));
#8631=DIRECTION('',(0.,0.,1.));
#8632=DIRECTION('',(0.,0.,-1.));
#8633=DIRECTION('',(0.,-1.,0.));
#8634=DIRECTION('',(0.,0.,-1.));
#8635=DIRECTION('',(0.,1.,0.));
#8636=DIRECTION('',(1.,0.,0.));
#8637=DIRECTION('',(-1.,0.,0.));
#8638=DIRECTION('',(0.,0.,-1.));
#8639=DIRECTION('',(-1.,0.,0.));
#8640=DIRECTION('',(0.,0.,-1.));
#8641=DIRECTION('',(0.,0.,1.));
#8642=DIRECTION('',(1.,0.,0.));
#8643=DIRECTION('',(0.233445363855905,-0.972369920397677,0.));
#8644=DIRECTION('',(0.,-1.,0.));
#8645=DIRECTION('',(0.,0.,1.));
#8646=DIRECTION('',(1.,0.,0.));
#8647=DIRECTION('',(0.,-1.,0.));
#8648=DIRECTION('',(0.,0.,-1.));
#8649=DIRECTION('',(1.,0.,0.));
#8650=DIRECTION('',(0.,1.,0.));
#8651=DIRECTION('',(1.,0.,0.));
#8652=DIRECTION('',(0.,0.,-1.));
#8653=DIRECTION('',(0.,0.,-1.));
#8654=DIRECTION('',(0.,0.,1.));
#8655=DIRECTION('',(0.,1.,0.));
#8656=DIRECTION('',(1.,0.,0.));
#8657=DIRECTION('',(0.,0.,-1.));
#8658=DIRECTION('',(-1.,0.,0.));
#8659=DIRECTION('',(0.,0.,-1.));
#8660=DIRECTION('',(-1.,0.,0.));
#8661=DIRECTION('',(0.,1.,0.));
#8662=DIRECTION('',(0.,0.,-1.));
#8663=DIRECTION('',(-1.,0.,0.));
#8664=DIRECTION('',(0.,-1.,0.));
#8665=DIRECTION('',(0.,-1.,0.));
#8666=DIRECTION('',(0.,0.,-1.));
#8667=DIRECTION('',(0.,1.,0.));
#8668=DIRECTION('',(1.,0.,0.));
#8669=DIRECTION('',(6.50521303491311E-15,0.,1.));
#8670=DIRECTION('',(0.,0.,1.));
#8671=DIRECTION('',(0.,0.,-1.));
#8672=DIRECTION('',(-1.,0.,0.));
#8673=DIRECTION('',(0.,1.,0.));
#8674=DIRECTION('',(-1.,0.,0.));
#8675=DIRECTION('',(0.,-1.,0.));
#8676=DIRECTION('',(0.,-1.,0.));
#8677=DIRECTION('',(0.345707660946943,0.938342268664581,0.));
#8678=DIRECTION('',(0.,0.,1.));
#8679=DIRECTION('',(1.,0.,0.));
#8680=DIRECTION('',(0.,1.,0.));
#8681=DIRECTION('',(-1.,0.,0.));
#8682=DIRECTION('',(0.,-1.,0.));
#8683=DIRECTION('',(-0.345707660946943,-0.938342268664581,0.));
#8684=DIRECTION('',(0.,1.,0.));
#8685=DIRECTION('',(0.,-1.,0.));
#8686=DIRECTION('',(0.,-1.,0.));
#8687=DIRECTION('',(0.,0.,-1.));
#8688=DIRECTION('',(0.,1.,0.));
#8689=DIRECTION('',(1.,0.,0.));
#8690=DIRECTION('',(0.,0.,-1.));
#8691=DIRECTION('',(0.,0.,-1.));
#8692=DIRECTION('',(-1.,0.,0.));
#8693=DIRECTION('',(0.,0.,1.));
#8694=DIRECTION('',(0.,1.,0.));
#8695=DIRECTION('',(1.,0.,0.));
#8696=DIRECTION('',(1.,0.,0.));
#8697=DIRECTION('',(0.,0.,-1.));
#8698=DIRECTION('',(-1.,0.,0.));
#8699=DIRECTION('',(-1.,0.,0.));
#8700=DIRECTION('',(1.,0.,0.));
#8701=DIRECTION('',(1.,0.,0.));
#8702=DIRECTION('',(1.,0.,0.));
#8703=DIRECTION('',(0.,0.216780392340893,-0.976220395964215));
#8704=DIRECTION('',(0.,0.976220395964215,0.216780392340893));
#8705=DIRECTION('',(-1.,0.,0.));
#8706=DIRECTION('',(0.,1.,0.));
#8707=DIRECTION('',(0.,0.,1.));
#8708=DIRECTION('',(0.,-1.,0.));
#8709=DIRECTION('',(0.,0.,-1.));
#8710=DIRECTION('',(0.,-1.,0.));
#8711=DIRECTION('',(0.,0.,-1.));
#8712=DIRECTION('',(-1.,0.,0.));
#8713=DIRECTION('',(0.,1.,0.));
#8714=DIRECTION('',(1.,0.,0.));
#8715=DIRECTION('',(0.,0.,1.));
#8716=DIRECTION('',(0.,1.,0.));
#8717=DIRECTION('',(1.,0.,0.));
#8718=DIRECTION('',(1.,0.,0.));
#8719=DIRECTION('',(0.,1.,0.));
#8720=DIRECTION('',(1.,0.,0.));
#8721=DIRECTION('',(0.,0.,-1.));
#8722=DIRECTION('',(0.,1.,0.));
#8723=DIRECTION('',(1.,0.,0.));
#8724=DIRECTION('',(-1.,0.,0.));
#8725=DIRECTION('',(0.,1.,0.));
#8726=DIRECTION('',(1.,0.,0.));
#8727=DIRECTION('',(0.,0.,1.));
#8728=DIRECTION('',(0.,1.,0.));
#8729=DIRECTION('',(1.,0.,0.));
#8730=DIRECTION('',(1.,0.,0.));
#8731=DIRECTION('',(0.,1.,0.));
#8732=DIRECTION('',(1.,0.,0.));
#8733=DIRECTION('',(0.,0.,-1.));
#8734=DIRECTION('',(0.,1.,0.));
#8735=DIRECTION('',(1.,0.,0.));
#8736=DIRECTION('',(-1.,0.,0.));
#8737=DIRECTION('',(0.,1.,0.));
#8738=DIRECTION('',(1.,0.,0.));
#8739=DIRECTION('',(0.,0.,1.));
#8740=DIRECTION('',(0.,1.,0.));
#8741=DIRECTION('',(1.,0.,0.));
#8742=DIRECTION('',(1.,0.,0.));
#8743=DIRECTION('',(0.,1.,0.));
#8744=DIRECTION('',(1.,0.,0.));
#8745=DIRECTION('',(0.,0.,-1.));
#8746=DIRECTION('',(0.,1.,0.));
#8747=DIRECTION('',(1.,0.,0.));
#8748=DIRECTION('',(-1.,0.,0.));
#8749=DIRECTION('',(0.,1.,0.));
#8750=DIRECTION('',(1.,0.,0.));
#8751=DIRECTION('',(0.,0.,1.));
#8752=DIRECTION('',(0.,1.,0.));
#8753=DIRECTION('',(1.,0.,0.));
#8754=DIRECTION('',(1.,0.,0.));
#8755=DIRECTION('',(0.,1.,0.));
#8756=DIRECTION('',(1.,0.,0.));
#8757=DIRECTION('',(0.,0.,-1.));
#8758=DIRECTION('',(0.,1.,0.));
#8759=DIRECTION('',(1.,0.,0.));
#8760=DIRECTION('',(-1.,0.,0.));
#8761=DIRECTION('',(0.,0.216780392340893,0.976220395964215));
#8762=DIRECTION('',(0.,-0.976220395964215,0.216780392340893));
#8763=DIRECTION('',(-1.,0.,0.));
#8764=DIRECTION('',(0.,0.,1.));
#8765=DIRECTION('',(1.,0.,0.));
#8766=DIRECTION('',(-1.,0.,0.));
#8767=DIRECTION('',(-1.,0.,0.));
#8768=DIRECTION('',(-1.,0.,0.));
#8769=DIRECTION('',(0.,-1.,0.));
#8770=DIRECTION('',(0.,0.,-1.));
#8771=DIRECTION('',(-1.,0.,0.));
#8772=DIRECTION('',(0.,0.,1.));
#8773=DIRECTION('',(0.,0.,-1.));
#8774=DIRECTION('',(0.,-1.,0.));
#8775=DIRECTION('',(0.,0.,-1.));
#8776=DIRECTION('',(0.,0.,-1.));
#8777=DIRECTION('',(-1.,0.,0.));
#8778=DIRECTION('',(0.,0.,1.));
#8779=DIRECTION('',(0.,0.,-1.));
#8780=DIRECTION('',(-1.,0.,0.));
#8781=DIRECTION('',(-0.233445363855905,0.972369920397677,0.));
#8782=DIRECTION('',(0.345707660946943,0.938342268664581,0.));
#8783=DIRECTION('',(0.,0.,-1.));
#8784=DIRECTION('',(-1.,0.,0.));
#8785=DIRECTION('',(0.,1.,0.));
#8786=DIRECTION('',(0.345707660946943,-0.938342268664581,0.));
#8787=DIRECTION('',(0.,0.,1.));
#8788=DIRECTION('',(1.,0.,0.));
#8789=DIRECTION('',(0.,-1.,0.));
#8790=DIRECTION('',(-1.,0.,0.));
#8791=DIRECTION('',(-0.345707660946943,0.938342268664581,0.));
#8792=DIRECTION('',(0.,-1.,0.));
#8793=DIRECTION('',(0.,0.,-1.));
#8794=DIRECTION('',(0.,0.,-1.));
#8795=DIRECTION('',(0.,0.,1.));
#8796=DIRECTION('',(-0.938342268664581,0.345707660946943,0.));
#8797=DIRECTION('',(-0.345707660946943,-0.938342268664581,0.));
#8798=DIRECTION('',(0.,0.,1.));
#8799=DIRECTION('',(-0.938342268664581,0.345707660946943,0.));
#8800=DIRECTION('',(-0.345707660946943,-0.938342268664581,0.));
#8801=DIRECTION('',(0.,0.,1.));
#8802=DIRECTION('',(-1.,0.,0.));
#8803=DIRECTION('',(0.,0.,1.));
#8804=DIRECTION('',(1.,0.,0.));
#8805=DIRECTION('',(0.,0.,-1.));
#8806=DIRECTION('',(0.,0.,1.));
#8807=DIRECTION('',(0.,-1.,0.));
#8808=DIRECTION('',(0.,0.,-1.));
#8809=DIRECTION('',(0.,0.,-1.));
#8810=DIRECTION('',(1.,0.,0.));
#8811=DIRECTION('',(0.,0.,-1.));
#8812=DIRECTION('',(0.,0.,1.));
#8813=DIRECTION('',(1.,0.,0.));
#8814=DIRECTION('',(0.,0.,-1.));
#8815=DIRECTION('',(0.938342268664581,0.345707660946943,0.));
#8816=DIRECTION('',(-0.345707660946943,0.938342268664581,0.));
#8817=DIRECTION('',(-0.345707660946943,0.938342268664581,0.));
#8818=DIRECTION('',(0.938342268664581,0.345707660946943,0.));
#8819=DIRECTION('',(-0.345707660946943,0.938342268664581,0.));
#8820=DIRECTION('',(-0.345707660946943,0.938342268664581,0.));
#8821=DIRECTION('',(-1.,0.,0.));
#8822=DIRECTION('',(0.,0.,1.));
#8823=DIRECTION('',(-1.,0.,0.));
#8824=DIRECTION('',(0.,0.,1.));
#8825=DIRECTION('',(-1.,0.,0.));
#8826=DIRECTION('',(0.,0.,1.));
#8827=DIRECTION('',(0.,0.,-1.));
#8828=DIRECTION('',(-1.,0.,0.));
#8829=DIRECTION('',(0.,0.,-1.));
#8830=DIRECTION('',(-1.,0.,0.));
#8831=DIRECTION('',(0.,-1.,0.));
#8832=DIRECTION('',(0.,0.,-1.));
#8833=DIRECTION('',(-1.,0.,0.));
#8834=DIRECTION('',(0.,-1.,0.));
#8835=DIRECTION('',(1.,0.,0.));
#8836=DIRECTION('',(0.,0.,-1.));
#8837=DIRECTION('',(0.,0.,1.));
#8838=DIRECTION('',(1.,0.,0.));
#8839=DIRECTION('',(0.,0.,1.));
#8840=DIRECTION('',(1.,0.,0.));
#8841=DIRECTION('',(0.,-1.,0.));
#8842=DIRECTION('',(0.,0.,1.));
#8843=DIRECTION('',(1.,0.,0.));
#8844=DIRECTION('',(0.,1.,0.));
#8845=DIRECTION('',(1.,0.,0.));
#8846=DIRECTION('',(0.,0.,-1.));
#8847=DIRECTION('',(-1.,0.,0.));
#8848=DIRECTION('',(0.,0.,1.));
#8849=DIRECTION('',(0.,0.,-1.));
#8850=DIRECTION('',(-1.,0.,0.));
#8851=DIRECTION('',(0.,0.,-1.));
#8852=DIRECTION('',(1.,0.,0.));
#8853=DIRECTION('',(0.,0.,-1.));
#8854=DIRECTION('',(0.,0.,-1.));
#8855=DIRECTION('',(0.,0.,-1.));
#8856=DIRECTION('',(-1.,0.,0.));
#8857=DIRECTION('',(0.,0.,-1.));
#8858=DIRECTION('',(-1.,0.,0.));
#8859=DIRECTION('',(0.,0.,-1.));
#8860=DIRECTION('',(-1.,0.,0.));
#8861=DIRECTION('',(0.,0.,1.));
#8862=DIRECTION('',(0.,0.,-1.));
#8863=DIRECTION('',(0.,0.,-1.));
#8864=DIRECTION('',(-1.,0.,0.));
#8865=DIRECTION('',(-0.972369920397677,-0.233445363855905,0.));
#8866=DIRECTION('',(0.233445363855905,-0.972369920397677,0.));
#8867=DIRECTION('',(0.,0.,1.));
#8868=DIRECTION('',(0.,0.,1.));
#8869=DIRECTION('',(1.,0.,0.));
#8870=DIRECTION('',(0.,0.,1.));
#8871=DIRECTION('',(1.,0.,0.));
#8872=DIRECTION('',(0.,0.,1.));
#8873=DIRECTION('',(1.,0.,0.));
#8874=DIRECTION('',(0.,0.,-1.));
#8875=DIRECTION('',(0.,0.,1.));
#8876=DIRECTION('',(0.,0.,1.));
#8877=DIRECTION('',(1.,0.,0.));
#8878=DIRECTION('',(1.,0.,0.));
#8879=DIRECTION('',(0.,0.,-1.));
#8880=DIRECTION('',(0.,-1.,0.));
#8881=DIRECTION('',(0.,0.,-1.));
#8882=DIRECTION('',(-1.,0.,0.));
#8883=DIRECTION('',(0.,-1.,0.));
#8884=DIRECTION('',(0.,0.,-1.));
#8885=DIRECTION('',(-1.,0.,0.));
#8886=DIRECTION('',(1.,0.,0.));
#8887=DIRECTION('',(0.,0.,-1.));
#8888=DIRECTION('',(1.,0.,0.));
#8889=DIRECTION('',(0.,0.,-1.));
#8890=DIRECTION('',(0.,0.,-1.));
#8891=DIRECTION('',(-1.,0.,0.));
#8892=DIRECTION('',(0.,0.,1.));
#8893=DIRECTION('',(1.,0.,0.));
#8894=DIRECTION('',(0.,0.,-1.));
#8895=DIRECTION('',(0.,0.,-1.));
#8896=DIRECTION('',(0.,-1.,0.));
#8897=DIRECTION('',(0.,0.,-1.));
#8898=DIRECTION('',(1.,0.,0.));
#8899=DIRECTION('',(0.,1.,0.));
#8900=DIRECTION('',(0.,0.,1.));
#8901=DIRECTION('',(0.,1.,0.));
#8902=DIRECTION('',(0.,1.,0.));
#8903=DIRECTION('',(1.,0.,0.));
#8904=DIRECTION('',(0.,1.,0.));
#8905=DIRECTION('',(-1.,0.,0.));
#8906=DIRECTION('',(0.,0.,1.));
#8907=DIRECTION('',(0.,0.,1.));
#8908=DIRECTION('',(0.,1.,0.));
#8909=DIRECTION('',(0.,1.,0.));
#8910=DIRECTION('',(0.,0.,1.));
#8911=DIRECTION('',(0.,1.,0.));
#8912=DIRECTION('',(1.,0.,0.));
#8913=DIRECTION('',(0.,1.,0.));
#8914=DIRECTION('',(0.,0.,1.));
#8915=DIRECTION('',(1.,0.,0.));
#8916=DIRECTION('',(1.,0.,0.));
#8917=DIRECTION('',(0.,1.,0.));
#8918=DIRECTION('',(0.,1.,0.));
#8919=DIRECTION('',(0.,0.,1.));
#8920=DIRECTION('',(0.,1.,0.));
#8921=DIRECTION('',(1.,0.,0.));
#8922=DIRECTION('',(0.,1.,0.));
#8923=DIRECTION('',(1.,0.,0.));
#8924=DIRECTION('',(0.,0.,-1.));
#8925=DIRECTION('',(0.,0.,-1.));
#8926=DIRECTION('',(0.,1.,0.));
#8927=DIRECTION('',(0.,1.,0.));
#8928=DIRECTION('',(0.,0.,1.));
#8929=DIRECTION('',(0.,1.,0.));
#8930=DIRECTION('',(1.,0.,0.));
#8931=DIRECTION('',(0.,1.,0.));
#8932=DIRECTION('',(0.,0.,-1.));
#8933=DIRECTION('',(-1.,0.,0.));
#8934=DIRECTION('',(-1.,0.,0.));
#8935=DIRECTION('',(0.,1.,0.));
#8936=DIRECTION('',(0.,0.,1.));
#8937=DIRECTION('',(0.,1.,0.));
#8938=DIRECTION('',(0.,0.,1.));
#8939=DIRECTION('',(0.,1.,0.));
#8940=DIRECTION('',(0.,1.,0.));
#8941=DIRECTION('',(1.,0.,0.));
#8942=DIRECTION('',(0.,1.,0.));
#8943=DIRECTION('',(-1.,0.,0.));
#8944=DIRECTION('',(0.,0.,1.));
#8945=DIRECTION('',(0.,0.,1.));
#8946=DIRECTION('',(0.,1.,0.));
#8947=DIRECTION('',(0.,1.,0.));
#8948=DIRECTION('',(0.,0.,1.));
#8949=DIRECTION('',(0.,1.,0.));
#8950=DIRECTION('',(1.,0.,0.));
#8951=DIRECTION('',(0.,1.,0.));
#8952=DIRECTION('',(0.,0.,1.));
#8953=DIRECTION('',(1.,0.,0.));
#8954=DIRECTION('',(1.,0.,0.));
#8955=DIRECTION('',(0.,1.,0.));
#8956=DIRECTION('',(0.,1.,0.));
#8957=DIRECTION('',(0.,0.,1.));
#8958=DIRECTION('',(0.,1.,0.));
#8959=DIRECTION('',(1.,0.,0.));
#8960=DIRECTION('',(0.,1.,0.));
#8961=DIRECTION('',(1.,0.,0.));
#8962=DIRECTION('',(0.,0.,-1.));
#8963=DIRECTION('',(0.,0.,-1.));
#8964=DIRECTION('',(0.,1.,0.));
#8965=DIRECTION('',(0.,1.,0.));
#8966=DIRECTION('',(0.,0.,1.));
#8967=DIRECTION('',(0.,1.,0.));
#8968=DIRECTION('',(1.,0.,0.));
#8969=DIRECTION('',(0.,1.,0.));
#8970=DIRECTION('',(0.,0.,-1.));
#8971=DIRECTION('',(-1.,0.,0.));
#8972=DIRECTION('',(-1.,0.,0.));
#8973=DIRECTION('',(0.,1.,0.));
#8974=DIRECTION('',(0.,0.,1.));
#8975=DIRECTION('',(0.,1.,0.));
#8976=DIRECTION('',(0.,0.,1.));
#8977=DIRECTION('',(0.,1.,0.));
#8978=DIRECTION('',(0.,1.,0.));
#8979=DIRECTION('',(1.,0.,0.));
#8980=DIRECTION('',(0.,1.,0.));
#8981=DIRECTION('',(-1.,0.,0.));
#8982=DIRECTION('',(0.,0.,1.));
#8983=DIRECTION('',(0.,0.,1.));
#8984=DIRECTION('',(0.,1.,0.));
#8985=DIRECTION('',(0.,1.,0.));
#8986=DIRECTION('',(0.,0.,1.));
#8987=DIRECTION('',(0.,1.,0.));
#8988=DIRECTION('',(1.,0.,0.));
#8989=DIRECTION('',(0.,1.,0.));
#8990=DIRECTION('',(0.,0.,1.));
#8991=DIRECTION('',(1.,0.,0.));
#8992=DIRECTION('',(1.,0.,0.));
#8993=DIRECTION('',(0.,1.,0.));
#8994=DIRECTION('',(0.,1.,0.));
#8995=DIRECTION('',(0.,0.,1.));
#8996=DIRECTION('',(0.,1.,0.));
#8997=DIRECTION('',(1.,0.,0.));
#8998=DIRECTION('',(0.,1.,0.));
#8999=DIRECTION('',(1.,0.,0.));
#9000=DIRECTION('',(0.,0.,-1.));
#9001=DIRECTION('',(0.,0.,-1.));
#9002=DIRECTION('',(0.,1.,0.));
#9003=DIRECTION('',(0.,1.,0.));
#9004=DIRECTION('',(0.,0.,1.));
#9005=DIRECTION('',(0.,1.,0.));
#9006=DIRECTION('',(1.,0.,0.));
#9007=DIRECTION('',(0.,1.,0.));
#9008=DIRECTION('',(0.,0.,-1.));
#9009=DIRECTION('',(-1.,0.,0.));
#9010=DIRECTION('',(-1.,0.,0.));
#9011=DIRECTION('',(0.,1.,0.));
#9012=DIRECTION('',(0.,0.,1.));
#9013=DIRECTION('',(0.,1.,0.));
#9014=DIRECTION('',(0.,0.,1.));
#9015=DIRECTION('',(0.,1.,0.));
#9016=DIRECTION('',(0.,1.,0.));
#9017=DIRECTION('',(1.,0.,0.));
#9018=DIRECTION('',(0.,1.,0.));
#9019=DIRECTION('',(-1.,0.,0.));
#9020=DIRECTION('',(0.,0.,1.));
#9021=DIRECTION('',(0.,0.,1.));
#9022=DIRECTION('',(0.,1.,0.));
#9023=DIRECTION('',(0.,1.,0.));
#9024=DIRECTION('',(0.,0.,1.));
#9025=DIRECTION('',(0.,1.,0.));
#9026=DIRECTION('',(1.,0.,0.));
#9027=DIRECTION('',(0.,1.,0.));
#9028=DIRECTION('',(0.,0.,1.));
#9029=DIRECTION('',(1.,0.,0.));
#9030=DIRECTION('',(1.,0.,0.));
#9031=DIRECTION('',(0.,1.,0.));
#9032=DIRECTION('',(0.,1.,0.));
#9033=DIRECTION('',(0.,0.,1.));
#9034=DIRECTION('',(0.,1.,0.));
#9035=DIRECTION('',(1.,0.,0.));
#9036=DIRECTION('',(0.,1.,0.));
#9037=DIRECTION('',(1.,0.,0.));
#9038=DIRECTION('',(0.,0.,-1.));
#9039=DIRECTION('',(0.,0.,-1.));
#9040=DIRECTION('',(0.,1.,0.));
#9041=DIRECTION('',(0.,1.,0.));
#9042=DIRECTION('',(0.,0.,1.));
#9043=DIRECTION('',(0.,1.,0.));
#9044=DIRECTION('',(1.,0.,0.));
#9045=DIRECTION('',(0.,1.,0.));
#9046=DIRECTION('',(0.,0.,-1.));
#9047=DIRECTION('',(-1.,0.,0.));
#9048=DIRECTION('',(-1.,0.,0.));
#9049=DIRECTION('',(0.,1.,0.));
#9050=DIRECTION('',(0.,0.,1.));
#9051=DIRECTION('',(0.,-1.,0.));
#9052=DIRECTION('',(0.,0.,-1.));
#9053=DIRECTION('',(0.,-1.,0.));
#9054=DIRECTION('',(0.,0.,-1.));
#9055=DIRECTION('',(0.,-1.,0.));
#9056=DIRECTION('',(0.,0.,-1.));
#9057=DIRECTION('',(0.,-1.,0.));
#9058=DIRECTION('',(0.,0.,-1.));
#9059=DIRECTION('',(0.,-1.,0.));
#9060=DIRECTION('',(0.,0.,-1.));
#9061=DIRECTION('',(0.,-1.,0.));
#9062=DIRECTION('',(0.,0.,-1.));
#9063=DIRECTION('',(-1.,0.,0.));
#9064=DIRECTION('',(0.,0.,1.));
#9065=DIRECTION('',(0.,0.,-1.));
#9066=DIRECTION('',(1.,0.,0.));
#9067=DIRECTION('',(0.,0.,-1.));
#9068=DIRECTION('',(0.,0.,1.));
#9069=DIRECTION('',(1.,0.,0.));
#9070=DIRECTION('',(0.,0.,-1.));
#9071=DIRECTION('',(0.,0.,-1.));
#9072=DIRECTION('',(1.,0.,0.));
#9073=DIRECTION('',(0.,0.,-1.));
#9074=DIRECTION('',(0.,0.,1.));
#9075=DIRECTION('',(1.,0.,0.));
#9076=DIRECTION('',(0.,0.,-1.));
#9077=DIRECTION('',(0.,1.,0.));
#9078=DIRECTION('',(0.,0.,1.));
#9079=DIRECTION('',(0.,1.,0.));
#9080=DIRECTION('',(0.,1.,0.));
#9081=DIRECTION('',(0.,0.,1.));
#9082=DIRECTION('',(0.,1.,0.));
#9083=DIRECTION('',(0.,0.,1.));
#9084=DIRECTION('',(1.,0.,0.));
#9085=DIRECTION('',(0.,1.,0.));
#9086=DIRECTION('',(0.,1.,0.));
#9087=DIRECTION('',(0.,0.,1.));
#9088=DIRECTION('',(0.,1.,0.));
#9089=DIRECTION('',(-1.,0.,0.));
#9090=DIRECTION('',(0.,0.,1.));
#9091=DIRECTION('',(1.,0.,0.));
#9092=DIRECTION('',(0.,0.,-1.));
#9093=DIRECTION('',(0.,1.,0.));
#9094=DIRECTION('',(0.,1.,0.));
#9095=DIRECTION('',(0.,0.,1.));
#9096=DIRECTION('',(0.,1.,0.));
#9097=DIRECTION('',(0.,0.,1.));
#9098=DIRECTION('',(1.,0.,0.));
#9099=DIRECTION('',(0.,1.,0.));
#9100=DIRECTION('',(0.,1.,0.));
#9101=DIRECTION('',(0.,0.,1.));
#9102=DIRECTION('',(0.,1.,0.));
#9103=DIRECTION('',(0.,1.,0.));
#9104=DIRECTION('',(0.,0.,1.));
#9105=DIRECTION('',(0.,1.,0.));
#9106=DIRECTION('',(0.,0.,1.));
#9107=DIRECTION('',(1.,0.,0.));
#9108=DIRECTION('',(0.,0.,1.));
#9109=DIRECTION('',(1.,0.,0.));
#9110=DIRECTION('',(0.,-1.,0.));
#9111=DIRECTION('',(0.,0.,-1.));
#9112=DIRECTION('',(-1.,0.,0.));
#9113=DIRECTION('',(0.,0.,-1.));
#9114=DIRECTION('',(-1.,0.,0.));
#9115=DIRECTION('',(0.,1.,0.));
#9116=DIRECTION('',(0.,1.,0.));
#9117=DIRECTION('',(0.,1.,0.));
#9118=DIRECTION('',(0.,0.,1.));
#9119=DIRECTION('',(0.,1.,0.));
#9120=DIRECTION('',(0.,1.,0.));
#9121=DIRECTION('',(0.,0.,1.));
#9122=DIRECTION('',(0.,1.,0.));
#9123=DIRECTION('',(0.,0.,-1.));
#9124=DIRECTION('',(-1.,0.,0.));
#9125=DIRECTION('',(0.,1.,0.));
#9126=DIRECTION('',(0.,1.,0.));
#9127=DIRECTION('',(0.,0.,1.));
#9128=DIRECTION('',(0.,1.,0.));
#9129=DIRECTION('',(1.,0.,-5.78241158658921E-15));
#9130=DIRECTION('',(-5.78241158658921E-15,0.,-1.));
#9131=DIRECTION('',(-1.,0.,6.50521303491311E-15));
#9132=DIRECTION('',(6.50521303491311E-15,0.,1.));
#9133=DIRECTION('',(0.,1.,0.));
#9134=DIRECTION('',(0.,1.,0.));
#9135=DIRECTION('',(0.,0.,1.));
#9136=DIRECTION('',(0.,1.,0.));
#9137=DIRECTION('',(0.,0.,-1.));
#9138=DIRECTION('',(-1.,0.,0.));
#9139=DIRECTION('',(0.,1.,0.));
#9140=DIRECTION('',(0.,1.,0.));
#9141=DIRECTION('',(0.,0.,1.));
#9142=DIRECTION('',(0.,1.,0.));
#9143=DIRECTION('',(-1.,0.,0.));
#9144=DIRECTION('',(0.,0.,1.));
#9145=DIRECTION('',(1.,0.,0.));
#9146=DIRECTION('',(0.,0.,-1.));
#9147=DIRECTION('',(0.,0.,-1.));
#9148=DIRECTION('',(1.,0.,0.));
#9149=DIRECTION('',(0.,0.,-1.));
#9150=DIRECTION('',(0.,1.,0.));
#9151=DIRECTION('',(0.,0.,-1.));
#9152=DIRECTION('',(-1.,0.,0.));
#9153=DIRECTION('',(0.,1.,0.));
#9154=DIRECTION('',(0.,1.,0.));
#9155=DIRECTION('',(0.,0.,1.));
#9156=DIRECTION('',(0.,1.,0.));
#9157=DIRECTION('',(0.,1.,0.));
#9158=DIRECTION('',(0.,0.,1.));
#9159=DIRECTION('',(1.,0.,0.));
#9160=DIRECTION('',(0.,0.,-1.));
#9161=DIRECTION('',(1.,0.,0.));
#9162=DIRECTION('',(0.,0.,-1.));
#9163=DIRECTION('',(1.,0.,0.));
#9164=DIRECTION('',(0.,0.,-1.));
#9165=DIRECTION('',(1.,0.,0.));
#9166=DIRECTION('',(0.,0.,-1.));
#9167=DIRECTION('',(1.,0.,0.));
#9168=DIRECTION('',(0.,-1.,0.));
#9169=DIRECTION('',(0.,0.,-1.));
#9170=DIRECTION('',(1.,0.,0.));
#9171=DIRECTION('',(1.,0.,0.));
#9172=DIRECTION('',(0.,0.,-1.));
#9173=DIRECTION('',(0.,1.,0.));
#9174=DIRECTION('',(0.,0.,1.));
#9175=DIRECTION('',(1.,0.,0.));
#9176=DIRECTION('',(1.,0.,0.));
#9177=DIRECTION('',(0.,0.,-1.));
#9178=DIRECTION('',(1.,0.,0.));
#9179=DIRECTION('',(0.,0.,-1.));
#9180=DIRECTION('',(1.,0.,0.));
#9181=DIRECTION('',(0.,1.,0.));
#9182=DIRECTION('',(0.,0.,1.));
#9183=DIRECTION('',(1.,0.,0.));
#9184=DIRECTION('',(0.,0.,-1.));
#9185=DIRECTION('',(1.,0.,0.));
#9186=DIRECTION('',(0.,0.,-1.));
#9187=DIRECTION('',(1.,0.,0.));
#9188=DIRECTION('',(0.,0.,-1.));
#9189=DIRECTION('',(-1.,0.,0.));
#9190=DIRECTION('',(0.,0.,1.));
#9191=DIRECTION('',(-1.,0.,0.));
#9192=DIRECTION('',(0.,1.,0.));
#9193=DIRECTION('',(0.,0.,1.));
#9194=DIRECTION('',(-1.,0.,0.));
#9195=DIRECTION('',(-1.,0.,0.));
#9196=DIRECTION('',(0.,0.,1.));
#9197=DIRECTION('',(0.,-1.,0.));
#9198=DIRECTION('',(0.,0.,-1.));
#9199=DIRECTION('',(-1.,0.,0.));
#9200=DIRECTION('',(-1.,0.,0.));
#9201=DIRECTION('',(0.,0.,1.));
#9202=DIRECTION('',(-1.,0.,0.));
#9203=DIRECTION('',(0.,0.,1.));
#9204=DIRECTION('',(-1.,0.,0.));
#9205=DIRECTION('',(0.,-1.,0.));
#9206=DIRECTION('',(0.,0.,-1.));
#9207=DIRECTION('',(0.,0.,-1.));
#9208=DIRECTION('',(-1.,0.,0.));
#9209=DIRECTION('',(0.,0.,-1.));
#9210=DIRECTION('',(-1.,0.,0.));
#9211=DIRECTION('',(1.,0.,0.));
#9212=DIRECTION('',(0.,0.,-1.));
#9213=DIRECTION('',(1.,0.,0.));
#9214=DIRECTION('',(0.,0.,-1.));
#9215=DIRECTION('',(1.,0.,0.));
#9216=DIRECTION('',(1.,0.,0.));
#9217=DIRECTION('',(0.,0.,-1.));
#9218=DIRECTION('',(1.,0.,0.));
#9219=DIRECTION('',(0.,0.,-1.));
#9220=DIRECTION('',(1.,0.,0.));
#9221=DIRECTION('',(1.,0.,0.));
#9222=DIRECTION('',(0.,0.,-1.));
#9223=DIRECTION('',(0.,-1.,0.));
#9224=DIRECTION('',(1.22464679914735E-16,0.,-1.));
#9225=DIRECTION('',(0.,-1.,0.));
#9226=DIRECTION('',(0.,1.,0.));
#9227=DIRECTION('',(0.,0.,1.));
#9228=DIRECTION('',(1.,0.,1.91724522101769E-16));
#9229=DIRECTION('',(1.22464679914735E-16,0.,-1.));
#9230=DIRECTION('',(1.,0.,1.91724522101769E-16));
#9231=DIRECTION('',(0.,1.,0.));
#9232=DIRECTION('',(1.,0.,0.));
#9233=DIRECTION('',(0.676618982094545,0.,0.736333316555309));
#9234=DIRECTION('',(0.,1.,0.));
#9235=DIRECTION('',(1.,0.,0.));
#9236=DIRECTION('',(0.73633331655531,0.,-0.676618982094545));
#9237=DIRECTION('',(-0.676618982094545,0.,-0.73633331655531));
#9238=DIRECTION('',(-0.736333316555309,0.,0.676618982094545));
#9239=DIRECTION('',(0.,1.,0.));
#9240=DIRECTION('',(1.,0.,0.));
#9241=DIRECTION('',(-0.676618982094545,0.,-0.73633331655531));
#9242=DIRECTION('',(0.,1.,0.));
#9243=DIRECTION('',(1.,0.,0.));
#9244=DIRECTION('',(0.,-1.,0.));
#9245=DIRECTION('',(0.,0.,-1.));
#9246=DIRECTION('',(-1.,0.,-1.24099780020061E-16));
#9247=DIRECTION('',(0.,1.,0.));
#9248=DIRECTION('',(1.,0.,0.));
#9249=DIRECTION('',(-0.676618982094545,0.,-0.73633331655531));
#9250=DIRECTION('',(0.,1.,0.));
#9251=DIRECTION('',(1.,0.,0.));
#9252=DIRECTION('',(-0.736333316555309,0.,0.676618982094545));
#9253=DIRECTION('',(-0.676618982094545,0.,-0.73633331655531));
#9254=DIRECTION('',(0.73633331655531,0.,-0.676618982094545));
#9255=DIRECTION('',(0.,1.,0.));
#9256=DIRECTION('',(1.,0.,0.));
#9257=DIRECTION('',(0.676618982094545,0.,0.736333316555309));
#9258=DIRECTION('',(0.,1.,0.));
#9259=DIRECTION('',(1.,0.,0.));
#9260=DIRECTION('',(-1.,0.,-1.24099780020061E-16));
#9261=DIRECTION('',(1.22464679914735E-16,0.,-1.));
#9262=DIRECTION('',(1.22464679914735E-16,0.,-1.));
#9263=DIRECTION('',(-1.,0.,-1.22464679914735E-16));
#9264=DIRECTION('',(1.22464679914735E-16,0.,-1.));
#9265=DIRECTION('',(-1.,0.,-1.22464679914735E-16));
#9266=DIRECTION('',(1.22464679914735E-16,0.,-1.));
#9267=DIRECTION('',(-1.,0.,-1.22464679914735E-16));
#9268=DIRECTION('',(1.22464679914735E-16,0.,-1.));
#9269=DIRECTION('',(-0.942641491092179,-0.333806859233771,-1.15440288480952E-16));
#9270=DIRECTION('',(0.333806859233771,-0.942641491092179,0.));
#9271=DIRECTION('',(-0.33380685923377,0.942641491092178,0.));
#9272=DIRECTION('',(-0.33380685923377,0.942641491092178,0.));
#9273=DIRECTION('',(1.22464679914735E-16,0.,-1.));
#9274=DIRECTION('',(-1.,0.,-1.22464679914735E-16));
#9275=DIRECTION('',(1.22464679914735E-16,0.,-1.));
#9276=DIRECTION('',(-1.,0.,-1.22464679914735E-16));
#9277=DIRECTION('',(1.22464679914735E-16,0.,-1.));
#9278=DIRECTION('',(-1.,0.,-1.22464679914735E-16));
#9279=DIRECTION('',(1.22464679914735E-16,0.,-1.));
#9280=DIRECTION('',(-1.,0.,-1.22464679914735E-16));
#9281=DIRECTION('',(0.,1.,0.));
#9282=DIRECTION('',(1.22464679914735E-16,0.,-1.));
#9283=DIRECTION('',(-1.,0.,-1.22464679914735E-16));
#9284=DIRECTION('',(0.,1.,0.));
#9285=DIRECTION('',(0.,1.,0.));
#9286=DIRECTION('',(0.,0.,1.));
#9287=DIRECTION('',(0.,1.,0.));
#9288=DIRECTION('',(-0.736333316555309,0.,0.676618982094545));
#9289=DIRECTION('',(0.676618982094545,0.,0.736333316555309));
#9290=DIRECTION('',(0.,1.,0.));
#9291=DIRECTION('',(0.,1.,0.));
#9292=DIRECTION('',(0.,0.,1.));
#9293=DIRECTION('',(0.,1.,0.));
#9294=DIRECTION('',(0.676618982094545,0.,0.73633331655531));
#9295=DIRECTION('',(0.73633331655531,0.,-0.676618982094545));
#9296=DIRECTION('',(0.,1.,0.));
#9297=DIRECTION('',(0.736333316555309,0.,-0.676618982094545));
#9298=DIRECTION('',(-0.676618982094545,0.,-0.736333316555309));
#9299=DIRECTION('',(0.,1.,0.));
#9300=DIRECTION('',(-0.676618982094545,0.,-0.736333316555309));
#9301=DIRECTION('',(-0.736333316555309,0.,0.676618982094545));
#9302=DIRECTION('',(0.,1.,0.));
#9303=DIRECTION('',(0.,1.,0.));
#9304=DIRECTION('',(0.,0.,1.));
#9305=DIRECTION('',(0.,1.,0.));
#9306=DIRECTION('',(0.73633331655531,0.,-0.676618982094545));
#9307=DIRECTION('',(-0.676618982094545,0.,-0.73633331655531));
#9308=DIRECTION('',(0.,1.,0.));
#9309=DIRECTION('',(0.,1.,0.));
#9310=DIRECTION('',(0.,0.,1.));
#9311=DIRECTION('',(1.,0.,0.));
#9312=DIRECTION('',(0.,0.,-1.));
#9313=DIRECTION('',(1.,0.,0.));
#9314=DIRECTION('',(0.,0.,-1.));
#9315=DIRECTION('',(1.,0.,0.));
#9316=DIRECTION('',(1.,0.,0.));
#9317=DIRECTION('',(0.,0.,-1.));
#9318=DIRECTION('',(1.,0.,0.));
#9319=DIRECTION('',(0.,-1.,0.));
#9320=DIRECTION('',(0.,0.,-1.));
#9321=DIRECTION('',(0.,0.,-1.));
#9322=DIRECTION('',(1.,0.,0.));
#9323=DIRECTION('',(0.,0.,-1.));
#9324=DIRECTION('',(0.,0.,1.));
#9325=DIRECTION('',(1.,0.,0.));
#9326=DIRECTION('',(0.,-1.,0.));
#9327=DIRECTION('',(1.,0.,0.));
#9328=DIRECTION('',(0.,-1.,0.));
#9329=DIRECTION('',(0.,1.,0.));
#9330=DIRECTION('',(0.,0.,1.));
#9331=DIRECTION('',(0.,0.,1.));
#9332=DIRECTION('',(1.,0.,0.));
#9333=DIRECTION('',(0.,0.,1.));
#9334=DIRECTION('',(1.,0.,0.));
#9335=DIRECTION('',(0.,0.,-1.));
#9336=DIRECTION('',(1.,0.,0.));
#9337=DIRECTION('',(0.,0.,-1.));
#9338=DIRECTION('',(1.,0.,0.));
#9339=DIRECTION('',(1.,0.,0.));
#9340=DIRECTION('',(0.,0.,-1.));
#9341=DIRECTION('',(0.,0.,-1.));
#9342=DIRECTION('',(-1.,0.,0.));
#9343=DIRECTION('',(0.,1.,0.));
#9344=DIRECTION('',(0.,1.,0.));
#9345=DIRECTION('',(1.,0.,0.));
#9346=DIRECTION('',(0.,0.,1.));
#9347=DIRECTION('',(1.,0.,0.));
#9348=DIRECTION('',(0.,-1.,0.));
#9349=DIRECTION('',(1.,0.,0.));
#9350=DIRECTION('',(0.,-1.,0.));
#9351=DIRECTION('',(1.,0.,0.));
#9352=DIRECTION('',(0.,0.,-1.));
#9353=DIRECTION('',(1.,0.,0.));
#9354=DIRECTION('',(0.,0.,-1.));
#9355=DIRECTION('',(1.,0.,0.));
#9356=DIRECTION('',(0.,0.,-1.));
#9357=DIRECTION('',(1.,0.,0.));
#9358=DIRECTION('',(0.,0.,-1.));
#9359=DIRECTION('',(1.,0.,0.));
#9360=DIRECTION('',(0.,0.,-1.));
#9361=DIRECTION('',(1.,0.,0.));
#9362=DIRECTION('',(0.,0.,-1.));
#9363=DIRECTION('',(1.,0.,0.));
#9364=DIRECTION('',(0.,0.,-1.));
#9365=DIRECTION('',(1.,0.,0.));
#9366=DIRECTION('',(0.,0.,-1.));
#9367=DIRECTION('',(1.,0.,0.));
#9368=DIRECTION('',(0.,0.,-1.));
#9369=DIRECTION('',(1.,0.,0.));
#9370=DIRECTION('',(0.,0.,-1.));
#9371=DIRECTION('',(1.,0.,0.));
#9372=DIRECTION('',(0.,0.,-1.));
#9373=DIRECTION('',(0.,1.,0.));
#9374=DIRECTION('',(1.,0.,0.));
#9375=DIRECTION('',(0.,0.,-1.));
#9376=DIRECTION('',(0.,0.,1.));
#9377=DIRECTION('',(0.,1.,0.));
#9378=DIRECTION('',(0.,0.,-1.));
#9379=DIRECTION('',(1.,0.,0.));
#9380=DIRECTION('',(0.,0.,-1.));
#9381=DIRECTION('',(0.,-1.,0.));
#9382=DIRECTION('',(1.,0.,0.));
#9383=DIRECTION('',(0.,0.,-1.));
#9384=DIRECTION('',(1.,0.,0.));
#9385=DIRECTION('',(0.,0.,-1.));
#9386=DIRECTION('',(0.,-1.,0.));
#9387=DIRECTION('',(1.,0.,0.));
#9388=DIRECTION('',(0.,0.,-1.));
#9389=DIRECTION('',(0.,0.,-1.));
#9390=DIRECTION('',(0.,1.,0.));
#9391=DIRECTION('',(0.,0.,1.));
#9392=DIRECTION('',(1.,0.,0.));
#9393=DIRECTION('',(0.,0.,-1.));
#9394=DIRECTION('',(0.,1.,0.));
#9395=DIRECTION('',(1.,0.,0.));
#9396=DIRECTION('',(0.,0.,-1.));
#9397=DIRECTION('',(1.,0.,0.));
#9398=DIRECTION('',(0.,0.,-1.));
#9399=DIRECTION('',(1.,0.,0.));
#9400=DIRECTION('',(0.,0.,1.));
#9401=DIRECTION('',(1.,0.,0.));
#9402=DIRECTION('',(1.,0.,0.));
#9403=DIRECTION('',(1.,0.,0.));
#9404=DIRECTION('',(0.,0.,-1.));
#9405=DIRECTION('',(1.,0.,0.));
#9406=DIRECTION('',(0.,-1.,0.));
#9407=DIRECTION('',(0.,0.,-1.));
#9408=DIRECTION('',(1.,0.,0.));
#9409=DIRECTION('',(0.,0.,-1.));
#9410=DIRECTION('',(-1.,0.,0.));
#9411=DIRECTION('',(1.,0.,0.));
#9412=DIRECTION('',(0.,1.,0.));
#9413=DIRECTION('',(0.,0.,1.));
#9414=DIRECTION('',(1.,0.,0.));
#9415=DIRECTION('',(1.,0.,0.));
#9416=DIRECTION('',(0.,0.,-1.));
#9417=DIRECTION('',(1.,0.,0.));
#9418=DIRECTION('',(0.,0.,-1.));
#9419=DIRECTION('',(-1.,0.,0.));
#9420=DIRECTION('',(1.,0.,0.));
#9421=DIRECTION('',(1.,0.,0.));
#9422=DIRECTION('',(0.,0.,-1.));
#9423=DIRECTION('',(-1.,0.,0.));
#9424=DIRECTION('',(0.,0.,1.));
#9425=DIRECTION('',(1.,0.,0.));
#9426=DIRECTION('',(0.,0.,-1.));
#9427=DIRECTION('',(-1.,0.,0.));
#9428=DIRECTION('',(1.,0.,0.));
#9429=DIRECTION('',(0.,0.,-1.));
#9430=DIRECTION('',(-1.,0.,0.));
#9431=DIRECTION('',(0.,-1.,0.));
#9432=DIRECTION('',(0.,0.,-1.));
#9433=DIRECTION('',(0.,0.,1.));
#9434=DIRECTION('',(-1.,0.,0.));
#9435=DIRECTION('',(0.,0.,1.));
#9436=DIRECTION('',(0.,0.,-1.));
#9437=DIRECTION('',(-1.,0.,0.));
#9438=DIRECTION('',(0.,-1.,0.));
#9439=DIRECTION('',(-1.,0.,0.));
#9440=DIRECTION('',(0.,-1.,0.));
#9441=DIRECTION('',(0.,1.,0.));
#9442=DIRECTION('',(0.,0.,1.));
#9443=DIRECTION('',(0.,0.,-1.));
#9444=DIRECTION('',(-1.,0.,0.));
#9445=DIRECTION('',(0.,0.,-1.));
#9446=DIRECTION('',(-1.,0.,0.));
#9447=DIRECTION('',(0.,0.,1.));
#9448=DIRECTION('',(1.,0.,0.));
#9449=DIRECTION('',(0.,0.,-1.));
#9450=DIRECTION('',(-1.,0.,0.));
#9451=DIRECTION('',(1.,0.,0.));
#9452=DIRECTION('',(0.,0.,-1.));
#9453=DIRECTION('',(0.,0.,1.));
#9454=DIRECTION('',(1.,0.,0.));
#9455=DIRECTION('',(0.,1.,0.));
#9456=DIRECTION('',(-1.,0.,0.));
#9457=DIRECTION('',(0.,1.,0.));
#9458=DIRECTION('',(0.,0.,-1.));
#9459=DIRECTION('',(-1.,0.,0.));
#9460=DIRECTION('',(0.,-1.,0.));
#9461=DIRECTION('',(0.,-1.,0.));
#9462=DIRECTION('',(-1.,0.,0.));
#9463=DIRECTION('',(-1.,0.,0.));
#9464=DIRECTION('',(0.,0.,1.));
#9465=DIRECTION('',(1.,0.,0.));
#9466=DIRECTION('',(0.,0.,-1.));
#9467=DIRECTION('',(1.,0.,0.));
#9468=DIRECTION('',(0.,0.,-1.));
#9469=DIRECTION('',(-1.,0.,0.));
#9470=DIRECTION('',(0.,0.,1.));
#9471=DIRECTION('',(1.,0.,0.));
#9472=DIRECTION('',(0.,0.,-1.));
#9473=DIRECTION('',(1.,0.,0.));
#9474=DIRECTION('',(0.,0.,-1.));
#9475=DIRECTION('',(1.,0.,0.));
#9476=DIRECTION('',(0.,0.,-1.));
#9477=DIRECTION('',(1.,0.,0.));
#9478=DIRECTION('',(0.,0.,-1.));
#9479=DIRECTION('',(1.,0.,0.));
#9480=DIRECTION('',(0.,0.,-1.));
#9481=DIRECTION('',(1.,0.,0.));
#9482=DIRECTION('',(0.,0.,-1.));
#9483=DIRECTION('',(0.,-1.,0.));
#9484=DIRECTION('',(1.,0.,0.));
#9485=DIRECTION('',(0.,0.,-1.));
#9486=DIRECTION('',(0.,0.,-1.));
#9487=DIRECTION('',(0.,1.,0.));
#9488=DIRECTION('',(0.,0.,1.));
#9489=DIRECTION('',(1.,0.,0.));
#9490=DIRECTION('',(0.,0.,-1.));
#9491=DIRECTION('',(0.,1.,0.));
#9492=DIRECTION('',(1.,0.,0.));
#9493=DIRECTION('',(0.,0.,-1.));
#9494=DIRECTION('',(1.,0.,0.));
#9495=DIRECTION('',(0.,0.,-1.));
#9496=DIRECTION('',(1.,0.,0.));
#9497=DIRECTION('',(0.,0.,-1.));
#9498=DIRECTION('',(1.,0.,0.));
#9499=DIRECTION('',(0.,0.,-1.));
#9500=DIRECTION('',(0.,1.,0.));
#9501=DIRECTION('',(1.,0.,0.));
#9502=DIRECTION('',(0.,0.,-1.));
#9503=DIRECTION('',(0.,0.,1.));
#9504=DIRECTION('',(0.,1.,0.));
#9505=DIRECTION('',(0.,0.,-1.));
#9506=DIRECTION('',(1.,0.,0.));
#9507=DIRECTION('',(0.,0.,-1.));
#9508=DIRECTION('',(0.,-1.,0.));
#9509=DIRECTION('',(-1.,0.,0.));
#9510=DIRECTION('',(0.,0.,1.));
#9511=DIRECTION('',(-1.,0.,0.));
#9512=DIRECTION('',(0.,0.,-1.));
#9513=DIRECTION('',(-1.,0.,0.));
#9514=DIRECTION('',(-1.,0.,0.));
#9515=DIRECTION('',(-1.,0.,0.));
#9516=DIRECTION('',(0.,0.,1.));
#9517=DIRECTION('',(-1.,0.,0.));
#9518=DIRECTION('',(0.,1.,0.));
#9519=DIRECTION('',(0.,0.,1.));
#9520=DIRECTION('',(-1.,0.,0.));
#9521=DIRECTION('',(0.,0.,1.));
#9522=DIRECTION('',(1.,0.,0.));
#9523=DIRECTION('',(-1.,0.,0.));
#9524=DIRECTION('',(0.,-1.,0.));
#9525=DIRECTION('',(0.,0.,-1.));
#9526=DIRECTION('',(-1.,0.,0.));
#9527=DIRECTION('',(-1.,0.,0.));
#9528=DIRECTION('',(0.,0.,1.));
#9529=DIRECTION('',(-1.,0.,0.));
#9530=DIRECTION('',(0.,0.,1.));
#9531=DIRECTION('',(1.,0.,0.));
#9532=DIRECTION('',(-1.,0.,0.));
#9533=DIRECTION('',(-1.,0.,0.));
#9534=DIRECTION('',(0.,0.,1.));
#9535=DIRECTION('',(-1.,0.,0.));
#9536=DIRECTION('',(0.,0.,1.));
#9537=DIRECTION('',(1.,0.,0.));
#9538=DIRECTION('',(0.,0.,-1.));
#9539=DIRECTION('',(-1.,0.,0.));
#9540=DIRECTION('',(1.,0.,0.));
#9541=DIRECTION('',(0.,0.,-1.));
#9542=DIRECTION('',(-1.,0.,0.));
#9543=DIRECTION('',(0.,-1.,0.));
#9544=DIRECTION('',(0.,0.,-1.));
#9545=DIRECTION('',(0.,0.,1.));
#9546=DIRECTION('',(-1.,0.,0.));
#9547=DIRECTION('',(0.,0.,1.));
#9548=DIRECTION('',(0.,0.,-1.));
#9549=DIRECTION('',(-1.,0.,0.));
#9550=DIRECTION('',(0.,-1.,0.));
#9551=DIRECTION('',(-1.,0.,0.));
#9552=DIRECTION('',(0.,-1.,0.));
#9553=DIRECTION('',(0.,1.,0.));
#9554=DIRECTION('',(0.,0.,1.));
#9555=DIRECTION('',(0.,0.,-1.));
#9556=DIRECTION('',(-1.,0.,0.));
#9557=DIRECTION('',(0.,0.,-1.));
#9558=DIRECTION('',(-1.,0.,0.));
#9559=DIRECTION('',(0.,0.,1.));
#9560=DIRECTION('',(1.,0.,0.));
#9561=DIRECTION('',(0.,0.,-1.));
#9562=DIRECTION('',(-1.,0.,0.));
#9563=DIRECTION('',(1.,0.,0.));
#9564=DIRECTION('',(0.,0.,-1.));
#9565=DIRECTION('',(0.,0.,-1.));
#9566=DIRECTION('',(-1.,0.,0.));
#9567=DIRECTION('',(0.,-1.,0.));
#9568=DIRECTION('',(0.,-1.,0.));
#9569=DIRECTION('',(-1.,0.,0.));
#9570=DIRECTION('',(0.,0.,1.));
#9571=DIRECTION('',(1.,0.,0.));
#9572=DIRECTION('',(0.,1.,0.));
#9573=DIRECTION('',(-1.,0.,0.));
#9574=DIRECTION('',(0.,1.,0.));
#9575=DIRECTION('',(-1.,0.,0.));
#9576=DIRECTION('',(0.,0.,1.));
#9577=DIRECTION('',(1.,0.,0.));
#9578=DIRECTION('',(0.,0.,-1.));
#9579=DIRECTION('',(1.,0.,0.));
#9580=DIRECTION('',(0.,0.,-1.));
#9581=DIRECTION('',(-1.,0.,0.));
#9582=DIRECTION('',(0.,0.,1.));
#9583=DIRECTION('',(1.,0.,0.));
#9584=DIRECTION('',(0.,0.,-1.));
#9585=DIRECTION('',(1.,0.,0.));
#9586=DIRECTION('',(0.,0.,-1.));
#9587=DIRECTION('',(1.,0.,0.));
#9588=DIRECTION('',(0.,0.,-1.));
#9589=DIRECTION('',(1.,0.,0.));
#9590=DIRECTION('',(0.,0.,-1.));
#9591=DIRECTION('',(1.,0.,0.));
#9592=DIRECTION('',(0.,0.,-1.));
#9593=DIRECTION('',(1.,0.,0.));
#9594=DIRECTION('',(0.,0.,-1.));
#9595=DIRECTION('',(0.,-1.,0.));
#9596=DIRECTION('',(1.,0.,0.));
#9597=DIRECTION('',(0.,0.,-1.));
#9598=DIRECTION('',(0.,0.,-1.));
#9599=DIRECTION('',(0.,1.,0.));
#9600=DIRECTION('',(0.,0.,1.));
#9601=DIRECTION('',(1.,0.,0.));
#9602=DIRECTION('',(0.,0.,-1.));
#9603=DIRECTION('',(0.,1.,0.));
#9604=DIRECTION('',(1.,0.,0.));
#9605=DIRECTION('',(0.,0.,-1.));
#9606=DIRECTION('',(1.,0.,0.));
#9607=DIRECTION('',(0.,0.,-1.));
#9608=DIRECTION('',(1.,0.,0.));
#9609=DIRECTION('',(0.,0.,-1.));
#9610=DIRECTION('',(1.,0.,0.));
#9611=DIRECTION('',(0.,0.,-1.));
#9612=DIRECTION('',(0.,1.,0.));
#9613=DIRECTION('',(1.,0.,0.));
#9614=DIRECTION('',(0.,0.,-1.));
#9615=DIRECTION('',(0.,0.,1.));
#9616=DIRECTION('',(0.,1.,0.));
#9617=DIRECTION('',(0.,0.,-1.));
#9618=DIRECTION('',(1.,0.,0.));
#9619=DIRECTION('',(0.,0.,-1.));
#9620=DIRECTION('',(0.,-1.,0.));
#9621=DIRECTION('',(-1.,0.,0.));
#9622=DIRECTION('',(0.,0.,1.));
#9623=DIRECTION('',(-1.,0.,0.));
#9624=DIRECTION('',(0.,0.,-1.));
#9625=DIRECTION('',(-1.,0.,0.));
#9626=DIRECTION('',(-1.,0.,0.));
#9627=DIRECTION('',(-1.,0.,0.));
#9628=DIRECTION('',(0.,0.,1.));
#9629=DIRECTION('',(-1.,0.,0.));
#9630=DIRECTION('',(0.,1.,0.));
#9631=DIRECTION('',(0.,0.,1.));
#9632=DIRECTION('',(-1.,0.,0.));
#9633=DIRECTION('',(0.,0.,1.));
#9634=DIRECTION('',(1.,0.,0.));
#9635=DIRECTION('',(-1.,0.,0.));
#9636=DIRECTION('',(0.,-1.,0.));
#9637=DIRECTION('',(0.,0.,-1.));
#9638=DIRECTION('',(-1.,0.,0.));
#9639=DIRECTION('',(-1.,0.,0.));
#9640=DIRECTION('',(0.,0.,1.));
#9641=DIRECTION('',(-1.,0.,0.));
#9642=DIRECTION('',(0.,0.,1.));
#9643=DIRECTION('',(1.,0.,0.));
#9644=DIRECTION('',(-1.,0.,0.));
#9645=DIRECTION('',(-1.,0.,0.));
#9646=DIRECTION('',(0.,0.,1.));
#9647=DIRECTION('',(0.,0.,1.));
#9648=DIRECTION('',(1.,0.,0.));
#9649=DIRECTION('',(0.,-0.707106781186547,-0.707106781186548));
#9650=DIRECTION('',(0.,0.707106781186548,-0.707106781186547));
#9651=DIRECTION('',(0.,-0.707106781186548,0.707106781186547));
#9652=DIRECTION('',(-1.,0.,0.));
#9653=DIRECTION('',(0.,-0.707106781186548,0.707106781186547));
#9654=DIRECTION('',(-1.,0.,0.));
#9655=DIRECTION('',(-0.707106781186534,0.,-0.707106781186561));
#9656=DIRECTION('',(-0.707106781186561,0.,0.707106781186534));
#9657=DIRECTION('',(-0.707106781186561,0.,0.707106781186534));
#9658=DIRECTION('',(0.,1.,0.));
#9659=DIRECTION('',(-0.707106781186561,0.,0.707106781186534));
#9660=DIRECTION('',(0.,1.,0.));
#9661=DIRECTION('',(-1.,0.,0.));
#9662=DIRECTION('',(0.,0.,1.));
#9663=DIRECTION('',(0.,0.,1.));
#9664=DIRECTION('',(0.,0.,1.));
#9665=DIRECTION('',(0.,1.,0.));
#9666=DIRECTION('',(-0.707106781186532,0.,0.707106781186563));
#9667=DIRECTION('',(0.707106781186563,0.,0.707106781186532));
#9668=DIRECTION('',(0.707106781186563,0.,0.707106781186532));
#9669=DIRECTION('',(0.707106781186563,0.,0.707106781186532));
#9670=DIRECTION('',(0.,1.,0.));
#9671=DIRECTION('',(-1.,0.,0.));
#9672=DIRECTION('',(0.,0.,1.));
#9673=DIRECTION('',(0.,0.,1.));
#9674=DIRECTION('',(0.,0.,1.));
#9675=DIRECTION('',(0.,1.,0.));
#9676=DIRECTION('',(0.,0.,1.));
#9677=DIRECTION('',(1.,0.,0.));
#9678=DIRECTION('',(0.,1.,0.));
#9679=DIRECTION('',(-1.,0.,0.));
#9680=DIRECTION('',(0.,1.,0.));
#9681=DIRECTION('',(1.,0.,0.));
#9682=DIRECTION('',(0.,1.,0.));
#9683=DIRECTION('',(-1.,0.,0.));
#9684=DIRECTION('',(1.,0.,-4.33680868994202E-16));
#9685=DIRECTION('',(-4.33680868994202E-16,0.,-1.));
#9686=DIRECTION('',(-3.06658683336675E-16,0.707106781186548,-0.707106781186547));
#9687=DIRECTION('',(-4.33680868994202E-16,0.,-1.));
#9688=DIRECTION('',(0.,1.,0.));
#9689=DIRECTION('',(-4.33680868994202E-16,0.,-1.));
#9690=DIRECTION('',(0.707106781186533,0.,0.707106781186562));
#9691=DIRECTION('',(0.707106781186562,0.,-0.707106781186533));
#9692=DIRECTION('',(0.707106781186562,0.,-0.707106781186533));
#9693=DIRECTION('',(0.707106781186562,0.,-0.707106781186533));
#9694=DIRECTION('',(0.,1.,0.));
#9695=DIRECTION('',(1.,0.,0.));
#9696=DIRECTION('',(0.,0.,-1.));
#9697=DIRECTION('',(0.,0.,-1.));
#9698=DIRECTION('',(0.,0.,-1.));
#9699=DIRECTION('',(0.,1.,0.));
#9700=DIRECTION('',(0.707106781186533,0.,-0.707106781186562));
#9701=DIRECTION('',(-0.707106781186562,0.,-0.707106781186533));
#9702=DIRECTION('',(-0.707106781186562,0.,-0.707106781186533));
#9703=DIRECTION('',(-0.707106781186562,0.,-0.707106781186533));
#9704=DIRECTION('',(0.,1.,0.));
#9705=DIRECTION('',(1.,0.,0.));
#9706=DIRECTION('',(0.,0.,-1.));
#9707=DIRECTION('',(0.,-0.707106781186548,-0.707106781186547));
#9708=DIRECTION('',(0.,0.,-1.));
#9709=DIRECTION('',(0.,0.,-1.));
#9710=DIRECTION('',(0.,1.,0.));
#9711=DIRECTION('',(0.,0.,-1.));
#9712=DIRECTION('',(-1.,0.,0.));
#9713=DIRECTION('',(-1.,0.,0.));
#9714=DIRECTION('',(-1.,0.,0.));
#9715=DIRECTION('',(0.,1.,0.));
#9716=DIRECTION('',(-0.384615384615359,0.,-0.923076923076934));
#9717=DIRECTION('',(-0.923076923076934,0.,0.384615384615359));
#9718=DIRECTION('',(-0.861549790341303,0.358979079308848,0.358979079308848));
#9719=DIRECTION('',(-0.923076923076934,0.,0.384615384615359));
#9720=DIRECTION('',(0.,1.,0.));
#9721=DIRECTION('',(-0.923076923076934,0.,0.384615384615359));
#9722=DIRECTION('',(0.,0.,-1.));
#9723=DIRECTION('',(-1.,0.,0.));
#9724=DIRECTION('',(-1.,0.,0.));
#9725=DIRECTION('',(-1.,0.,0.));
#9726=DIRECTION('',(0.,1.,0.));
#9727=DIRECTION('',(0.53868677574718,0.,-0.842506117268657));
#9728=DIRECTION('',(-0.842506117268657,0.,-0.53868677574718));
#9729=DIRECTION('',(-0.741732537970507,-0.474253540901821,-0.474253540901821));
#9730=DIRECTION('',(-0.842506117268657,0.,-0.53868677574718));
#9731=DIRECTION('',(-0.842506117268657,0.,-0.53868677574718));
#9732=DIRECTION('',(0.,1.,0.));
#9733=DIRECTION('',(1.59051663445306E-15,0.,-1.));
#9734=DIRECTION('',(-1.,0.,-1.59051663445306E-15));
#9735=DIRECTION('',(-1.,0.,0.));
#9736=DIRECTION('',(-1.,0.,-1.59051663445306E-15));
#9737=DIRECTION('',(0.,1.,0.));
#9738=DIRECTION('',(-0.538686775747198,0.,-0.842506117268645));
#9739=DIRECTION('',(-0.842506117268645,0.,0.538686775747198));
#9740=DIRECTION('',(-0.741732537970491,0.474253540901833,0.474253540901833));
#9741=DIRECTION('',(-0.842506117268645,0.,0.538686775747198));
#9742=DIRECTION('',(0.,1.,0.));
#9743=DIRECTION('',(-0.842506117268645,0.,0.538686775747198));
#9744=DIRECTION('',(0.,0.,-1.));
#9745=DIRECTION('',(-1.,0.,0.));
#9746=DIRECTION('',(-1.,0.,0.));
#9747=DIRECTION('',(-1.,0.,0.));
#9748=DIRECTION('',(0.,1.,0.));
#9749=DIRECTION('',(0.384615384615374,0.,-0.923076923076928));
#9750=DIRECTION('',(-0.923076923076928,0.,-0.384615384615374));
#9751=DIRECTION('',(-0.861549790341293,-0.35897907930886,-0.35897907930886));
#9752=DIRECTION('',(-0.923076923076928,0.,-0.384615384615374));
#9753=DIRECTION('',(-0.923076923076928,0.,-0.384615384615374));
#9754=DIRECTION('',(0.,1.,0.));
#9755=DIRECTION('',(-1.62630325872826E-15,0.,-1.));
#9756=DIRECTION('',(-1.,0.,1.62630325872826E-15));
#9757=DIRECTION('',(-1.,0.,0.));
#9758=DIRECTION('',(-1.,0.,1.62630325872826E-15));
#9759=DIRECTION('',(0.,1.,0.));
#9760=DIRECTION('',(-1.,0.,0.));
#9761=DIRECTION('',(0.,0.,1.));
#9762=DIRECTION('',(0.,0.707106781186548,0.707106781186547));
#9763=DIRECTION('',(0.,0.,1.));
#9764=DIRECTION('',(0.,0.,1.));
#9765=DIRECTION('',(0.,1.,0.));
#9766=DIRECTION('',(0.,0.,1.));
#9767=DIRECTION('',(0.,1.,0.));
#9768=DIRECTION('',(0.,0.,1.));
#9769=DIRECTION('',(0.,0.,1.));
#9770=DIRECTION('',(-1.,0.,0.));
#9771=DIRECTION('',(1.,0.,0.));
#9772=DIRECTION('',(1.,0.,0.));
#9773=DIRECTION('',(1.,0.,0.));
#9774=DIRECTION('',(0.,0.,1.));
#9775=DIRECTION('',(-1.,0.,0.));
#9776=DIRECTION('',(0.,-0.707106781186547,0.707106781186548));
#9777=DIRECTION('',(0.,-0.707106781186548,-0.707106781186547));
#9778=DIRECTION('',(0.,-0.707106781186547,0.707106781186548));
#9779=DIRECTION('',(0.,-0.707106781186548,-0.707106781186547));
#9780=DIRECTION('',(0.,-0.707106781186547,0.707106781186548));
#9781=DIRECTION('',(0.,-0.707106781186548,-0.707106781186547));
#9782=DIRECTION('',(0.,-0.707106781186547,-0.707106781186548));
#9783=DIRECTION('',(0.,0.707106781186548,-0.707106781186547));
#9784=DIRECTION('',(0.,-0.707106781186548,0.707106781186547));
#9785=DIRECTION('',(0.,0.,-1.));
#9786=DIRECTION('',(-1.,0.,0.));
#9787=DIRECTION('',(0.,-1.,0.));
#9788=DIRECTION('',(-1.,0.,0.));
#9789=DIRECTION('',(0.,-1.,0.));
#9790=DIRECTION('',(0.,1.,0.));
#9791=DIRECTION('',(0.,0.,1.));
#9792=DIRECTION('',(0.,0.,-1.));
#9793=DIRECTION('',(-1.,0.,0.));
#9794=DIRECTION('',(0.,0.,-1.));
#9795=DIRECTION('',(0.,0.248689887164854,0.968583161128631));
#9796=DIRECTION('',(0.,-0.968583161128631,0.248689887164854));
#9797=DIRECTION('',(0.,0.968583161128631,-0.248689887164854));
#9798=DIRECTION('',(-1.,0.,0.));
#9799=DIRECTION('',(0.,0.968583161128631,-0.248689887164854));
#9800=DIRECTION('',(0.,1.,-1.21011975062165E-16));
#9801=DIRECTION('',(0.,1.21011975062165E-16,1.));
#9802=DIRECTION('',(0.,-1.21011975062165E-16,-1.));
#9803=DIRECTION('',(0.,-1.21011975062165E-16,-1.));
#9804=DIRECTION('',(1.,0.,0.));
#9805=DIRECTION('',(0.,0.,-1.));
#9806=DIRECTION('',(1.,0.,0.));
#9807=DIRECTION('',(0.,0.,-1.));
#9808=DIRECTION('',(0.,0.,1.));
#9809=DIRECTION('',(1.,0.,0.));
#9810=CARTESIAN_POINT('',(0.,0.,0.));
#9811=CARTESIAN_POINT('',(-2.8,-2.2,2.));
#9812=CARTESIAN_POINT('',(-2.8,-2.45,2.));
#9813=CARTESIAN_POINT('',(-2.8,-2.45,1.75));
#9814=CARTESIAN_POINT('',(-2.8,-2.45,1.72080992435478));
#9815=CARTESIAN_POINT('',(-2.8,-2.6,1.35));
#9816=CARTESIAN_POINT('',(-2.8,-2.2,1.35));
#9817=CARTESIAN_POINT('',(-2.8,-2.2,2.));
#9818=CARTESIAN_POINT('',(-2.8,-2.2,1.75));
#9819=CARTESIAN_POINT('',(-2.8,0.,1.75));
#9820=CARTESIAN_POINT('',(-2.8,-2.2,2.));
#9821=CARTESIAN_POINT('',(-2.8,-2.2,2.));
#9822=CARTESIAN_POINT('',(-2.8,-2.2,-1.35));
#9823=CARTESIAN_POINT('',(-2.8,-2.2,-1.75));
#9824=CARTESIAN_POINT('',(-2.8,-2.6,-1.35));
#9825=CARTESIAN_POINT('',(-2.8,-2.45,-1.72080992435478));
#9826=CARTESIAN_POINT('',(-2.8,-2.45,2.));
#9827=CARTESIAN_POINT('',(-2.8,-2.45,-1.75));
#9828=CARTESIAN_POINT('',(-2.8,-2.45,-1.75));
#9829=CARTESIAN_POINT('',(-2.2,-2.45,2.));
#9830=CARTESIAN_POINT('',(-2.2,-2.2,2.));
#9831=CARTESIAN_POINT('',(-2.2,-2.2,1.75));
#9832=CARTESIAN_POINT('',(-2.2,-2.2,1.35));
#9833=CARTESIAN_POINT('',(-2.2,-2.6,1.35));
#9834=CARTESIAN_POINT('',(-2.2,-2.45,1.72080992435478));
#9835=CARTESIAN_POINT('',(-2.2,-2.45,2.));
#9836=CARTESIAN_POINT('',(-2.2,-2.45,1.75));
#9837=CARTESIAN_POINT('',(-2.2,0.,1.75));
#9838=CARTESIAN_POINT('',(-2.2,-2.45,2.));
#9839=CARTESIAN_POINT('',(-2.2,-2.45,2.));
#9840=CARTESIAN_POINT('',(-2.2,-2.45,-1.72080992435478));
#9841=CARTESIAN_POINT('',(-2.2,-2.45,-1.75));
#9842=CARTESIAN_POINT('',(-2.2,-2.6,-1.35));
#9843=CARTESIAN_POINT('',(-2.2,-2.2,-1.35));
#9844=CARTESIAN_POINT('',(-2.2,-2.2,2.));
#9845=CARTESIAN_POINT('',(-2.2,-2.2,-1.75));
#9846=CARTESIAN_POINT('',(-2.2,-2.45,-1.75));
#9847=CARTESIAN_POINT('',(-2.2,-2.2,2.));
#9848=CARTESIAN_POINT('',(-2.2,-2.2,1.35));
#9849=CARTESIAN_POINT('',(4.25,-2.2,1.75));
#9850=CARTESIAN_POINT('',(-0.3,-2.2,2.));
#9851=CARTESIAN_POINT('',(-0.3,-2.45,2.));
#9852=CARTESIAN_POINT('',(-0.3,-2.45,1.75));
#9853=CARTESIAN_POINT('',(-0.3,-2.45,1.72080992435478));
#9854=CARTESIAN_POINT('',(-0.3,-2.6,1.35));
#9855=CARTESIAN_POINT('',(-0.3,-2.2,1.35));
#9856=CARTESIAN_POINT('',(-0.3,-2.2,2.));
#9857=CARTESIAN_POINT('',(-0.3,-2.2,1.75));
#9858=CARTESIAN_POINT('',(-0.3,0.,1.75));
#9859=CARTESIAN_POINT('',(-0.3,-2.2,2.));
#9860=CARTESIAN_POINT('',(-0.3,-2.2,2.));
#9861=CARTESIAN_POINT('',(-0.3,-2.2,-1.35));
#9862=CARTESIAN_POINT('',(-0.3,-2.2,-1.75));
#9863=CARTESIAN_POINT('',(-0.3,-2.6,-1.35));
#9864=CARTESIAN_POINT('',(-0.3,-2.45,-1.72080992435478));
#9865=CARTESIAN_POINT('',(-0.3,-2.45,2.));
#9866=CARTESIAN_POINT('',(-0.3,-2.45,-1.75));
#9867=CARTESIAN_POINT('',(-0.3,-2.45,-1.75));
#9868=CARTESIAN_POINT('',(0.3,-2.45,2.));
#9869=CARTESIAN_POINT('',(0.3,-2.2,2.));
#9870=CARTESIAN_POINT('',(0.3,-2.2,1.75));
#9871=CARTESIAN_POINT('',(0.3,-2.2,1.35));
#9872=CARTESIAN_POINT('',(0.3,-2.6,1.35));
#9873=CARTESIAN_POINT('',(0.3,-2.45,1.72080992435478));
#9874=CARTESIAN_POINT('',(0.3,-2.45,2.));
#9875=CARTESIAN_POINT('',(0.3,-2.45,1.75));
#9876=CARTESIAN_POINT('',(0.3,0.,1.75));
#9877=CARTESIAN_POINT('',(0.3,-2.45,2.));
#9878=CARTESIAN_POINT('',(0.3,-2.45,2.));
#9879=CARTESIAN_POINT('',(0.3,-2.45,-1.72080992435478));
#9880=CARTESIAN_POINT('',(0.3,-2.45,-1.75));
#9881=CARTESIAN_POINT('',(0.3,-2.6,-1.35));
#9882=CARTESIAN_POINT('',(0.3,-2.2,-1.35));
#9883=CARTESIAN_POINT('',(0.3,-2.2,2.));
#9884=CARTESIAN_POINT('',(0.3,-2.2,-1.75));
#9885=CARTESIAN_POINT('',(0.3,-2.45,-1.75));
#9886=CARTESIAN_POINT('',(0.3,-2.2,2.));
#9887=CARTESIAN_POINT('',(0.3,-2.2,1.35));
#9888=CARTESIAN_POINT('',(4.25,-2.2,1.75));
#9889=CARTESIAN_POINT('',(2.2,-2.2,2.));
#9890=CARTESIAN_POINT('',(2.2,-2.6,1.35));
#9891=CARTESIAN_POINT('',(2.2,-2.2,1.35));
#9892=CARTESIAN_POINT('',(2.2,-2.45,1.72080992435478));
#9893=CARTESIAN_POINT('',(2.2,-2.2,2.));
#9894=CARTESIAN_POINT('',(2.2,-2.2,1.75));
#9895=CARTESIAN_POINT('',(2.2,0.,1.75));
#9896=CARTESIAN_POINT('',(2.2,-2.45,1.75));
#9897=CARTESIAN_POINT('',(2.2,-2.45,2.));
#9898=CARTESIAN_POINT('',(2.8,-2.45,2.));
#9899=CARTESIAN_POINT('',(2.8,-2.6,1.35));
#9900=CARTESIAN_POINT('',(2.8,-2.2,1.35));
#9901=CARTESIAN_POINT('',(2.8,-2.45,1.72080992435478));
#9902=CARTESIAN_POINT('',(2.8,-2.45,2.));
#9903=CARTESIAN_POINT('',(2.8,-2.45,1.75));
#9904=CARTESIAN_POINT('',(2.8,0.,1.75));
#9905=CARTESIAN_POINT('',(2.8,-2.2,1.75));
#9906=CARTESIAN_POINT('',(2.8,-2.2,2.));
#9907=CARTESIAN_POINT('',(2.8,-2.2,2.));
#9908=CARTESIAN_POINT('',(2.2,-2.2,1.35));
#9909=CARTESIAN_POINT('',(4.25,-2.2,1.75));
#9910=CARTESIAN_POINT('',(4.25,0.,0.));
#9911=CARTESIAN_POINT('',(4.25,-0.25,-1.));
#9912=CARTESIAN_POINT('',(4.25,-0.95,-1.));
#9913=CARTESIAN_POINT('',(4.25,-0.25,-1.));
#9914=CARTESIAN_POINT('',(4.25,-0.25,1.2));
#9915=CARTESIAN_POINT('',(4.25,-0.25,1.));
#9916=CARTESIAN_POINT('',(4.25,-0.25,1.));
#9917=CARTESIAN_POINT('',(4.25,-0.95,1.));
#9918=CARTESIAN_POINT('',(4.25,-0.95,0.));
#9919=CARTESIAN_POINT('',(4.25,-0.95,1.75));
#9920=CARTESIAN_POINT('',(4.25,0.,1.75));
#9921=CARTESIAN_POINT('',(4.25,-1.35,1.75));
#9922=CARTESIAN_POINT('',(4.25,-1.35,0.));
#9923=CARTESIAN_POINT('',(4.25,-1.35,1.));
#9924=CARTESIAN_POINT('',(4.25,-1.25,1.));
#9925=CARTESIAN_POINT('',(4.25,-1.12,1.));
#9926=CARTESIAN_POINT('',(4.25,-1.245,1.));
#9927=CARTESIAN_POINT('',(4.25,-1.37,1.));
#9928=CARTESIAN_POINT('',(4.25,-1.37,1.));
#9929=CARTESIAN_POINT('',(4.25,-1.37,1.75));
#9930=CARTESIAN_POINT('',(4.25,-1.37,1.75));
#9931=CARTESIAN_POINT('',(4.25,-2.,1.75));
#9932=CARTESIAN_POINT('',(4.25,-2.,1.55));
#9933=CARTESIAN_POINT('',(4.25,-2.2,1.55));
#9934=CARTESIAN_POINT('',(4.25,-2.2,1.55));
#9935=CARTESIAN_POINT('',(4.25,-2.2,-1.55));
#9936=CARTESIAN_POINT('',(4.25,-2.,-1.55));
#9937=CARTESIAN_POINT('',(4.25,-2.,-1.75));
#9938=CARTESIAN_POINT('',(4.25,-2.,-1.75));
#9939=CARTESIAN_POINT('',(4.25,-1.37,-1.75));
#9940=CARTESIAN_POINT('',(4.25,-1.37,-1.75));
#9941=CARTESIAN_POINT('',(4.25,-1.37,-1.));
#9942=CARTESIAN_POINT('',(4.25,-1.245,-1.));
#9943=CARTESIAN_POINT('',(4.25,-1.12,-1.));
#9944=CARTESIAN_POINT('',(4.25,-0.25,-1.));
#9945=CARTESIAN_POINT('',(4.25,-1.35,-1.));
#9946=CARTESIAN_POINT('',(4.25,-1.35,0.));
#9947=CARTESIAN_POINT('',(4.25,-1.35,-1.75));
#9948=CARTESIAN_POINT('',(4.25,-2.45,-1.75));
#9949=CARTESIAN_POINT('',(4.25,-0.95,-1.75));
#9950=CARTESIAN_POINT('',(4.25,-0.95,0.));
#9951=CARTESIAN_POINT('',(-4.25,-0.25,1.));
#9952=CARTESIAN_POINT('',(-4.,-0.250000000000001,1.));
#9953=CARTESIAN_POINT('',(-4.25,-0.25,1.));
#9954=CARTESIAN_POINT('',(-4.20000000000001,-0.100000000000008,1.));
#9955=CARTESIAN_POINT('',(-4.25,-0.25,1.));
#9956=CARTESIAN_POINT('',(-4.25,-0.95,1.));
#9957=CARTESIAN_POINT('',(-4.25,-0.95,1.));
#9958=CARTESIAN_POINT('',(-4.,-0.27143370348351,1.));
#9959=CARTESIAN_POINT('',(-4.,0.,1.));
#9960=CARTESIAN_POINT('',(-4.,-0.25,1.));
#9961=CARTESIAN_POINT('',(-4.2,-0.25,1.));
#9962=CARTESIAN_POINT('',(-4.2,-0.25,1.));
#9963=CARTESIAN_POINT('',(-4.20000000000001,-0.25,1.));
#9964=CARTESIAN_POINT('',(-4.2,-0.25,-1.));
#9965=CARTESIAN_POINT('',(-4.,-0.250000000000001,-1.));
#9966=CARTESIAN_POINT('',(-4.2,-0.100000000000001,-1.));
#9967=CARTESIAN_POINT('',(-4.25,-0.25,-1.));
#9968=CARTESIAN_POINT('',(-4.2,-0.25,-1.));
#9969=CARTESIAN_POINT('',(-4.2,-0.25,-1.));
#9970=CARTESIAN_POINT('',(-4.2,-0.25,-1.));
#9971=CARTESIAN_POINT('',(-4.,-0.25,-1.));
#9972=CARTESIAN_POINT('',(-4.,-1.12,-1.));
#9973=CARTESIAN_POINT('',(-4.,-0.271433703483512,-1.));
#9974=CARTESIAN_POINT('',(-3.00705833427467,2.4236732915891,-1.));
#9975=CARTESIAN_POINT('',(-4.25,-0.95,-1.));
#9976=CARTESIAN_POINT('',(-4.25,-0.25,-1.));
#9977=CARTESIAN_POINT('',(-4.2,0.,1.2));
#9978=CARTESIAN_POINT('',(-3.8,0.,-1.2));
#9979=CARTESIAN_POINT('',(-3.8,0.,-1.4));
#9980=CARTESIAN_POINT('',(-4.,-1.62630325872826E-16,-1.2));
#9981=CARTESIAN_POINT('',(-4.,-1.62630325872826E-16,1.2));
#9982=CARTESIAN_POINT('',(-4.,0.,1.2));
#9983=CARTESIAN_POINT('',(-3.8,0.,1.2));
#9984=CARTESIAN_POINT('',(-3.79999999999999,0.,1.4));
#9985=CARTESIAN_POINT('',(-3.79999999999999,0.,1.4));
#9986=CARTESIAN_POINT('',(-3.25,0.,1.4));
#9987=CARTESIAN_POINT('',(-3.25,0.,1.6));
#9988=CARTESIAN_POINT('',(-3.05,0.,1.6));
#9989=CARTESIAN_POINT('',(-3.05,0.,1.6));
#9990=CARTESIAN_POINT('',(-3.05,0.,1.75));
#9991=CARTESIAN_POINT('',(-3.05,0.,1.75));
#9992=CARTESIAN_POINT('',(3.05,0.,1.75));
#9993=CARTESIAN_POINT('',(3.05,0.,1.75));
#9994=CARTESIAN_POINT('',(3.05,0.,1.6));
#9995=CARTESIAN_POINT('',(3.25,0.,1.6));
#9996=CARTESIAN_POINT('',(3.25,0.,1.4));
#9997=CARTESIAN_POINT('',(3.25,0.,1.4));
#9998=CARTESIAN_POINT('',(3.79999999999999,0.,1.4));
#9999=CARTESIAN_POINT('',(3.8,0.,1.2));
#10000=CARTESIAN_POINT('',(4.,0.,1.2));
#10001=CARTESIAN_POINT('',(4.,0.,1.2));
#10002=CARTESIAN_POINT('',(4.,0.,-1.19999997658692));
#10003=CARTESIAN_POINT('',(3.8,0.,-1.2));
#10004=CARTESIAN_POINT('',(3.8,0.,-1.4));
#10005=CARTESIAN_POINT('',(3.8,0.,-1.4));
#10006=CARTESIAN_POINT('',(3.25,0.,-1.4));
#10007=CARTESIAN_POINT('',(3.25,0.,-1.6));
#10008=CARTESIAN_POINT('',(3.05,0.,-1.6));
#10009=CARTESIAN_POINT('',(3.05,0.,-1.6));
#10010=CARTESIAN_POINT('',(3.05,0.,-1.75));
#10011=CARTESIAN_POINT('',(3.05,0.,-1.75));
#10012=CARTESIAN_POINT('',(1.05,0.,-1.75));
#10013=CARTESIAN_POINT('',(1.05,0.,-1.75));
#10014=CARTESIAN_POINT('',(1.05,0.,-1.65));
#10015=CARTESIAN_POINT('',(0.85,0.,-1.65));
#10016=CARTESIAN_POINT('',(0.85,0.,-1.45));
#10017=CARTESIAN_POINT('',(0.85,0.,-1.45));
#10018=CARTESIAN_POINT('',(-1.8,0.,-1.45));
#10019=CARTESIAN_POINT('',(-1.925,0.,-1.45));
#10020=CARTESIAN_POINT('',(-2.05,0.,-1.45));
#10021=CARTESIAN_POINT('',(-2.05,0.,-1.45));
#10022=CARTESIAN_POINT('',(-3.05,5.42101086242752E-17,-1.45));
#10023=CARTESIAN_POINT('',(-3.05,0.,-1.45));
#10024=CARTESIAN_POINT('',(-3.05,0.,-1.4));
#10025=CARTESIAN_POINT('',(-3.05,0.,-1.4));
#10026=CARTESIAN_POINT('',(-4.,-4.,4.25));
#10027=CARTESIAN_POINT('',(-4.,0.,1.75));
#10028=CARTESIAN_POINT('',(-4.,-2.45,1.75));
#10029=CARTESIAN_POINT('',(-4.,-2.,1.75));
#10030=CARTESIAN_POINT('',(-4.,-2.,1.55));
#10031=CARTESIAN_POINT('',(-4.,-2.2,1.55));
#10032=CARTESIAN_POINT('',(-4.,-2.2,1.55));
#10033=CARTESIAN_POINT('',(-4.,-2.2,-1.55));
#10034=CARTESIAN_POINT('',(-4.,-2.,-1.55));
#10035=CARTESIAN_POINT('',(-4.,-2.,-1.75));
#10036=CARTESIAN_POINT('',(-4.,-4.,-1.75));
#10037=CARTESIAN_POINT('',(-4.,-2.45,-1.75));
#10038=CARTESIAN_POINT('',(-4.,-2.45,-1.4));
#10039=CARTESIAN_POINT('',(-4.,-2.45,-1.4));
#10040=CARTESIAN_POINT('',(-4.,-2.74967311138127,-1.4));
#10041=CARTESIAN_POINT('',(-4.,-2.74967311138127,-1.4));
#10042=CARTESIAN_POINT('',(-4.,-3.2,-1.3));
#10043=CARTESIAN_POINT('',(-4.,-3.2,-1.3));
#10044=CARTESIAN_POINT('',(-4.,-3.2,1.3));
#10045=CARTESIAN_POINT('',(-4.,-3.2,1.3));
#10046=CARTESIAN_POINT('',(-4.,-2.74967311138127,1.4));
#10047=CARTESIAN_POINT('',(-4.,-2.74967311138127,1.4));
#10048=CARTESIAN_POINT('',(-4.,-2.45,1.4));
#10049=CARTESIAN_POINT('',(-4.,-2.45,1.4));
#10050=CARTESIAN_POINT('',(-4.,-2.45,1.75));
#10051=CARTESIAN_POINT('',(-4.,-4.,4.25));
#10052=CARTESIAN_POINT('',(-4.,-4.,-1.75));
#10053=CARTESIAN_POINT('',(-4.,-1.37,-1.75));
#10054=CARTESIAN_POINT('',(-4.,-1.35,-1.75));
#10055=CARTESIAN_POINT('',(-4.,-1.37,-1.75));
#10056=CARTESIAN_POINT('',(-4.,-1.37,-1.));
#10057=CARTESIAN_POINT('',(-4.,-1.245,-1.));
#10058=CARTESIAN_POINT('',(-4.,-1.25,-0.875100040032032));
#10059=CARTESIAN_POINT('',(-4.,-1.25,-1.));
#10060=CARTESIAN_POINT('',(-4.,-1.25,-1.));
#10061=CARTESIAN_POINT('',(-4.,-2.,-1.));
#10062=CARTESIAN_POINT('',(-4.,-1.35,-1.));
#10063=CARTESIAN_POINT('',(-4.,-1.35,4.25));
#10064=CARTESIAN_POINT('',(-4.2,-0.25,1.2));
#10065=CARTESIAN_POINT('',(-4.2,-0.25,-1.2));
#10066=CARTESIAN_POINT('',(-4.,-0.25,-1.19999997658691));
#10067=CARTESIAN_POINT('',(-3.8,-0.25,-1.2));
#10068=CARTESIAN_POINT('',(-3.99210331267794,-0.25,-1.25564456180223));
#10069=CARTESIAN_POINT('',(-3.99210331267794,-0.25,-1.45));
#10070=CARTESIAN_POINT('',(-3.99210331267794,-0.25,-1.));
#10071=CARTESIAN_POINT('',(4.25,-0.25,-1.));
#10072=CARTESIAN_POINT('',(-3.5,-0.25,-1.));
#10073=CARTESIAN_POINT('',(-3.5,-0.25,-1.45));
#10074=CARTESIAN_POINT('',(-3.5,-0.25,-1.35));
#10075=CARTESIAN_POINT('',(4.25,-0.25,-1.35));
#10076=CARTESIAN_POINT('',(-3.08998031022997,-0.25,-1.35));
#10077=CARTESIAN_POINT('',(-3.08998031022997,-0.25,-1.45));
#10078=CARTESIAN_POINT('',(-3.08998031022997,-0.25,-1.4));
#10079=CARTESIAN_POINT('',(-3.05,-0.25,-1.4));
#10080=CARTESIAN_POINT('',(-3.05,-0.25,-1.4));
#10081=CARTESIAN_POINT('',(-3.05,-0.25,-1.45));
#10082=CARTESIAN_POINT('',(-3.05,-0.25,-1.45));
#10083=CARTESIAN_POINT('',(-2.05,-0.25,-1.45));
#10084=CARTESIAN_POINT('',(-2.05,-0.25,-1.45));
#10085=CARTESIAN_POINT('',(-1.925,-0.25,-1.45));
#10086=CARTESIAN_POINT('',(-1.8,-0.25,-1.45));
#10087=CARTESIAN_POINT('',(0.85,-0.25,-1.45));
#10088=CARTESIAN_POINT('',(0.85,-0.25,-1.45));
#10089=CARTESIAN_POINT('',(0.85,-0.25,-1.65));
#10090=CARTESIAN_POINT('',(0.95,-0.25,-1.47679491924311));
#10091=CARTESIAN_POINT('',(0.95,-0.25,-2.));
#10092=CARTESIAN_POINT('',(0.95,-0.25,-1.35));
#10093=CARTESIAN_POINT('',(4.25,-0.25,-1.35));
#10094=CARTESIAN_POINT('',(3.5,-0.25,-1.35));
#10095=CARTESIAN_POINT('',(3.5,-0.25,-1.45));
#10096=CARTESIAN_POINT('',(3.5,-0.25,-1.));
#10097=CARTESIAN_POINT('',(4.25,-0.25,-1.));
#10098=CARTESIAN_POINT('',(3.99210331267794,-0.25,-1.));
#10099=CARTESIAN_POINT('',(3.99210331267794,-0.25,4.25));
#10100=CARTESIAN_POINT('',(3.99210331267794,-0.25,-1.25564456180222));
#10101=CARTESIAN_POINT('',(3.8,-0.25,-1.2));
#10102=CARTESIAN_POINT('',(4.,-0.25,-1.19999997658692));
#10103=CARTESIAN_POINT('',(4.2,-0.25,-1.2));
#10104=CARTESIAN_POINT('',(4.2,-0.25,-1.));
#10105=CARTESIAN_POINT('',(-4.2,-0.25,-1.));
#10106=CARTESIAN_POINT('',(4.,-0.25,-1.));
#10107=CARTESIAN_POINT('',(4.,-0.25,1.2));
#10108=CARTESIAN_POINT('',(4.,-0.25,1.));
#10109=CARTESIAN_POINT('',(-4.2,-0.25,1.));
#10110=CARTESIAN_POINT('',(4.2,-0.25,1.));
#10111=CARTESIAN_POINT('',(4.2,-0.25,1.2));
#10112=CARTESIAN_POINT('',(4.,-0.25,1.20000000000001));
#10113=CARTESIAN_POINT('',(3.8,-0.25,1.2));
#10114=CARTESIAN_POINT('',(3.99210331267794,-0.25,1.25564456180221));
#10115=CARTESIAN_POINT('',(3.99210331267794,-0.25,1.));
#10116=CARTESIAN_POINT('',(3.99210331267794,-0.25,1.));
#10117=CARTESIAN_POINT('',(4.25,-0.25,1.));
#10118=CARTESIAN_POINT('',(3.5,-0.25,1.));
#10119=CARTESIAN_POINT('',(3.5,-0.25,1.));
#10120=CARTESIAN_POINT('',(3.5,-0.25,1.35));
#10121=CARTESIAN_POINT('',(4.25,-0.25,1.35));
#10122=CARTESIAN_POINT('',(1.9,-0.25,1.35));
#10123=CARTESIAN_POINT('',(1.9,-0.25,2.));
#10124=CARTESIAN_POINT('',(1.9,-0.25,1.75));
#10125=CARTESIAN_POINT('',(-3.05,-0.25,1.75));
#10126=CARTESIAN_POINT('',(-1.9,-0.25,1.75));
#10127=CARTESIAN_POINT('',(-1.9,-0.25,2.));
#10128=CARTESIAN_POINT('',(-1.9,-0.25,1.35));
#10129=CARTESIAN_POINT('',(4.25,-0.25,1.35));
#10130=CARTESIAN_POINT('',(-3.5,-0.25,1.35));
#10131=CARTESIAN_POINT('',(-3.5,-0.25,1.));
#10132=CARTESIAN_POINT('',(-3.5,-0.25,1.));
#10133=CARTESIAN_POINT('',(4.25,-0.25,1.));
#10134=CARTESIAN_POINT('',(-3.99210331267794,-0.25,1.));
#10135=CARTESIAN_POINT('',(-3.99210331267794,-0.25,4.25));
#10136=CARTESIAN_POINT('',(-3.99210331267794,-0.25,1.25564456180221));
#10137=CARTESIAN_POINT('',(-3.8,-0.25,1.2));
#10138=CARTESIAN_POINT('',(-4.,-0.25,1.2));
#10139=CARTESIAN_POINT('',(-4.2,-0.25,1.2));
#10140=CARTESIAN_POINT('',(-4.,-0.25,1.2));
#10141=CARTESIAN_POINT('',(-4.,-1.35,4.25));
#10142=CARTESIAN_POINT('',(-4.25,-1.35,0.));
#10143=CARTESIAN_POINT('',(-4.25,-1.35,1.75));
#10144=CARTESIAN_POINT('',(-4.25,-1.35,1.));
#10145=CARTESIAN_POINT('',(-4.,-1.35,1.));
#10146=CARTESIAN_POINT('',(-4.,-1.35,1.));
#10147=CARTESIAN_POINT('',(-4.,-1.35,4.25));
#10148=CARTESIAN_POINT('',(-4.,-1.35,1.75));
#10149=CARTESIAN_POINT('',(4.25,-1.35000000000001,1.75));
#10150=CARTESIAN_POINT('',(-4.,-1.35,4.25));
#10151=CARTESIAN_POINT('',(-4.,-1.35,-1.));
#10152=CARTESIAN_POINT('',(-4.25,-1.35,-1.));
#10153=CARTESIAN_POINT('',(-4.25,-1.35,0.));
#10154=CARTESIAN_POINT('',(-4.25,-1.35,-1.75));
#10155=CARTESIAN_POINT('',(-4.,-1.35,-1.75));
#10156=CARTESIAN_POINT('',(4.25,-0.25,-1.));
#10157=CARTESIAN_POINT('',(4.,-1.12,-1.));
#10158=CARTESIAN_POINT('',(4.,-1.12,-1.));
#10159=CARTESIAN_POINT('',(4.,-1.12,-1.));
#10160=CARTESIAN_POINT('',(4.,-0.271433703483511,-1.));
#10161=CARTESIAN_POINT('',(4.02292552239262,-0.333659650786185,-1.));
#10162=CARTESIAN_POINT('',(3.5,-0.25,-1.));
#10163=CARTESIAN_POINT('',(3.5,-1.25,-0.999999999999999));
#10164=CARTESIAN_POINT('',(4.25,-1.25,-1.));
#10165=CARTESIAN_POINT('',(4.,-1.25,-1.));
#10166=CARTESIAN_POINT('',(4.,-2.,-1.));
#10167=CARTESIAN_POINT('',(4.,-1.35,-1.));
#10168=CARTESIAN_POINT('',(4.25,-1.35,-1.));
#10169=CARTESIAN_POINT('',(4.25,-1.25,1.));
#10170=CARTESIAN_POINT('',(4.,-1.12,1.));
#10171=CARTESIAN_POINT('',(4.,-1.12,1.));
#10172=CARTESIAN_POINT('',(4.25,-1.35,1.));
#10173=CARTESIAN_POINT('',(4.,-1.35,1.));
#10174=CARTESIAN_POINT('',(4.,-1.,1.));
#10175=CARTESIAN_POINT('',(4.,-1.25,1.));
#10176=CARTESIAN_POINT('',(4.25,-1.25,1.));
#10177=CARTESIAN_POINT('',(3.5,-1.25,1.));
#10178=CARTESIAN_POINT('',(3.5,-1.25,1.));
#10179=CARTESIAN_POINT('',(4.3473176332603,-1.21414586394878,1.));
#10180=CARTESIAN_POINT('',(4.,-0.27143370348351,1.));
#10181=CARTESIAN_POINT('',(4.,0.,1.));
#10182=CARTESIAN_POINT('',(4.,-1.35,4.25));
#10183=CARTESIAN_POINT('',(4.,-2.,1.55));
#10184=CARTESIAN_POINT('',(4.,-2.,1.75));
#10185=CARTESIAN_POINT('',(4.,-2.2,1.55));
#10186=CARTESIAN_POINT('',(4.,0.,1.75));
#10187=CARTESIAN_POINT('',(4.,-2.45,1.75));
#10188=CARTESIAN_POINT('',(4.,-2.45,1.75));
#10189=CARTESIAN_POINT('',(4.,-2.45,1.4));
#10190=CARTESIAN_POINT('',(4.,-2.45,1.4));
#10191=CARTESIAN_POINT('',(4.,-2.74967311138127,1.4));
#10192=CARTESIAN_POINT('',(4.,-2.74967311138127,1.4));
#10193=CARTESIAN_POINT('',(4.,-3.2,1.3));
#10194=CARTESIAN_POINT('',(4.,-3.2,1.3));
#10195=CARTESIAN_POINT('',(4.,-3.2,-1.3));
#10196=CARTESIAN_POINT('',(4.,-3.2,-1.3));
#10197=CARTESIAN_POINT('',(4.,-2.74967311138127,-1.4));
#10198=CARTESIAN_POINT('',(4.,-2.74967311138127,-1.4));
#10199=CARTESIAN_POINT('',(4.,-2.45,-1.4));
#10200=CARTESIAN_POINT('',(4.,-2.45,-1.4));
#10201=CARTESIAN_POINT('',(4.,-2.45,-1.75));
#10202=CARTESIAN_POINT('',(4.,-1.35,-1.75));
#10203=CARTESIAN_POINT('',(4.,-2.,-1.75));
#10204=CARTESIAN_POINT('',(4.,-2.,-1.55));
#10205=CARTESIAN_POINT('',(4.,-2.2,-1.55));
#10206=CARTESIAN_POINT('',(4.,-2.2,1.55));
#10207=CARTESIAN_POINT('',(4.,-1.35,4.25));
#10208=CARTESIAN_POINT('',(4.,-1.37,1.));
#10209=CARTESIAN_POINT('',(4.,-1.37,1.));
#10210=CARTESIAN_POINT('',(4.,-1.37,1.75));
#10211=CARTESIAN_POINT('',(4.,-1.245,1.));
#10212=CARTESIAN_POINT('',(4.,-1.25,0.875100040032032));
#10213=CARTESIAN_POINT('',(4.,-1.25,-1.));
#10214=CARTESIAN_POINT('',(4.,-1.35,4.25));
#10215=CARTESIAN_POINT('',(4.,-1.35,1.75));
#10216=CARTESIAN_POINT('',(4.,0.,1.75));
#10217=CARTESIAN_POINT('',(4.25,-1.25,-1.));
#10218=CARTESIAN_POINT('',(4.25,-1.25,-1.));
#10219=CARTESIAN_POINT('',(-3.5,-1.25,-1.));
#10220=CARTESIAN_POINT('',(-4.,-1.25,-1.));
#10221=CARTESIAN_POINT('',(-4.,-1.25,0.875100040032032));
#10222=CARTESIAN_POINT('',(-4.,-1.25,-1.));
#10223=CARTESIAN_POINT('',(-4.,-1.25,1.));
#10224=CARTESIAN_POINT('',(4.25,-1.25,1.));
#10225=CARTESIAN_POINT('',(-3.5,-1.25,0.999999999999999));
#10226=CARTESIAN_POINT('',(-3.5,-1.25,-1.35));
#10227=CARTESIAN_POINT('',(-3.5,-1.25,1.35));
#10228=CARTESIAN_POINT('',(-3.5,-1.25,1.35));
#10229=CARTESIAN_POINT('',(-1.7,-1.25,1.35));
#10230=CARTESIAN_POINT('',(-1.7,-1.25,2.));
#10231=CARTESIAN_POINT('',(-1.7,-1.25,1.75));
#10232=CARTESIAN_POINT('',(4.25,-1.25,1.75));
#10233=CARTESIAN_POINT('',(1.7,-1.25,1.75));
#10234=CARTESIAN_POINT('',(1.7,-1.25,2.));
#10235=CARTESIAN_POINT('',(1.7,-1.25,1.35));
#10236=CARTESIAN_POINT('',(-3.5,-1.25,1.35));
#10237=CARTESIAN_POINT('',(3.5,-1.25,1.35));
#10238=CARTESIAN_POINT('',(3.5,-1.25,1.35));
#10239=CARTESIAN_POINT('',(4.,-1.25,-1.));
#10240=CARTESIAN_POINT('',(4.,-1.25,-0.875100040032032));
#10241=CARTESIAN_POINT('',(4.,-1.25,-1.));
#10242=CARTESIAN_POINT('',(3.5,-1.25,1.35));
#10243=CARTESIAN_POINT('',(3.5,-1.25,-1.35));
#10244=CARTESIAN_POINT('',(3.5,-1.25,-1.35));
#10245=CARTESIAN_POINT('',(0.75,-1.25,-1.35));
#10246=CARTESIAN_POINT('',(0.75,-1.25,-2.));
#10247=CARTESIAN_POINT('',(0.75,-1.25,-1.75));
#10248=CARTESIAN_POINT('',(4.25,-1.25,-1.75));
#10249=CARTESIAN_POINT('',(-2.77106790769135,-1.25,-1.75));
#10250=CARTESIAN_POINT('',(-2.77106790769135,-1.25,-2.));
#10251=CARTESIAN_POINT('',(-2.77106790769135,-1.25,-1.35));
#10252=CARTESIAN_POINT('',(3.5,-1.25,-1.35));
#10253=CARTESIAN_POINT('',(-3.5,-1.25,-1.35));
#10254=CARTESIAN_POINT('',(-3.5,-1.25,-1.35));
#10255=CARTESIAN_POINT('',(4.25,-1.35,4.25));
#10256=CARTESIAN_POINT('',(4.25,-1.35,1.75));
#10257=CARTESIAN_POINT('',(4.25,-0.25,-1.45));
#10258=CARTESIAN_POINT('',(3.8,-0.25,-1.4));
#10259=CARTESIAN_POINT('',(3.8,-0.25,-1.4));
#10260=CARTESIAN_POINT('',(3.25,-0.25,-1.4));
#10261=CARTESIAN_POINT('',(3.8,-0.25,-1.2));
#10262=CARTESIAN_POINT('',(3.99210331267794,-0.25,-1.45));
#10263=CARTESIAN_POINT('',(3.99210331267794,-0.25,-1.45));
#10264=CARTESIAN_POINT('',(4.25,-0.25,-1.45));
#10265=CARTESIAN_POINT('',(3.15,-0.25,-1.45));
#10266=CARTESIAN_POINT('',(3.15,-0.25,4.25));
#10267=CARTESIAN_POINT('',(3.15,-0.25,-1.75));
#10268=CARTESIAN_POINT('',(-2.65,-0.25,-1.75));
#10269=CARTESIAN_POINT('',(3.05,-0.25,-1.75));
#10270=CARTESIAN_POINT('',(3.05,-0.25,-1.6));
#10271=CARTESIAN_POINT('',(3.05,-0.25,-1.6));
#10272=CARTESIAN_POINT('',(3.25,-0.25,-1.6));
#10273=CARTESIAN_POINT('',(4.25,0.,1.75));
#10274=CARTESIAN_POINT('',(-1.9,-0.35,1.75));
#10275=CARTESIAN_POINT('',(-1.8,-0.35,1.75));
#10276=CARTESIAN_POINT('',(1.9,-0.35,1.75));
#10277=CARTESIAN_POINT('',(1.8,-0.35,1.75));
#10278=CARTESIAN_POINT('',(1.8,0.,1.75));
#10279=CARTESIAN_POINT('',(1.8,-1.15,1.75));
#10280=CARTESIAN_POINT('',(1.7,-1.15,1.75));
#10281=CARTESIAN_POINT('',(-1.7,-1.15,1.75));
#10282=CARTESIAN_POINT('',(-1.8,-1.15,1.75));
#10283=CARTESIAN_POINT('',(-1.8,0.,1.75));
#10284=CARTESIAN_POINT('',(4.25,-2.45,1.75));
#10285=CARTESIAN_POINT('',(4.,-2.,1.75));
#10286=CARTESIAN_POINT('',(4.,-1.37,1.75));
#10287=CARTESIAN_POINT('',(3.9418274946757,-0.113538097495536,1.75));
#10288=CARTESIAN_POINT('',(3.89999735292006,0.,1.75));
#10289=CARTESIAN_POINT('',(4.25,0.,1.75));
#10290=CARTESIAN_POINT('',(3.15,0.,1.75));
#10291=CARTESIAN_POINT('',(3.15,0.,1.75));
#10292=CARTESIAN_POINT('',(3.15,-0.25,1.75));
#10293=CARTESIAN_POINT('',(4.25,-0.25,1.75));
#10294=CARTESIAN_POINT('',(3.05,-0.25,1.75));
#10295=CARTESIAN_POINT('',(3.05,-0.25,1.75));
#10296=CARTESIAN_POINT('',(-3.05,-0.25,1.75));
#10297=CARTESIAN_POINT('',(-3.05,-0.25,1.75));
#10298=CARTESIAN_POINT('',(4.25,-0.25,1.75));
#10299=CARTESIAN_POINT('',(-3.15,-0.25,1.75));
#10300=CARTESIAN_POINT('',(-3.15,0.,1.75));
#10301=CARTESIAN_POINT('',(-3.15,0.,1.75));
#10302=CARTESIAN_POINT('',(4.25,0.,1.75));
#10303=CARTESIAN_POINT('',(-3.89999735292006,0.,1.75));
#10304=CARTESIAN_POINT('',(-2.92596030655775,2.64379484487975,1.75));
#10305=CARTESIAN_POINT('',(-4.25,-0.95,1.75));
#10306=CARTESIAN_POINT('',(-4.25,0.,1.75));
#10307=CARTESIAN_POINT('',(-4.,0.,1.75));
#10308=CARTESIAN_POINT('',(-4.,-1.37,1.75));
#10309=CARTESIAN_POINT('',(-4.,-1.37,1.75));
#10310=CARTESIAN_POINT('',(-4.25,-1.37,1.75));
#10311=CARTESIAN_POINT('',(-4.25,-1.37,1.75));
#10312=CARTESIAN_POINT('',(-4.25,-2.,1.75));
#10313=CARTESIAN_POINT('',(-4.,-2.,1.75));
#10314=CARTESIAN_POINT('',(4.25,-2.45,1.75));
#10315=CARTESIAN_POINT('',(4.25,-2.45,1.75));
#10316=CARTESIAN_POINT('',(4.25,-2.45,1.75));
#10317=CARTESIAN_POINT('',(4.25,-2.45,1.75));
#10318=CARTESIAN_POINT('',(0.3,-2.45,1.75));
#10319=CARTESIAN_POINT('',(0.3,-2.45,1.4));
#10320=CARTESIAN_POINT('',(4.25,-2.45,1.4));
#10321=CARTESIAN_POINT('',(2.2,-2.45,1.4));
#10322=CARTESIAN_POINT('',(2.2,-2.45,1.75));
#10323=CARTESIAN_POINT('',(4.25,-2.45,1.75));
#10324=CARTESIAN_POINT('',(2.8,-2.45,1.75));
#10325=CARTESIAN_POINT('',(2.8,-2.45,1.4));
#10326=CARTESIAN_POINT('',(4.25,-2.45,1.4));
#10327=CARTESIAN_POINT('',(4.25,-2.45,-1.4));
#10328=CARTESIAN_POINT('',(2.2,-2.45,2.));
#10329=CARTESIAN_POINT('',(2.2,-2.45,-1.4));
#10330=CARTESIAN_POINT('',(2.2,-2.45,-1.72080992435478));
#10331=CARTESIAN_POINT('',(4.25,-2.45,-1.4));
#10332=CARTESIAN_POINT('',(0.3,-2.45,-1.4));
#10333=CARTESIAN_POINT('',(0.3,-2.45,2.));
#10334=CARTESIAN_POINT('',(4.25,-2.45,-1.75));
#10335=CARTESIAN_POINT('',(2.2,-2.45,-1.75));
#10336=CARTESIAN_POINT('',(2.2,-2.45,2.));
#10337=CARTESIAN_POINT('',(4.25,-2.45,-1.4));
#10338=CARTESIAN_POINT('',(2.8,-2.45,2.));
#10339=CARTESIAN_POINT('',(2.8,-2.45,-1.4));
#10340=CARTESIAN_POINT('',(2.8,-2.45,-1.72080992435478));
#10341=CARTESIAN_POINT('',(2.8,-2.45,2.));
#10342=CARTESIAN_POINT('',(2.8,-2.45,-1.75));
#10343=CARTESIAN_POINT('',(4.25,-2.45,-1.75));
#10344=CARTESIAN_POINT('',(4.25,-2.45,-1.4));
#10345=CARTESIAN_POINT('',(4.25,-2.45,-1.75));
#10346=CARTESIAN_POINT('',(2.2,-2.45,-1.75));
#10347=CARTESIAN_POINT('',(2.2,-2.2,-1.75));
#10348=CARTESIAN_POINT('',(4.25,-2.2,-1.75));
#10349=CARTESIAN_POINT('',(4.25,-2.45,-1.75));
#10350=CARTESIAN_POINT('',(4.25,-2.2,-1.75));
#10351=CARTESIAN_POINT('',(4.25,-2.45,-1.75));
#10352=CARTESIAN_POINT('',(-4.,-2.,-1.75));
#10353=CARTESIAN_POINT('',(-4.25,-2.,-1.75));
#10354=CARTESIAN_POINT('',(-4.25,-2.,-1.75));
#10355=CARTESIAN_POINT('',(-4.25,-1.37,-1.75));
#10356=CARTESIAN_POINT('',(-4.,-1.37,-1.75));
#10357=CARTESIAN_POINT('',(-4.25,-2.45,-1.75));
#10358=CARTESIAN_POINT('',(-4.25,-0.95,-1.75));
#10359=CARTESIAN_POINT('',(-4.25,-0.95,-1.75));
#10360=CARTESIAN_POINT('',(-3.89999735292006,0.,-1.75));
#10361=CARTESIAN_POINT('',(4.25,0.,-1.75));
#10362=CARTESIAN_POINT('',(-3.15,0.,-1.75));
#10363=CARTESIAN_POINT('',(-2.19058577731602,-3.99624784116707,-1.75));
#10364=CARTESIAN_POINT('',(-2.86830489973111,-1.17334453638559,-1.75));
#10365=CARTESIAN_POINT('',(-2.77106790769135,-1.15,-1.75));
#10366=CARTESIAN_POINT('',(0.75,-1.15,-1.75));
#10367=CARTESIAN_POINT('',(0.85,-1.15,-1.75));
#10368=CARTESIAN_POINT('',(0.85,-2.45,-1.75));
#10369=CARTESIAN_POINT('',(0.85,-0.35,-1.75));
#10370=CARTESIAN_POINT('',(0.95,-0.35,-1.75));
#10371=CARTESIAN_POINT('',(0.95,-0.25,-1.75));
#10372=CARTESIAN_POINT('',(-2.65,-0.25,-1.75));
#10373=CARTESIAN_POINT('',(1.05,-0.25,-1.75));
#10374=CARTESIAN_POINT('',(1.05,-0.25,-1.75));
#10375=CARTESIAN_POINT('',(3.05,-0.25,-1.75));
#10376=CARTESIAN_POINT('',(3.15,-0.25,-1.75));
#10377=CARTESIAN_POINT('',(3.15,0.,-1.75));
#10378=CARTESIAN_POINT('',(4.25,0.,-1.75));
#10379=CARTESIAN_POINT('',(3.89999735292006,5.42101086242752E-17,-1.75));
#10380=CARTESIAN_POINT('',(3.58683708974328,0.85,-1.75));
#10381=CARTESIAN_POINT('',(4.25,-1.35,-1.75));
#10382=CARTESIAN_POINT('',(4.,-1.35,-1.75));
#10383=CARTESIAN_POINT('',(4.,-1.35,-1.75));
#10384=CARTESIAN_POINT('',(4.,-1.37,-1.75));
#10385=CARTESIAN_POINT('',(4.,-1.37,-1.75));
#10386=CARTESIAN_POINT('',(4.,-2.,-1.75));
#10387=CARTESIAN_POINT('',(2.8,-2.45,-1.75));
#10388=CARTESIAN_POINT('',(2.8,-2.2,-1.75));
#10389=CARTESIAN_POINT('',(4.25,-2.2,-1.75));
#10390=CARTESIAN_POINT('',(4.25,-2.45,1.75));
#10391=CARTESIAN_POINT('',(-2.2,-2.45,1.75));
#10392=CARTESIAN_POINT('',(-2.2,-2.45,1.4));
#10393=CARTESIAN_POINT('',(4.25,-2.45,1.4));
#10394=CARTESIAN_POINT('',(-0.3,-2.45,1.4));
#10395=CARTESIAN_POINT('',(-0.3,-2.45,1.75));
#10396=CARTESIAN_POINT('',(4.25,-2.45,-1.4));
#10397=CARTESIAN_POINT('',(-0.3,-2.45,2.));
#10398=CARTESIAN_POINT('',(-0.3,-2.45,-1.4));
#10399=CARTESIAN_POINT('',(4.25,-2.45,-1.4));
#10400=CARTESIAN_POINT('',(-2.2,-2.45,-1.4));
#10401=CARTESIAN_POINT('',(-2.2,-2.45,2.));
#10402=CARTESIAN_POINT('',(4.25,-2.45,1.75));
#10403=CARTESIAN_POINT('',(4.25,-2.45,1.4));
#10404=CARTESIAN_POINT('',(-2.8,-2.45,1.4));
#10405=CARTESIAN_POINT('',(-2.8,-2.45,1.75));
#10406=CARTESIAN_POINT('',(4.25,-2.45,-1.4));
#10407=CARTESIAN_POINT('',(-2.8,-2.45,2.));
#10408=CARTESIAN_POINT('',(-2.8,-2.45,-1.4));
#10409=CARTESIAN_POINT('',(4.25,-2.45,-1.4));
#10410=CARTESIAN_POINT('',(4.25,-0.25,1.45));
#10411=CARTESIAN_POINT('',(-3.15,-0.25,1.45));
#10412=CARTESIAN_POINT('',(-3.15,-0.25,1.45));
#10413=CARTESIAN_POINT('',(-3.15,0.,1.45));
#10414=CARTESIAN_POINT('',(4.25,-0.25,1.45));
#10415=CARTESIAN_POINT('',(-3.99210331267794,-0.25,1.45));
#10416=CARTESIAN_POINT('',(-3.00705833427467,2.4236732915891,1.45));
#10417=CARTESIAN_POINT('',(-3.89999735292006,0.,1.45));
#10418=CARTESIAN_POINT('',(4.25,0.,1.45));
#10419=CARTESIAN_POINT('',(4.25,0.,1.45));
#10420=CARTESIAN_POINT('',(-3.15,0.,1.45));
#10421=CARTESIAN_POINT('',(-3.89999735292006,0.,1.45));
#10422=CARTESIAN_POINT('',(4.25,-0.25,-1.45));
#10423=CARTESIAN_POINT('',(-3.8,-0.25,-1.2));
#10424=CARTESIAN_POINT('',(-3.8,-0.25,-1.4));
#10425=CARTESIAN_POINT('',(-3.05,-0.25,-1.4));
#10426=CARTESIAN_POINT('',(-3.08998031022997,-0.25,-1.45));
#10427=CARTESIAN_POINT('',(-3.08998031022997,-0.25,-1.45));
#10428=CARTESIAN_POINT('',(4.25,-0.25,-1.45));
#10429=CARTESIAN_POINT('',(-3.99210331267794,-0.25,-1.45));
#10430=CARTESIAN_POINT('',(-3.99210331267794,-0.25,-1.45));
#10431=CARTESIAN_POINT('',(3.5,1.25,-1.35));
#10432=CARTESIAN_POINT('',(-3.07134075526354,-0.327639334016263,-1.35));
#10433=CARTESIAN_POINT('',(-2.86830489973111,-1.17334453638559,-1.35));
#10434=CARTESIAN_POINT('',(-3.5,1.25,-1.35));
#10435=CARTESIAN_POINT('',(-2.77106790769135,-1.15,-1.35));
#10436=CARTESIAN_POINT('',(4.25,-0.25,1.));
#10437=CARTESIAN_POINT('',(-3.79999999999999,-0.25,1.4));
#10438=CARTESIAN_POINT('',(-3.79999999999999,-0.25,1.4));
#10439=CARTESIAN_POINT('',(-3.25,-0.25,1.4));
#10440=CARTESIAN_POINT('',(-3.8,-0.25,1.2));
#10441=CARTESIAN_POINT('',(-3.99210331267794,-0.25,1.));
#10442=CARTESIAN_POINT('',(-3.15,-0.25,2.));
#10443=CARTESIAN_POINT('',(-3.05,-0.25,1.6));
#10444=CARTESIAN_POINT('',(-3.05,-0.25,1.6));
#10445=CARTESIAN_POINT('',(-3.25,-0.25,1.6));
#10446=CARTESIAN_POINT('',(-3.5,1.25,1.35));
#10447=CARTESIAN_POINT('',(1.7,-1.15,1.35));
#10448=CARTESIAN_POINT('',(1.8,-1.15,1.35));
#10449=CARTESIAN_POINT('',(1.8,1.25,1.35));
#10450=CARTESIAN_POINT('',(1.8,-0.35,1.35));
#10451=CARTESIAN_POINT('',(1.9,-0.35,1.35));
#10452=CARTESIAN_POINT('',(3.5,1.25,1.35));
#10453=CARTESIAN_POINT('',(4.25,-0.25,-1.45));
#10454=CARTESIAN_POINT('',(0.85,-0.25,-1.65));
#10455=CARTESIAN_POINT('',(1.05,-0.25,-1.65));
#10456=CARTESIAN_POINT('',(1.05,-0.25,-1.75));
#10457=CARTESIAN_POINT('',(0.95,-0.25,-2.));
#10458=CARTESIAN_POINT('',(4.25,-0.25,-1.));
#10459=CARTESIAN_POINT('',(-4.,-1.12,-1.));
#10460=CARTESIAN_POINT('',(-4.,-1.12,-1.));
#10461=CARTESIAN_POINT('',(-4.,-1.12,-1.));
#10462=CARTESIAN_POINT('',(-4.25,-1.12,-1.));
#10463=CARTESIAN_POINT('',(-4.25,-0.25,-1.));
#10464=CARTESIAN_POINT('',(-3.5,-0.25,-1.));
#10465=CARTESIAN_POINT('',(-3.00705833427467,2.4236732915891,-1.));
#10466=CARTESIAN_POINT('',(4.25,-1.25,1.));
#10467=CARTESIAN_POINT('',(-4.25,-1.25,1.));
#10468=CARTESIAN_POINT('',(-4.25,-1.12,1.));
#10469=CARTESIAN_POINT('',(-4.,-1.12,1.));
#10470=CARTESIAN_POINT('',(-4.,-1.12,1.));
#10471=CARTESIAN_POINT('',(-4.,0.,1.));
#10472=CARTESIAN_POINT('',(-3.33145044514235,1.54318707842651,1.));
#10473=CARTESIAN_POINT('',(-3.5,-1.25,1.));
#10474=CARTESIAN_POINT('',(-4.,-1.,1.));
#10475=CARTESIAN_POINT('',(4.25,-0.25,1.));
#10476=CARTESIAN_POINT('',(3.25,-0.25,1.6));
#10477=CARTESIAN_POINT('',(3.25,-0.25,1.4));
#10478=CARTESIAN_POINT('',(3.05,-0.25,1.6));
#10479=CARTESIAN_POINT('',(3.05,-0.25,1.75));
#10480=CARTESIAN_POINT('',(3.15,-0.25,4.25));
#10481=CARTESIAN_POINT('',(3.15,-0.25,1.45));
#10482=CARTESIAN_POINT('',(4.25,-0.25,1.45));
#10483=CARTESIAN_POINT('',(3.99210331267794,-0.25,1.45));
#10484=CARTESIAN_POINT('',(3.99210331267794,-0.25,1.));
#10485=CARTESIAN_POINT('',(3.8,-0.25,1.2));
#10486=CARTESIAN_POINT('',(3.79999999999999,-0.25,1.4));
#10487=CARTESIAN_POINT('',(3.25,-0.25,1.4));
#10488=CARTESIAN_POINT('',(4.25,-2.45,1.4));
#10489=CARTESIAN_POINT('',(4.25,-2.74967311138127,1.4));
#10490=CARTESIAN_POINT('',(4.25,-2.45,1.4));
#10491=CARTESIAN_POINT('',(4.25,-2.45,1.4));
#10492=CARTESIAN_POINT('',(4.25,-2.45,1.4));
#10493=CARTESIAN_POINT('',(4.25,-2.74967311138127,1.4));
#10494=CARTESIAN_POINT('',(4.25,-3.2,1.3));
#10495=CARTESIAN_POINT('',(4.25,-3.2,1.3));
#10496=CARTESIAN_POINT('',(0.,-3.2,0.));
#10497=CARTESIAN_POINT('',(0.,-3.2,-0.4));
#10498=CARTESIAN_POINT('',(-1.5,-3.2,0.));
#10499=CARTESIAN_POINT('',(-1.5,-3.2,-0.5));
#10500=CARTESIAN_POINT('',(3.55,-3.2,0.65));
#10501=CARTESIAN_POINT('',(3.55,-3.2,0.65));
#10502=CARTESIAN_POINT('',(3.25,-3.2,0.65));
#10503=CARTESIAN_POINT('',(3.25,-3.2,0.750000000000001));
#10504=CARTESIAN_POINT('',(3.15,-3.2,0.75));
#10505=CARTESIAN_POINT('',(3.15,-3.2,0.75));
#10506=CARTESIAN_POINT('',(3.15,-3.2,1.05));
#10507=CARTESIAN_POINT('',(3.25,-3.2,1.05));
#10508=CARTESIAN_POINT('',(3.25,-3.2,1.15));
#10509=CARTESIAN_POINT('',(3.25,-3.2,1.15));
#10510=CARTESIAN_POINT('',(3.55,-3.2,1.15));
#10511=CARTESIAN_POINT('',(3.55,-3.2,1.05));
#10512=CARTESIAN_POINT('',(3.65,-3.2,1.05));
#10513=CARTESIAN_POINT('',(3.65,-3.2,1.05));
#10514=CARTESIAN_POINT('',(3.65,-3.2,0.75));
#10515=CARTESIAN_POINT('',(3.55,-3.2,0.75));
#10516=CARTESIAN_POINT('',(-3.25,-3.2,0.65));
#10517=CARTESIAN_POINT('',(-3.25,-3.2,0.65));
#10518=CARTESIAN_POINT('',(-3.55,-3.2,0.65));
#10519=CARTESIAN_POINT('',(-3.55,-3.2,0.75));
#10520=CARTESIAN_POINT('',(-3.65,-3.2,0.75));
#10521=CARTESIAN_POINT('',(-3.65,-3.2,0.75));
#10522=CARTESIAN_POINT('',(-3.65,-3.2,1.05));
#10523=CARTESIAN_POINT('',(-3.55,-3.2,1.05));
#10524=CARTESIAN_POINT('',(-3.55,-3.2,1.15));
#10525=CARTESIAN_POINT('',(-3.55,-3.2,1.15));
#10526=CARTESIAN_POINT('',(-3.25,-3.2,1.15));
#10527=CARTESIAN_POINT('',(-3.25,-3.2,1.05));
#10528=CARTESIAN_POINT('',(-3.15,-3.2,1.05));
#10529=CARTESIAN_POINT('',(-3.15,-3.2,1.05));
#10530=CARTESIAN_POINT('',(-3.15,-3.2,0.75));
#10531=CARTESIAN_POINT('',(-3.25,-3.2,0.750000000000001));
#10532=CARTESIAN_POINT('',(3.55,-3.2,-1.15));
#10533=CARTESIAN_POINT('',(3.55,-3.2,-1.15));
#10534=CARTESIAN_POINT('',(3.25,-3.2,-1.15));
#10535=CARTESIAN_POINT('',(3.25,-3.2,-1.05));
#10536=CARTESIAN_POINT('',(3.15,-3.2,-1.05));
#10537=CARTESIAN_POINT('',(3.15,-3.2,-1.05));
#10538=CARTESIAN_POINT('',(3.15,-3.2,-0.75));
#10539=CARTESIAN_POINT('',(3.25,-3.2,-0.750000000000001));
#10540=CARTESIAN_POINT('',(3.25,-3.2,-0.65));
#10541=CARTESIAN_POINT('',(3.25,-3.2,-0.65));
#10542=CARTESIAN_POINT('',(3.55,-3.2,-0.65));
#10543=CARTESIAN_POINT('',(3.55,-3.2,-0.75));
#10544=CARTESIAN_POINT('',(3.65,-3.2,-0.75));
#10545=CARTESIAN_POINT('',(3.65,-3.2,-0.75));
#10546=CARTESIAN_POINT('',(3.65,-3.2,-1.05));
#10547=CARTESIAN_POINT('',(3.55,-3.2,-1.05));
#10548=CARTESIAN_POINT('',(-3.25,-3.2,-1.15));
#10549=CARTESIAN_POINT('',(-3.25,-3.2,-1.15));
#10550=CARTESIAN_POINT('',(-3.55,-3.2,-1.15));
#10551=CARTESIAN_POINT('',(-3.55,-3.2,-1.05));
#10552=CARTESIAN_POINT('',(-3.65,-3.2,-1.05));
#10553=CARTESIAN_POINT('',(-3.65,-3.2,-1.05));
#10554=CARTESIAN_POINT('',(-3.65,-3.2,-0.75));
#10555=CARTESIAN_POINT('',(-3.55,-3.2,-0.75));
#10556=CARTESIAN_POINT('',(-3.55,-3.2,-0.65));
#10557=CARTESIAN_POINT('',(-3.55,-3.2,-0.65));
#10558=CARTESIAN_POINT('',(-3.25,-3.2,-0.65));
#10559=CARTESIAN_POINT('',(-3.25,-3.2,-0.750000000000001));
#10560=CARTESIAN_POINT('',(-3.15,-3.2,-0.75));
#10561=CARTESIAN_POINT('',(-3.15,-3.2,-0.75));
#10562=CARTESIAN_POINT('',(-3.15,-3.2,-1.05));
#10563=CARTESIAN_POINT('',(-3.25,-3.2,-1.05));
#10564=CARTESIAN_POINT('',(4.25,-3.2,-1.3));
#10565=CARTESIAN_POINT('',(4.25,-3.2,-1.3));
#10566=CARTESIAN_POINT('',(4.25,-2.74967311138127,-1.4));
#10567=CARTESIAN_POINT('',(4.25,-2.74967311138127,-1.4));
#10568=CARTESIAN_POINT('',(4.25,-2.45,-1.4));
#10569=CARTESIAN_POINT('',(4.25,-2.45,-1.4));
#10570=CARTESIAN_POINT('',(4.25,-2.45,-1.4));
#10571=CARTESIAN_POINT('',(4.25,0.,-1.75));
#10572=CARTESIAN_POINT('',(4.25,0.,-1.45));
#10573=CARTESIAN_POINT('',(-3.15,0.,-1.45));
#10574=CARTESIAN_POINT('',(-3.89999735292006,4.33680868994202E-16,-1.45));
#10575=CARTESIAN_POINT('',(-3.15,0.,-2.));
#10576=CARTESIAN_POINT('',(-3.89999735292006,0.,-1.75));
#10577=CARTESIAN_POINT('',(4.25,0.,-1.75));
#10578=CARTESIAN_POINT('',(3.15,0.,-1.75));
#10579=CARTESIAN_POINT('',(3.15,0.,-1.45));
#10580=CARTESIAN_POINT('',(4.25,0.,-1.45));
#10581=CARTESIAN_POINT('',(3.89999735292006,0.,-1.45));
#10582=CARTESIAN_POINT('',(3.89999735292006,0.,-1.75));
#10583=CARTESIAN_POINT('',(4.25,0.,-1.45));
#10584=CARTESIAN_POINT('',(-2.74672413949696,-1.67976484903632,-1.45));
#10585=CARTESIAN_POINT('',(-2.92596030655775,2.64379484487975,-1.45));
#10586=CARTESIAN_POINT('',(4.25,0.,-1.45));
#10587=CARTESIAN_POINT('',(3.15,0.,-1.45));
#10588=CARTESIAN_POINT('',(3.9418274946757,-0.113538097495536,-1.45));
#10589=CARTESIAN_POINT('',(4.25,-0.25,1.45));
#10590=CARTESIAN_POINT('',(3.15,-0.25,1.45));
#10591=CARTESIAN_POINT('',(3.15,0.,1.45));
#10592=CARTESIAN_POINT('',(4.25,0.,1.45));
#10593=CARTESIAN_POINT('',(3.89999735292006,0.,1.45));
#10594=CARTESIAN_POINT('',(4.02292552239262,-0.333659650786185,1.45));
#10595=CARTESIAN_POINT('',(4.25,0.,1.45));
#10596=CARTESIAN_POINT('',(3.15,0.,1.45));
#10597=CARTESIAN_POINT('',(3.89999735292006,0.,1.45));
#10598=CARTESIAN_POINT('',(-4.25,-0.95,4.25));
#10599=CARTESIAN_POINT('',(-4.25,-0.95,0.));
#10600=CARTESIAN_POINT('',(-4.25,-0.95,4.25));
#10601=CARTESIAN_POINT('',(-4.25,-0.95,0.));
#10602=CARTESIAN_POINT('',(-4.,-4.,4.25));
#10603=CARTESIAN_POINT('',(-4.,-1.245,1.));
#10604=CARTESIAN_POINT('',(-4.,-1.37,1.));
#10605=CARTESIAN_POINT('',(-4.,-1.37,1.));
#10606=CARTESIAN_POINT('',(4.25,-1.35,4.25));
#10607=CARTESIAN_POINT('',(4.,-1.35,4.25));
#10608=CARTESIAN_POINT('',(4.,-1.35,4.25));
#10609=CARTESIAN_POINT('',(4.,-1.37,-1.75));
#10610=CARTESIAN_POINT('',(4.,-1.37,-1.));
#10611=CARTESIAN_POINT('',(4.,-1.245,-1.));
#10612=CARTESIAN_POINT('',(3.58683708974328,0.85,4.25));
#10613=CARTESIAN_POINT('',(4.3473176332603,-1.21414586394878,1.));
#10614=CARTESIAN_POINT('',(3.58683708974328,0.85,4.25));
#10615=CARTESIAN_POINT('',(3.58683708974328,0.85,-1.));
#10616=CARTESIAN_POINT('',(3.15,-0.25,4.25));
#10617=CARTESIAN_POINT('',(3.15,-0.25,4.25));
#10618=CARTESIAN_POINT('',(3.5,1.25,1.35));
#10619=CARTESIAN_POINT('',(-3.5,1.25,1.35));
#10620=CARTESIAN_POINT('',(-1.9,-0.35,1.35));
#10621=CARTESIAN_POINT('',(-1.8,-0.35,1.35));
#10622=CARTESIAN_POINT('',(-1.8,1.25,1.35));
#10623=CARTESIAN_POINT('',(-1.8,-1.15,1.35));
#10624=CARTESIAN_POINT('',(-1.7,-1.15,1.35));
#10625=CARTESIAN_POINT('',(-3.5,1.25,1.35));
#10626=CARTESIAN_POINT('',(-3.5,1.25,-1.35));
#10627=CARTESIAN_POINT('',(3.5,1.25,-1.35));
#10628=CARTESIAN_POINT('',(0.75,-1.15,-1.35));
#10629=CARTESIAN_POINT('',(0.85,-1.15,-1.35));
#10630=CARTESIAN_POINT('',(3.5,1.25,-1.35));
#10631=CARTESIAN_POINT('',(0.95,-0.35,-1.35));
#10632=CARTESIAN_POINT('',(0.85,-0.35,-1.35));
#10633=CARTESIAN_POINT('',(0.85,1.25,-1.35));
#10634=CARTESIAN_POINT('',(-3.5,1.25,-1.35));
#10635=CARTESIAN_POINT('',(3.5,1.25,1.35));
#10636=CARTESIAN_POINT('',(-1.9,-0.35,2.));
#10637=CARTESIAN_POINT('',(-1.8,-0.35,2.));
#10638=CARTESIAN_POINT('',(-1.8,-0.35,2.));
#10639=CARTESIAN_POINT('',(-1.8,-1.15,2.));
#10640=CARTESIAN_POINT('',(-1.7,-1.15,2.));
#10641=CARTESIAN_POINT('',(1.7,-1.15,2.));
#10642=CARTESIAN_POINT('',(1.8,-1.15,2.));
#10643=CARTESIAN_POINT('',(1.8,-1.15,2.));
#10644=CARTESIAN_POINT('',(1.8,-0.35,2.));
#10645=CARTESIAN_POINT('',(1.9,-0.35,2.));
#10646=CARTESIAN_POINT('',(-3.15,0.,-2.));
#10647=CARTESIAN_POINT('',(-2.86830489973111,-1.17334453638559,-2.));
#10648=CARTESIAN_POINT('',(-2.77106790769135,-1.15,-2.));
#10649=CARTESIAN_POINT('',(0.75,-1.15,-2.));
#10650=CARTESIAN_POINT('',(0.85,-1.15,-2.));
#10651=CARTESIAN_POINT('',(0.85,-1.15,-2.));
#10652=CARTESIAN_POINT('',(0.85,-0.35,-2.));
#10653=CARTESIAN_POINT('',(0.95,-0.35,-2.));
#10654=CARTESIAN_POINT('',(-3.15,0.75,2.));
#10655=CARTESIAN_POINT('',(-2.2,-2.2,2.));
#10656=CARTESIAN_POINT('',(-2.2,-2.2,-1.35));
#10657=CARTESIAN_POINT('',(0.3,-2.2,2.));
#10658=CARTESIAN_POINT('',(0.3,-2.2,-1.35));
#10659=CARTESIAN_POINT('',(2.2,-2.2,2.));
#10660=CARTESIAN_POINT('',(2.2,-2.6,-1.35));
#10661=CARTESIAN_POINT('',(2.2,-2.2,-1.35));
#10662=CARTESIAN_POINT('',(2.2,-2.2,2.));
#10663=CARTESIAN_POINT('',(2.8,-2.45,2.));
#10664=CARTESIAN_POINT('',(2.8,-2.6,-1.35));
#10665=CARTESIAN_POINT('',(2.8,-2.2,-1.35));
#10666=CARTESIAN_POINT('',(2.8,-2.2,2.));
#10667=CARTESIAN_POINT('',(2.8,-2.2,2.));
#10668=CARTESIAN_POINT('',(2.2,-2.2,-1.35));
#10669=CARTESIAN_POINT('',(-3.55,-3.5,-1.05));
#10670=CARTESIAN_POINT('',(-3.55,-3.5,-1.15));
#10671=CARTESIAN_POINT('',(-3.55,-3.5,-1.15));
#10672=CARTESIAN_POINT('',(-3.55,-3.5,-1.05));
#10673=CARTESIAN_POINT('',(-3.65,-3.5,-1.05));
#10674=CARTESIAN_POINT('',(-3.65,-3.5,-1.05));
#10675=CARTESIAN_POINT('',(-3.65,-3.5,-1.05));
#10676=CARTESIAN_POINT('',(-3.65,-3.5,-1.05));
#10677=CARTESIAN_POINT('',(-3.65,-3.5,-0.75));
#10678=CARTESIAN_POINT('',(-3.65,-3.5,-0.75));
#10679=CARTESIAN_POINT('',(-3.55,-3.5,-0.75));
#10680=CARTESIAN_POINT('',(-3.55,-3.5,-0.75));
#10681=CARTESIAN_POINT('',(-3.55,-3.5,-0.65));
#10682=CARTESIAN_POINT('',(-3.55,-3.5,-0.65));
#10683=CARTESIAN_POINT('',(-3.55,-3.5,-0.65));
#10684=CARTESIAN_POINT('',(-3.55,-3.5,-0.65));
#10685=CARTESIAN_POINT('',(-3.25,-3.5,-0.65));
#10686=CARTESIAN_POINT('',(-3.25,-3.5,-0.65));
#10687=CARTESIAN_POINT('',(-3.25,-3.5,-0.750000000000001));
#10688=CARTESIAN_POINT('',(-3.25,-3.5,-0.750000000000001));
#10689=CARTESIAN_POINT('',(-3.15,-3.5,-0.75));
#10690=CARTESIAN_POINT('',(-3.15,-3.5,-0.75));
#10691=CARTESIAN_POINT('',(-3.15,-3.5,-0.75));
#10692=CARTESIAN_POINT('',(-3.15,-3.5,-0.75));
#10693=CARTESIAN_POINT('',(-3.15,-3.5,-1.05));
#10694=CARTESIAN_POINT('',(-3.15,-3.5,-1.05));
#10695=CARTESIAN_POINT('',(-3.25,-3.5,-1.05));
#10696=CARTESIAN_POINT('',(-3.25,-3.5,-1.05));
#10697=CARTESIAN_POINT('',(-3.25,-3.5,-1.15));
#10698=CARTESIAN_POINT('',(-3.25,-3.5,-1.15));
#10699=CARTESIAN_POINT('',(-3.25,-3.5,-1.15));
#10700=CARTESIAN_POINT('',(-3.25,-3.5,-1.15));
#10701=CARTESIAN_POINT('',(-3.55,-3.5,-1.05));
#10702=CARTESIAN_POINT('',(3.25,-3.5,-1.05));
#10703=CARTESIAN_POINT('',(3.25,-3.5,-1.15));
#10704=CARTESIAN_POINT('',(3.25,-3.5,-1.15));
#10705=CARTESIAN_POINT('',(3.25,-3.5,-1.05));
#10706=CARTESIAN_POINT('',(3.15,-3.5,-1.05));
#10707=CARTESIAN_POINT('',(3.15,-3.5,-1.05));
#10708=CARTESIAN_POINT('',(3.15,-3.5,-1.05));
#10709=CARTESIAN_POINT('',(3.15,-3.5,-1.05));
#10710=CARTESIAN_POINT('',(3.15,-3.5,-0.75));
#10711=CARTESIAN_POINT('',(3.15,-3.5,-0.75));
#10712=CARTESIAN_POINT('',(3.25,-3.5,-0.750000000000001));
#10713=CARTESIAN_POINT('',(3.25,-3.5,-0.750000000000001));
#10714=CARTESIAN_POINT('',(3.25,-3.5,-0.65));
#10715=CARTESIAN_POINT('',(3.25,-3.5,-0.65));
#10716=CARTESIAN_POINT('',(3.25,-3.5,-0.65));
#10717=CARTESIAN_POINT('',(3.25,-3.5,-0.65));
#10718=CARTESIAN_POINT('',(3.55,-3.5,-0.65));
#10719=CARTESIAN_POINT('',(3.55,-3.5,-0.65));
#10720=CARTESIAN_POINT('',(3.55,-3.5,-0.75));
#10721=CARTESIAN_POINT('',(3.55,-3.5,-0.75));
#10722=CARTESIAN_POINT('',(3.65,-3.5,-0.75));
#10723=CARTESIAN_POINT('',(3.65,-3.5,-0.75));
#10724=CARTESIAN_POINT('',(3.65,-3.5,-0.75));
#10725=CARTESIAN_POINT('',(3.65,-3.5,-0.75));
#10726=CARTESIAN_POINT('',(3.65,-3.5,-1.05));
#10727=CARTESIAN_POINT('',(3.65,-3.5,-1.05));
#10728=CARTESIAN_POINT('',(3.55,-3.5,-1.05));
#10729=CARTESIAN_POINT('',(3.55,-3.5,-1.05));
#10730=CARTESIAN_POINT('',(3.55,-3.5,-1.15));
#10731=CARTESIAN_POINT('',(3.55,-3.5,-1.15));
#10732=CARTESIAN_POINT('',(3.55,-3.5,-1.15));
#10733=CARTESIAN_POINT('',(3.55,-3.5,-1.15));
#10734=CARTESIAN_POINT('',(3.25,-3.5,-1.05));
#10735=CARTESIAN_POINT('',(-3.55,-3.5,0.75));
#10736=CARTESIAN_POINT('',(-3.55,-3.5,0.65));
#10737=CARTESIAN_POINT('',(-3.55,-3.5,0.65));
#10738=CARTESIAN_POINT('',(-3.55,-3.5,0.75));
#10739=CARTESIAN_POINT('',(-3.65,-3.5,0.75));
#10740=CARTESIAN_POINT('',(-3.65,-3.5,0.75));
#10741=CARTESIAN_POINT('',(-3.65,-3.5,0.75));
#10742=CARTESIAN_POINT('',(-3.65,-3.5,0.75));
#10743=CARTESIAN_POINT('',(-3.65,-3.5,1.05));
#10744=CARTESIAN_POINT('',(-3.65,-3.5,1.05));
#10745=CARTESIAN_POINT('',(-3.55,-3.5,1.05));
#10746=CARTESIAN_POINT('',(-3.55,-3.5,1.05));
#10747=CARTESIAN_POINT('',(-3.55,-3.5,1.15));
#10748=CARTESIAN_POINT('',(-3.55,-3.5,1.15));
#10749=CARTESIAN_POINT('',(-3.55,-3.5,1.15));
#10750=CARTESIAN_POINT('',(-3.55,-3.5,1.15));
#10751=CARTESIAN_POINT('',(-3.25,-3.5,1.15));
#10752=CARTESIAN_POINT('',(-3.25,-3.5,1.15));
#10753=CARTESIAN_POINT('',(-3.25,-3.5,1.05));
#10754=CARTESIAN_POINT('',(-3.25,-3.5,1.05));
#10755=CARTESIAN_POINT('',(-3.15,-3.5,1.05));
#10756=CARTESIAN_POINT('',(-3.15,-3.5,1.05));
#10757=CARTESIAN_POINT('',(-3.15,-3.5,1.05));
#10758=CARTESIAN_POINT('',(-3.15,-3.5,1.05));
#10759=CARTESIAN_POINT('',(-3.15,-3.5,0.75));
#10760=CARTESIAN_POINT('',(-3.15,-3.5,0.75));
#10761=CARTESIAN_POINT('',(-3.25,-3.5,0.750000000000001));
#10762=CARTESIAN_POINT('',(-3.25,-3.5,0.750000000000001));
#10763=CARTESIAN_POINT('',(-3.25,-3.5,0.65));
#10764=CARTESIAN_POINT('',(-3.25,-3.5,0.65));
#10765=CARTESIAN_POINT('',(-3.25,-3.5,0.65));
#10766=CARTESIAN_POINT('',(-3.25,-3.5,0.65));
#10767=CARTESIAN_POINT('',(-3.55,-3.5,0.75));
#10768=CARTESIAN_POINT('',(3.25,-3.5,0.750000000000001));
#10769=CARTESIAN_POINT('',(3.25,-3.5,0.65));
#10770=CARTESIAN_POINT('',(3.25,-3.5,0.65));
#10771=CARTESIAN_POINT('',(3.25,-3.5,0.750000000000001));
#10772=CARTESIAN_POINT('',(3.15,-3.5,0.75));
#10773=CARTESIAN_POINT('',(3.15,-3.5,0.75));
#10774=CARTESIAN_POINT('',(3.15,-3.5,0.75));
#10775=CARTESIAN_POINT('',(3.15,-3.5,0.75));
#10776=CARTESIAN_POINT('',(3.15,-3.5,1.05));
#10777=CARTESIAN_POINT('',(3.15,-3.5,1.05));
#10778=CARTESIAN_POINT('',(3.25,-3.5,1.05));
#10779=CARTESIAN_POINT('',(3.25,-3.5,1.05));
#10780=CARTESIAN_POINT('',(3.25,-3.5,1.15));
#10781=CARTESIAN_POINT('',(3.25,-3.5,1.15));
#10782=CARTESIAN_POINT('',(3.25,-3.5,1.15));
#10783=CARTESIAN_POINT('',(3.25,-3.5,1.15));
#10784=CARTESIAN_POINT('',(3.55,-3.5,1.15));
#10785=CARTESIAN_POINT('',(3.55,-3.5,1.15));
#10786=CARTESIAN_POINT('',(3.55,-3.5,1.05));
#10787=CARTESIAN_POINT('',(3.55,-3.5,1.05));
#10788=CARTESIAN_POINT('',(3.65,-3.5,1.05));
#10789=CARTESIAN_POINT('',(3.65,-3.5,1.05));
#10790=CARTESIAN_POINT('',(3.65,-3.5,1.05));
#10791=CARTESIAN_POINT('',(3.65,-3.5,1.05));
#10792=CARTESIAN_POINT('',(3.65,-3.5,0.75));
#10793=CARTESIAN_POINT('',(3.65,-3.5,0.75));
#10794=CARTESIAN_POINT('',(3.55,-3.5,0.75));
#10795=CARTESIAN_POINT('',(3.55,-3.5,0.75));
#10796=CARTESIAN_POINT('',(3.55,-3.5,0.65));
#10797=CARTESIAN_POINT('',(3.55,-3.5,0.65));
#10798=CARTESIAN_POINT('',(3.55,-3.5,0.65));
#10799=CARTESIAN_POINT('',(3.55,-3.5,0.65));
#10800=CARTESIAN_POINT('',(3.25,-3.5,0.750000000000001));
#10801=CARTESIAN_POINT('',(-1.5,-2.9,0.));
#10802=CARTESIAN_POINT('',(-1.5,-2.9,0.));
#10803=CARTESIAN_POINT('',(-1.5,-2.9,-0.5));
#10804=CARTESIAN_POINT('',(-1.5,-3.2,0.));
#10805=CARTESIAN_POINT('',(0.,-2.9,0.));
#10806=CARTESIAN_POINT('',(0.,-2.9,0.));
#10807=CARTESIAN_POINT('',(0.,-2.9,-0.4));
#10808=CARTESIAN_POINT('',(0.,-3.2,0.));
#10809=CARTESIAN_POINT('',(-4.25,-0.25,-1.));
#10810=CARTESIAN_POINT('',(-4.25,-0.25,1.2));
#10811=CARTESIAN_POINT('',(-4.25,-1.245,-1.));
#10812=CARTESIAN_POINT('',(-4.25,-1.37,-1.));
#10813=CARTESIAN_POINT('',(-4.25,-1.37,-1.75));
#10814=CARTESIAN_POINT('',(-4.25,-2.,-1.55));
#10815=CARTESIAN_POINT('',(-4.25,-2.2,-1.55));
#10816=CARTESIAN_POINT('',(-4.25,-2.2,1.55));
#10817=CARTESIAN_POINT('',(-4.25,-2.2,1.55));
#10818=CARTESIAN_POINT('',(-4.25,-2.,1.55));
#10819=CARTESIAN_POINT('',(-4.25,-1.37,1.));
#10820=CARTESIAN_POINT('',(-4.25,-1.37,1.));
#10821=CARTESIAN_POINT('',(-4.25,-1.245,1.));
#10822=CARTESIAN_POINT('',(-4.2,-0.25,1.2));
#10823=CARTESIAN_POINT('',(-4.,-0.25,1.2));
#10824=CARTESIAN_POINT('',(-4.,-1.62630325872826E-16,1.2));
#10825=CARTESIAN_POINT('',(-4.,-1.62630325872828E-16,1.14206121972251));
#10826=CARTESIAN_POINT('',(-4.05563375419107,0.00733034203488903,1.02649988805115));
#10827=CARTESIAN_POINT('',(-4.16523578558476,-0.053647714112842,0.999999999999982));
#10828=CARTESIAN_POINT('',(-4.20000000000008,-0.0999999999999354,0.999999999999997));
#10829=CARTESIAN_POINT('',(-3.8,-0.25,1.2));
#10830=CARTESIAN_POINT('',(-3.79999999999999,-0.25,1.4));
#10831=CARTESIAN_POINT('',(-3.79999999999999,-0.25,1.4));
#10832=CARTESIAN_POINT('',(-3.25,-0.25,1.4));
#10833=CARTESIAN_POINT('',(-3.25,-0.25,1.6));
#10834=CARTESIAN_POINT('',(-3.05,-0.25,1.6));
#10835=CARTESIAN_POINT('',(-3.05,-0.25,1.6));
#10836=CARTESIAN_POINT('',(3.05,-0.25,1.75));
#10837=CARTESIAN_POINT('',(3.05,-0.25,1.6));
#10838=CARTESIAN_POINT('',(3.25,-0.25,1.6));
#10839=CARTESIAN_POINT('',(3.25,-0.25,1.4));
#10840=CARTESIAN_POINT('',(3.25,-0.25,1.4));
#10841=CARTESIAN_POINT('',(3.79999999999999,-0.25,1.4));
#10842=CARTESIAN_POINT('',(3.8,-0.25,1.2));
#10843=CARTESIAN_POINT('',(4.,-0.25,1.20000000000001));
#10844=CARTESIAN_POINT('',(4.2,-0.25,1.2));
#10845=CARTESIAN_POINT('',(4.20000000000001,-0.25,1.));
#10846=CARTESIAN_POINT('',(4.20000000000001,-0.100000000000008,1.));
#10847=CARTESIAN_POINT('',(4.20000000000001,-0.100000000000008,1.));
#10848=CARTESIAN_POINT('',(4.16528932490046,-0.0537190998672796,0.999999999999999));
#10849=CARTESIAN_POINT('',(4.05645786230694,0.00712040364459833,1.02576712145738));
#10850=CARTESIAN_POINT('',(4.,4.76456035591775E-19,1.1420582788527));
#10851=CARTESIAN_POINT('',(4.,4.76456035591557E-19,1.2));
#10852=CARTESIAN_POINT('',(4.20000000000001,-0.25,1.));
#10853=CARTESIAN_POINT('',(4.,-0.250000000000001,1.));
#10854=CARTESIAN_POINT('',(4.,0.,1.));
#10855=CARTESIAN_POINT('',(4.25,-0.25,-1.));
#10856=CARTESIAN_POINT('',(4.,-0.250000000000001,-1.));
#10857=CARTESIAN_POINT('',(4.2,-0.100000000000001,-1.));
#10858=CARTESIAN_POINT('',(4.,-1.12,-1.));
#10859=CARTESIAN_POINT('',(4.2,-0.25,-1.));
#10860=CARTESIAN_POINT('',(4.2,-0.25,-1.2));
#10861=CARTESIAN_POINT('',(4.,-0.25,-1.19999997658692));
#10862=CARTESIAN_POINT('',(4.,0.,-1.19999997658692));
#10863=CARTESIAN_POINT('',(4.00000000678263,-7.05958864215853E-23,-1.14206120024265));
#10864=CARTESIAN_POINT('',(4.05563376704455,0.00733033859791032,-1.02649988270955));
#10865=CARTESIAN_POINT('',(4.16523578795081,-0.0536477172675716,-0.999999999999983));
#10866=CARTESIAN_POINT('',(4.20000000000008,-0.0999999999999279,-0.999999999999997));
#10867=CARTESIAN_POINT('',(3.8,-0.25,-1.2));
#10868=CARTESIAN_POINT('',(3.8,-0.25,-1.4));
#10869=CARTESIAN_POINT('',(3.8,-0.25,-1.4));
#10870=CARTESIAN_POINT('',(3.25,-0.25,-1.4));
#10871=CARTESIAN_POINT('',(3.25,-0.25,-1.6));
#10872=CARTESIAN_POINT('',(3.05,-0.25,-1.6));
#10873=CARTESIAN_POINT('',(3.05,-0.25,-1.6));
#10874=CARTESIAN_POINT('',(1.05,-0.25,-1.75));
#10875=CARTESIAN_POINT('',(1.05,-0.25,-1.65));
#10876=CARTESIAN_POINT('',(0.85,-0.25,-1.65));
#10877=CARTESIAN_POINT('',(0.85,-0.25,-1.45));
#10878=CARTESIAN_POINT('',(0.85,-0.25,-1.45));
#10879=CARTESIAN_POINT('',(-1.8,-0.25,-1.45));
#10880=CARTESIAN_POINT('',(-1.925,-0.25,-1.45));
#10881=CARTESIAN_POINT('',(-2.05,-0.25,-1.45));
#10882=CARTESIAN_POINT('',(-3.05,-0.25,-1.45));
#10883=CARTESIAN_POINT('',(-3.05,-0.3,-1.45));
#10884=CARTESIAN_POINT('',(-3.05,-0.3,-1.75));
#10885=CARTESIAN_POINT('',(-3.05,-0.3,-1.5));
#10886=CARTESIAN_POINT('',(-3.05,-0.3,-1.5));
#10887=CARTESIAN_POINT('',(-3.05,-0.3,-1.45));
#10888=CARTESIAN_POINT('',(-3.05,-0.25,-1.4));
#10889=CARTESIAN_POINT('',(-3.05,-0.25,-1.4));
#10890=CARTESIAN_POINT('',(-3.8,-0.25,-1.4));
#10891=CARTESIAN_POINT('',(-3.8,-0.25,-1.2));
#10892=CARTESIAN_POINT('',(-4.,-0.25,-1.19999997658691));
#10893=CARTESIAN_POINT('',(-4.2,-0.25,-1.2));
#10894=CARTESIAN_POINT('',(-4.2,-0.100000000000001,-1.));
#10895=CARTESIAN_POINT('',(-4.16528932490046,-0.0537190998672757,-1.));
#10896=CARTESIAN_POINT('',(-4.05645786230694,0.00712040364459662,-1.02576712145738));
#10897=CARTESIAN_POINT('',(-4.,-1.56365259910885E-16,-1.1420582788527));
#10898=CARTESIAN_POINT('',(-4.,-1.56365259910884E-16,-1.2));
#10899=CARTESIAN_POINT('',(4.,-2.,1.55));
#10900=CARTESIAN_POINT('',(4.,-1.245,-1.));
#10901=CARTESIAN_POINT('',(4.,-1.245,1.));
#10902=CARTESIAN_POINT('',(4.,-2.,1.55));
#10903=CARTESIAN_POINT('',(4.,-2.2,1.55));
#10904=CARTESIAN_POINT('',(4.,-2.2,1.55));
#10905=CARTESIAN_POINT('',(4.,-2.2,-1.55));
#10906=CARTESIAN_POINT('',(4.,-2.,-1.55));
#10907=CARTESIAN_POINT('',(4.,-1.37,-1.75));
#10908=CARTESIAN_POINT('',(4.,-1.37,-1.));
#10909=CARTESIAN_POINT('',(4.,-1.245,-1.));
#10910=CARTESIAN_POINT('',(4.,-1.245,1.));
#10911=CARTESIAN_POINT('',(4.,-1.37,1.));
#10912=CARTESIAN_POINT('',(4.,-1.37,1.));
#10913=CARTESIAN_POINT('',(-4.,-2.,1.55));
#10914=CARTESIAN_POINT('',(-4.,-1.245,-1.));
#10915=CARTESIAN_POINT('',(-4.,-1.245,1.));
#10916=CARTESIAN_POINT('',(-4.,-2.,1.55));
#10917=CARTESIAN_POINT('',(-4.,-2.2,1.55));
#10918=CARTESIAN_POINT('',(-4.,-2.2,1.55));
#10919=CARTESIAN_POINT('',(-4.,-2.2,-1.55));
#10920=CARTESIAN_POINT('',(-4.,-2.,-1.55));
#10921=CARTESIAN_POINT('',(-4.,-1.37,-1.75));
#10922=CARTESIAN_POINT('',(-4.,-1.37,-1.));
#10923=CARTESIAN_POINT('',(-4.,-1.245,-1.));
#10924=CARTESIAN_POINT('',(-4.,-1.245,1.));
#10925=CARTESIAN_POINT('',(-4.,-1.37,1.));
#10926=CARTESIAN_POINT('',(-4.,-1.37,1.));
#10927=CARTESIAN_POINT('',(4.,-0.250000000000001,1.2));
#10928=CARTESIAN_POINT('',(-4.,-0.250000000000001,1.2));
#10929=CARTESIAN_POINT('',(-3.05,-0.3,-1.45));
#10930=CARTESIAN_POINT('',(-2.05,-0.3,-1.45));
#10931=CARTESIAN_POINT('',(-2.05,-0.3,-1.5));
#10932=CARTESIAN_POINT('',(-3.05,-0.3,-1.5));
#10933=CARTESIAN_POINT('',(-3.05,-0.3,-1.45));
#10934=CARTESIAN_POINT('',(-2.05,-0.3,-1.45));
#10935=CARTESIAN_POINT('',(-2.05,-0.3,-1.75));
#10936=CARTESIAN_POINT('',(-3.05,-0.3,-1.75));
#10937=CARTESIAN_POINT('',(-2.05,-0.3,-1.45));
#10938=CARTESIAN_POINT('',(-2.05,-0.3,-1.5));
#10939=CARTESIAN_POINT('',(-2.05,-0.35,-1.5));
#10940=CARTESIAN_POINT('',(-2.05,-0.35,-1.5));
#10941=CARTESIAN_POINT('',(-2.05,-0.35,-1.75));
#10942=CARTESIAN_POINT('',(-2.05,-0.3,-1.75));
#10943=CARTESIAN_POINT('',(-1.85,-0.55,-1.5));
#10944=CARTESIAN_POINT('',(-1.85,-0.55,-1.75));
#10945=CARTESIAN_POINT('',(-1.85,-0.55,-1.75));
#10946=CARTESIAN_POINT('',(-0.696629870583921,-0.55,-1.75));
#10947=CARTESIAN_POINT('',(-1.85,-0.55,-1.5));
#10948=CARTESIAN_POINT('',(-1.85,-0.55,-1.5));
#10949=CARTESIAN_POINT('',(-1.85,-0.55,-1.5));
#10950=CARTESIAN_POINT('',(-0.696629870583921,-0.55,-1.5));
#10951=CARTESIAN_POINT('',(-0.69662987058392,-0.55,-1.3));
#10952=CARTESIAN_POINT('',(-0.549363207272859,-0.55,-1.43532379641891));
#10953=CARTESIAN_POINT('',(-0.549363207272859,-0.55,-1.43532379641891));
#10954=CARTESIAN_POINT('',(-0.508113544921023,-0.55,-1.39043368619426));
#10955=CARTESIAN_POINT('',(0.00731977666769342,-0.55,-1.86406697366044));
#10956=CARTESIAN_POINT('',(0.480953064133875,-0.55,-1.34863365207173));
#10957=CARTESIAN_POINT('',(0.480953064133875,-0.55,-1.34863365207173));
#10958=CARTESIAN_POINT('',(0.551,-0.55,-1.413));
#10959=CARTESIAN_POINT('',(0.551,-0.55,-1.413));
#10960=CARTESIAN_POINT('',(0.381845254476364,-0.55,-1.59708332913883));
#10961=CARTESIAN_POINT('',(0.381845254476364,-0.55,-1.59708332913883));
#10962=CARTESIAN_POINT('',(0.274981652782473,-0.55,-1.49888603210583));
#10963=CARTESIAN_POINT('',(0.00433405994465524,-0.55,-1.79341935872795));
#10964=CARTESIAN_POINT('',(-0.290199266677469,-0.55,-1.52277176589013));
#10965=CARTESIAN_POINT('',(-0.290199266677469,-0.55,-1.52277176589013));
#10966=CARTESIAN_POINT('',(-0.365279878134031,-0.55,-1.60447854194255));
#10967=CARTESIAN_POINT('',(-0.696629870583921,-0.55,-1.3));
#10968=CARTESIAN_POINT('',(-0.719,-1.15,-1.5));
#10969=CARTESIAN_POINT('',(-0.719,-1.15,-1.75));
#10970=CARTESIAN_POINT('',(-0.696629870583921,-1.15,-1.75));
#10971=CARTESIAN_POINT('',(-2.46630716252719,-1.15,-1.75));
#10972=CARTESIAN_POINT('',(-0.696629870583921,-1.15,-1.3));
#10973=CARTESIAN_POINT('',(-0.365279878134031,-1.15,-1.60447854194255));
#10974=CARTESIAN_POINT('',(-0.290199266677469,-1.15,-1.52277176589013));
#10975=CARTESIAN_POINT('',(-0.290199266677469,-1.15,-1.52277176589013));
#10976=CARTESIAN_POINT('',(0.00433405994465524,-1.15,-1.79341935872795));
#10977=CARTESIAN_POINT('',(0.274981652782473,-1.15,-1.49888603210583));
#10978=CARTESIAN_POINT('',(0.381845254476364,-1.15,-1.59708332913883));
#10979=CARTESIAN_POINT('',(0.381845254476364,-1.15,-1.59708332913883));
#10980=CARTESIAN_POINT('',(0.551,-1.15,-1.413));
#10981=CARTESIAN_POINT('',(0.551,-1.15,-1.413));
#10982=CARTESIAN_POINT('',(0.480953064133875,-1.15,-1.34863365207173));
#10983=CARTESIAN_POINT('',(0.480953064133875,-1.15,-1.34863365207173));
#10984=CARTESIAN_POINT('',(0.00731977666769342,-1.15,-1.86406697366044));
#10985=CARTESIAN_POINT('',(-0.508113544921023,-1.15,-1.39043368619426));
#10986=CARTESIAN_POINT('',(-0.549363207272859,-1.15,-1.43532379641891));
#10987=CARTESIAN_POINT('',(-0.549363207272859,-1.15,-1.43532379641891));
#10988=CARTESIAN_POINT('',(-0.69662987058392,-1.15,-1.3));
#10989=CARTESIAN_POINT('',(-0.696629870583921,-1.15,-1.5));
#10990=CARTESIAN_POINT('',(-0.719,-1.15,-1.5));
#10991=CARTESIAN_POINT('',(-2.46630716252719,-1.15,-1.5));
#10992=CARTESIAN_POINT('',(-2.46630716252719,-1.15,-1.5));
#10993=CARTESIAN_POINT('',(-2.46630716252719,-0.749999999999998,-1.5));
#10994=CARTESIAN_POINT('',(-2.46630716252719,-0.749999999999998,-1.75));
#10995=CARTESIAN_POINT('',(-2.84336375896406,-0.883522743693508,-1.75));
#10996=CARTESIAN_POINT('',(-2.46630716252719,-0.749999999999998,-1.5));
#10997=CARTESIAN_POINT('',(-2.84336375896406,-0.883522743693508,-1.5));
#10998=CARTESIAN_POINT('',(-2.84336375896406,-0.883522743693508,-1.5));
#10999=CARTESIAN_POINT('',(-2.84336375896406,-0.883522743693508,-1.5));
#11000=CARTESIAN_POINT('',(-2.84336375896406,-0.883522743693508,-1.75));
#11001=CARTESIAN_POINT('',(-2.84336375896406,-0.883522743693508,-1.5));
#11002=CARTESIAN_POINT('',(-1.85,-0.35,-1.5));
#11003=CARTESIAN_POINT('',(-1.85,-0.35,-1.75));
#11004=CARTESIAN_POINT('',(-1.85,-0.35,-1.5));
#11005=CARTESIAN_POINT('',(-2.46630716252719,-0.749999999999998,-1.5));
#11006=CARTESIAN_POINT('',(-0.696629870583921,-1.15,-1.5));
#11007=CARTESIAN_POINT('',(-2.46630716252719,-0.749999999999998,-1.75));
#11008=CARTESIAN_POINT('',(-0.696629870583921,-1.15,-1.75));
#11009=CARTESIAN_POINT('',(-0.69662987058392,-1.15,-1.3));
#11010=CARTESIAN_POINT('',(-0.549363207272859,-1.15,-1.43532379641891));
#11011=CARTESIAN_POINT('',(-0.549363207272859,-1.15,-1.43532379641891));
#11012=CARTESIAN_POINT('',(-0.508113544921023,-1.15,-1.39043368619426));
#11013=CARTESIAN_POINT('',(0.00731977666769342,-1.15,-1.86406697366044));
#11014=CARTESIAN_POINT('',(0.480953064133875,-1.15,-1.34863365207173));
#11015=CARTESIAN_POINT('',(0.480953064133875,-1.15,-1.34863365207173));
#11016=CARTESIAN_POINT('',(0.551,-1.15,-1.413));
#11017=CARTESIAN_POINT('',(0.551,-1.15,-1.413));
#11018=CARTESIAN_POINT('',(0.381845254476364,-1.15,-1.59708332913883));
#11019=CARTESIAN_POINT('',(0.381845254476364,-1.15,-1.59708332913883));
#11020=CARTESIAN_POINT('',(0.274981652782473,-1.15,-1.49888603210583));
#11021=CARTESIAN_POINT('',(0.00433405994465524,-1.15,-1.79341935872795));
#11022=CARTESIAN_POINT('',(-0.290199266677469,-1.15,-1.52277176589013));
#11023=CARTESIAN_POINT('',(-0.290199266677469,-1.15,-1.52277176589013));
#11024=CARTESIAN_POINT('',(-0.365279878134031,-1.15,-1.60447854194255));
#11025=CARTESIAN_POINT('',(-0.696629870583921,-1.15,-1.3));
#11026=CARTESIAN_POINT('',(2.2,-3.1,-1.35));
#11027=CARTESIAN_POINT('',(2.8,-3.1,-1.35));
#11028=CARTESIAN_POINT('',(2.8,-3.5,-1.35));
#11029=CARTESIAN_POINT('',(2.8,-3.1,-1.75));
#11030=CARTESIAN_POINT('',(2.2,-3.5,-1.35));
#11031=CARTESIAN_POINT('',(2.2,-3.5,-1.35));
#11032=CARTESIAN_POINT('',(2.2,-3.1,-1.35));
#11033=CARTESIAN_POINT('',(2.2,-3.1,-1.75));
#11034=CARTESIAN_POINT('',(2.2,-3.1,-1.75));
#11035=CARTESIAN_POINT('',(2.2,-3.5,-0.75));
#11036=CARTESIAN_POINT('',(2.8,-3.5,-0.75));
#11037=CARTESIAN_POINT('',(2.8,-3.5,-0.75));
#11038=CARTESIAN_POINT('',(2.2,-3.5,-0.75));
#11039=CARTESIAN_POINT('',(2.2,-3.5,-0.75));
#11040=CARTESIAN_POINT('',(2.2,-3.5,-0.75));
#11041=CARTESIAN_POINT('',(2.2,-3.25,-0.75));
#11042=CARTESIAN_POINT('',(2.8,-3.25,-0.75));
#11043=CARTESIAN_POINT('',(2.8,-3.25,-0.75));
#11044=CARTESIAN_POINT('',(2.2,-3.25,-0.75));
#11045=CARTESIAN_POINT('',(2.2,-3.25,-0.75));
#11046=CARTESIAN_POINT('',(2.2,-3.25,-0.75));
#11047=CARTESIAN_POINT('',(2.2,-3.25,-1.35));
#11048=CARTESIAN_POINT('',(2.8,-3.25,-1.35));
#11049=CARTESIAN_POINT('',(2.8,-3.25,-1.35));
#11050=CARTESIAN_POINT('',(2.2,-3.25,-1.35));
#11051=CARTESIAN_POINT('',(2.2,-3.25,-1.35));
#11052=CARTESIAN_POINT('',(2.2,-3.25,-1.35));
#11053=CARTESIAN_POINT('',(2.2,-3.1,-1.35));
#11054=CARTESIAN_POINT('',(2.8,-3.1,-1.35));
#11055=CARTESIAN_POINT('',(2.8,-3.1,-1.5));
#11056=CARTESIAN_POINT('',(2.2,-3.1,-1.5));
#11057=CARTESIAN_POINT('',(2.2,-3.1,-1.5));
#11058=CARTESIAN_POINT('',(2.2,-3.1,-1.35));
#11059=CARTESIAN_POINT('',(2.2,-3.1,-1.75));
#11060=CARTESIAN_POINT('',(2.8,-3.1,-1.75));
#11061=CARTESIAN_POINT('',(2.8,-2.6,-1.75));
#11062=CARTESIAN_POINT('',(2.2,-3.1,-1.75));
#11063=CARTESIAN_POINT('',(2.2,-2.6,-1.75));
#11064=CARTESIAN_POINT('',(2.2,-2.6,-1.75));
#11065=CARTESIAN_POINT('',(2.2,-2.54999999999999,-1.5));
#11066=CARTESIAN_POINT('',(2.8,-2.54999999999999,-1.5));
#11067=CARTESIAN_POINT('',(2.8,-2.54999999999999,-1.5));
#11068=CARTESIAN_POINT('',(2.2,-2.54999999999999,-1.5));
#11069=CARTESIAN_POINT('',(2.2,-2.54999999999999,-1.5));
#11070=CARTESIAN_POINT('',(2.2,-2.54999999999999,-1.5));
#11071=CARTESIAN_POINT('',(2.2,-2.6,-1.35));
#11072=CARTESIAN_POINT('',(2.8,-2.6,-1.35));
#11073=CARTESIAN_POINT('',(2.2,-2.6,-1.35));
#11074=CARTESIAN_POINT('',(2.2,-2.55,-1.4));
#11075=CARTESIAN_POINT('',(2.8,-2.55,-1.4));
#11076=CARTESIAN_POINT('',(2.2,-2.55,-1.4));
#11077=CARTESIAN_POINT('',(2.8,-2.6,1.35));
#11078=CARTESIAN_POINT('',(2.2,-2.6,1.35));
#11079=CARTESIAN_POINT('',(2.2,-2.6,1.35));
#11080=CARTESIAN_POINT('',(2.2,-2.6,1.35));
#11081=CARTESIAN_POINT('',(2.2,-2.6,1.75));
#11082=CARTESIAN_POINT('',(2.2,-2.55,1.4));
#11083=CARTESIAN_POINT('',(2.2,-2.55,1.5));
#11084=CARTESIAN_POINT('',(2.2,-3.1,1.5));
#11085=CARTESIAN_POINT('',(2.2,-3.1,1.5));
#11086=CARTESIAN_POINT('',(2.2,-3.1,1.35));
#11087=CARTESIAN_POINT('',(2.2,-3.25,1.35));
#11088=CARTESIAN_POINT('',(2.2,-3.25,0.75));
#11089=CARTESIAN_POINT('',(2.2,-3.25,0.75));
#11090=CARTESIAN_POINT('',(2.2,-3.5,0.75));
#11091=CARTESIAN_POINT('',(2.2,-3.5,0.75));
#11092=CARTESIAN_POINT('',(2.2,-3.5,1.35));
#11093=CARTESIAN_POINT('',(2.2,-3.5,1.35));
#11094=CARTESIAN_POINT('',(2.2,-3.1,1.35));
#11095=CARTESIAN_POINT('',(2.2,-3.1,1.75));
#11096=CARTESIAN_POINT('',(2.2,-2.6,1.75));
#11097=CARTESIAN_POINT('',(2.8,-2.6,1.35));
#11098=CARTESIAN_POINT('',(2.8,-2.6,1.35));
#11099=CARTESIAN_POINT('',(2.8,-2.6,1.75));
#11100=CARTESIAN_POINT('',(2.8,-2.6,1.75));
#11101=CARTESIAN_POINT('',(2.8,-3.1,1.75));
#11102=CARTESIAN_POINT('',(2.8,-3.1,1.35));
#11103=CARTESIAN_POINT('',(2.8,-3.5,1.35));
#11104=CARTESIAN_POINT('',(2.8,-3.5,1.35));
#11105=CARTESIAN_POINT('',(2.8,-3.5,0.75));
#11106=CARTESIAN_POINT('',(2.8,-3.5,0.75));
#11107=CARTESIAN_POINT('',(2.8,-3.25,0.75));
#11108=CARTESIAN_POINT('',(2.8,-3.25,0.75));
#11109=CARTESIAN_POINT('',(2.8,-3.25,1.35));
#11110=CARTESIAN_POINT('',(2.8,-3.1,1.35));
#11111=CARTESIAN_POINT('',(2.8,-3.1,1.5));
#11112=CARTESIAN_POINT('',(2.8,-3.1,1.5));
#11113=CARTESIAN_POINT('',(2.8,-2.55,1.5));
#11114=CARTESIAN_POINT('',(2.8,-2.55,1.4));
#11115=CARTESIAN_POINT('',(2.2,-2.6,1.35));
#11116=CARTESIAN_POINT('',(2.2,-2.6,1.75));
#11117=CARTESIAN_POINT('',(2.2,-2.6,1.75));
#11118=CARTESIAN_POINT('',(2.2,-3.1,1.75));
#11119=CARTESIAN_POINT('',(2.2,-3.1,1.35));
#11120=CARTESIAN_POINT('',(2.2,-3.5,1.35));
#11121=CARTESIAN_POINT('',(2.2,-3.5,1.35));
#11122=CARTESIAN_POINT('',(2.2,-3.5,0.75));
#11123=CARTESIAN_POINT('',(2.2,-3.5,0.75));
#11124=CARTESIAN_POINT('',(2.2,-3.25,0.75));
#11125=CARTESIAN_POINT('',(2.2,-3.25,0.75));
#11126=CARTESIAN_POINT('',(2.2,-3.25,1.35));
#11127=CARTESIAN_POINT('',(2.2,-3.1,1.35));
#11128=CARTESIAN_POINT('',(2.2,-3.1,1.5));
#11129=CARTESIAN_POINT('',(2.2,-3.1,1.5));
#11130=CARTESIAN_POINT('',(2.2,-2.55,1.5));
#11131=CARTESIAN_POINT('',(2.2,-2.55,1.4));
#11132=CARTESIAN_POINT('',(0.3,-3.1,-1.35));
#11133=CARTESIAN_POINT('',(-0.3,-3.1,-1.35));
#11134=CARTESIAN_POINT('',(-0.3,-3.25,-1.35));
#11135=CARTESIAN_POINT('',(-0.3,-3.1,-1.5));
#11136=CARTESIAN_POINT('',(0.3,-3.25,-1.35));
#11137=CARTESIAN_POINT('',(0.3,-3.25,-1.35));
#11138=CARTESIAN_POINT('',(0.3,-3.1,-1.35));
#11139=CARTESIAN_POINT('',(0.3,-3.1,-1.5));
#11140=CARTESIAN_POINT('',(0.3,-3.1,-1.5));
#11141=CARTESIAN_POINT('',(0.3,-3.25,-1.35));
#11142=CARTESIAN_POINT('',(-0.3,-3.25,-1.35));
#11143=CARTESIAN_POINT('',(-0.3,-3.25,-0.75));
#11144=CARTESIAN_POINT('',(0.3,-3.25,-0.75));
#11145=CARTESIAN_POINT('',(0.3,-3.25,-0.75));
#11146=CARTESIAN_POINT('',(0.3,-3.25,-1.35));
#11147=CARTESIAN_POINT('',(0.3,-3.25,-0.75));
#11148=CARTESIAN_POINT('',(-0.3,-3.25,-0.75));
#11149=CARTESIAN_POINT('',(-0.3,-3.5,-0.75));
#11150=CARTESIAN_POINT('',(0.3,-3.5,-0.75));
#11151=CARTESIAN_POINT('',(0.3,-3.5,-0.75));
#11152=CARTESIAN_POINT('',(0.3,-3.25,-0.75));
#11153=CARTESIAN_POINT('',(0.3,-3.5,-0.75));
#11154=CARTESIAN_POINT('',(-0.3,-3.5,-0.75));
#11155=CARTESIAN_POINT('',(-0.3,-3.5,-1.35));
#11156=CARTESIAN_POINT('',(0.3,-3.5,-1.35));
#11157=CARTESIAN_POINT('',(0.3,-3.5,-1.35));
#11158=CARTESIAN_POINT('',(0.3,-3.5,-0.75));
#11159=CARTESIAN_POINT('',(0.3,-3.1,-1.35));
#11160=CARTESIAN_POINT('',(-0.3,-3.1,-1.35));
#11161=CARTESIAN_POINT('',(-0.3,-3.1,-1.75));
#11162=CARTESIAN_POINT('',(0.3,-3.1,-1.75));
#11163=CARTESIAN_POINT('',(0.3,-3.1,-1.75));
#11164=CARTESIAN_POINT('',(0.3,-3.1,-1.35));
#11165=CARTESIAN_POINT('',(0.3,-3.1,-1.75));
#11166=CARTESIAN_POINT('',(-0.3,-3.1,-1.75));
#11167=CARTESIAN_POINT('',(-0.3,-2.6,-1.75));
#11168=CARTESIAN_POINT('',(0.3,-2.6,-1.75));
#11169=CARTESIAN_POINT('',(0.3,-2.6,-1.75));
#11170=CARTESIAN_POINT('',(0.3,-3.1,-1.75));
#11171=CARTESIAN_POINT('',(0.3,-2.54999999999999,-1.5));
#11172=CARTESIAN_POINT('',(-0.3,-2.54999999999999,-1.5));
#11173=CARTESIAN_POINT('',(-0.3,-2.54999999999999,-1.5));
#11174=CARTESIAN_POINT('',(0.3,-2.54999999999999,-1.5));
#11175=CARTESIAN_POINT('',(0.3,-2.54999999999999,-1.5));
#11176=CARTESIAN_POINT('',(0.3,-2.54999999999999,-1.5));
#11177=CARTESIAN_POINT('',(0.3,-2.6,-1.35));
#11178=CARTESIAN_POINT('',(-0.3,-2.6,-1.35));
#11179=CARTESIAN_POINT('',(0.3,-2.6,-1.35));
#11180=CARTESIAN_POINT('',(0.3,-2.55,-1.4));
#11181=CARTESIAN_POINT('',(-0.3,-2.55,-1.4));
#11182=CARTESIAN_POINT('',(0.3,-2.55,-1.4));
#11183=CARTESIAN_POINT('',(-0.3,-2.6,1.35));
#11184=CARTESIAN_POINT('',(0.3,-2.6,1.35));
#11185=CARTESIAN_POINT('',(0.3,-2.6,1.35));
#11186=CARTESIAN_POINT('',(0.3,-2.6,1.35));
#11187=CARTESIAN_POINT('',(0.3,-2.6,1.75));
#11188=CARTESIAN_POINT('',(0.3,-2.6,1.75));
#11189=CARTESIAN_POINT('',(0.3,-3.1,1.75));
#11190=CARTESIAN_POINT('',(0.3,-3.1,1.35));
#11191=CARTESIAN_POINT('',(0.3,-3.5,1.35));
#11192=CARTESIAN_POINT('',(0.3,-3.5,1.35));
#11193=CARTESIAN_POINT('',(0.3,-3.5,0.75));
#11194=CARTESIAN_POINT('',(0.3,-3.5,0.75));
#11195=CARTESIAN_POINT('',(0.3,-3.25,0.75));
#11196=CARTESIAN_POINT('',(0.3,-3.25,0.75));
#11197=CARTESIAN_POINT('',(0.3,-3.25,1.35));
#11198=CARTESIAN_POINT('',(0.3,-3.1,1.35));
#11199=CARTESIAN_POINT('',(0.3,-3.1,1.5));
#11200=CARTESIAN_POINT('',(0.3,-3.1,1.5));
#11201=CARTESIAN_POINT('',(0.3,-2.55,1.5));
#11202=CARTESIAN_POINT('',(0.3,-2.55,1.4));
#11203=CARTESIAN_POINT('',(-0.3,-2.6,1.35));
#11204=CARTESIAN_POINT('',(-0.3,-2.6,1.35));
#11205=CARTESIAN_POINT('',(-0.3,-2.6,1.75));
#11206=CARTESIAN_POINT('',(-0.3,-2.55,1.4));
#11207=CARTESIAN_POINT('',(-0.3,-2.55,1.5));
#11208=CARTESIAN_POINT('',(-0.3,-3.1,1.5));
#11209=CARTESIAN_POINT('',(-0.3,-3.1,1.5));
#11210=CARTESIAN_POINT('',(-0.3,-3.1,1.35));
#11211=CARTESIAN_POINT('',(-0.3,-3.25,1.35));
#11212=CARTESIAN_POINT('',(-0.3,-3.25,0.75));
#11213=CARTESIAN_POINT('',(-0.3,-3.25,0.75));
#11214=CARTESIAN_POINT('',(-0.3,-3.5,0.75));
#11215=CARTESIAN_POINT('',(-0.3,-3.5,0.75));
#11216=CARTESIAN_POINT('',(-0.3,-3.5,1.35));
#11217=CARTESIAN_POINT('',(-0.3,-3.5,1.35));
#11218=CARTESIAN_POINT('',(-0.3,-3.1,1.35));
#11219=CARTESIAN_POINT('',(-0.3,-3.1,1.75));
#11220=CARTESIAN_POINT('',(-0.3,-2.6,1.75));
#11221=CARTESIAN_POINT('',(0.3,-2.6,1.35));
#11222=CARTESIAN_POINT('',(0.3,-2.6,1.75));
#11223=CARTESIAN_POINT('',(0.3,-2.6,1.75));
#11224=CARTESIAN_POINT('',(0.3,-3.1,1.75));
#11225=CARTESIAN_POINT('',(0.3,-3.1,1.35));
#11226=CARTESIAN_POINT('',(0.3,-3.5,1.35));
#11227=CARTESIAN_POINT('',(0.3,-3.5,1.35));
#11228=CARTESIAN_POINT('',(0.3,-3.5,0.75));
#11229=CARTESIAN_POINT('',(0.3,-3.5,0.75));
#11230=CARTESIAN_POINT('',(0.3,-3.25,0.75));
#11231=CARTESIAN_POINT('',(0.3,-3.25,0.75));
#11232=CARTESIAN_POINT('',(0.3,-3.25,1.35));
#11233=CARTESIAN_POINT('',(0.3,-3.1,1.35));
#11234=CARTESIAN_POINT('',(0.3,-3.1,1.5));
#11235=CARTESIAN_POINT('',(0.3,-3.1,1.5));
#11236=CARTESIAN_POINT('',(0.3,-2.55,1.5));
#11237=CARTESIAN_POINT('',(0.3,-2.55,1.4));
#11238=CARTESIAN_POINT('',(-2.2,-3.1,-1.35));
#11239=CARTESIAN_POINT('',(-2.8,-3.1,-1.35));
#11240=CARTESIAN_POINT('',(-2.8,-3.25,-1.35));
#11241=CARTESIAN_POINT('',(-2.8,-3.1,-1.5));
#11242=CARTESIAN_POINT('',(-2.2,-3.25,-1.35));
#11243=CARTESIAN_POINT('',(-2.2,-3.25,-1.35));
#11244=CARTESIAN_POINT('',(-2.2,-3.1,-1.35));
#11245=CARTESIAN_POINT('',(-2.2,-3.1,-1.5));
#11246=CARTESIAN_POINT('',(-2.2,-3.1,-1.5));
#11247=CARTESIAN_POINT('',(-2.2,-3.25,-1.35));
#11248=CARTESIAN_POINT('',(-2.8,-3.25,-1.35));
#11249=CARTESIAN_POINT('',(-2.8,-3.25,-0.75));
#11250=CARTESIAN_POINT('',(-2.2,-3.25,-0.75));
#11251=CARTESIAN_POINT('',(-2.2,-3.25,-0.75));
#11252=CARTESIAN_POINT('',(-2.2,-3.25,-1.35));
#11253=CARTESIAN_POINT('',(-2.2,-3.25,-0.75));
#11254=CARTESIAN_POINT('',(-2.8,-3.25,-0.75));
#11255=CARTESIAN_POINT('',(-2.8,-3.5,-0.75));
#11256=CARTESIAN_POINT('',(-2.2,-3.5,-0.75));
#11257=CARTESIAN_POINT('',(-2.2,-3.5,-0.75));
#11258=CARTESIAN_POINT('',(-2.2,-3.25,-0.75));
#11259=CARTESIAN_POINT('',(-2.2,-3.5,-0.75));
#11260=CARTESIAN_POINT('',(-2.8,-3.5,-0.75));
#11261=CARTESIAN_POINT('',(-2.8,-3.5,-1.35));
#11262=CARTESIAN_POINT('',(-2.2,-3.5,-1.35));
#11263=CARTESIAN_POINT('',(-2.2,-3.5,-1.35));
#11264=CARTESIAN_POINT('',(-2.2,-3.5,-0.75));
#11265=CARTESIAN_POINT('',(-2.2,-3.1,-1.35));
#11266=CARTESIAN_POINT('',(-2.8,-3.1,-1.35));
#11267=CARTESIAN_POINT('',(-2.8,-3.1,-1.75));
#11268=CARTESIAN_POINT('',(-2.2,-3.1,-1.75));
#11269=CARTESIAN_POINT('',(-2.2,-3.1,-1.75));
#11270=CARTESIAN_POINT('',(-2.2,-3.1,-1.35));
#11271=CARTESIAN_POINT('',(-2.2,-2.54999999999999,-1.5));
#11272=CARTESIAN_POINT('',(-2.8,-2.54999999999999,-1.5));
#11273=CARTESIAN_POINT('',(-2.8,-2.54999999999999,-1.5));
#11274=CARTESIAN_POINT('',(-2.2,-2.54999999999999,-1.5));
#11275=CARTESIAN_POINT('',(-2.2,-2.54999999999999,-1.5));
#11276=CARTESIAN_POINT('',(-2.2,-2.54999999999999,-1.5));
#11277=CARTESIAN_POINT('',(-2.2,-3.1,-1.75));
#11278=CARTESIAN_POINT('',(-2.8,-3.1,-1.75));
#11279=CARTESIAN_POINT('',(-2.8,-2.6,-1.75));
#11280=CARTESIAN_POINT('',(-2.2,-2.6,-1.75));
#11281=CARTESIAN_POINT('',(-2.2,-2.6,-1.75));
#11282=CARTESIAN_POINT('',(-2.2,-3.1,-1.75));
#11283=CARTESIAN_POINT('',(-2.2,-2.6,-1.35));
#11284=CARTESIAN_POINT('',(-2.8,-2.6,-1.35));
#11285=CARTESIAN_POINT('',(-2.2,-2.6,-1.35));
#11286=CARTESIAN_POINT('',(-2.2,-2.55,-1.4));
#11287=CARTESIAN_POINT('',(-2.8,-2.55,-1.4));
#11288=CARTESIAN_POINT('',(-2.2,-2.55,-1.4));
#11289=CARTESIAN_POINT('',(-2.8,-2.6,1.35));
#11290=CARTESIAN_POINT('',(-2.2,-2.6,1.35));
#11291=CARTESIAN_POINT('',(-2.2,-2.6,1.35));
#11292=CARTESIAN_POINT('',(-2.2,-2.6,1.35));
#11293=CARTESIAN_POINT('',(-2.2,-2.6,1.75));
#11294=CARTESIAN_POINT('',(-2.2,-2.6,1.75));
#11295=CARTESIAN_POINT('',(-2.2,-3.1,1.75));
#11296=CARTESIAN_POINT('',(-2.2,-3.1,1.35));
#11297=CARTESIAN_POINT('',(-2.2,-3.5,1.35));
#11298=CARTESIAN_POINT('',(-2.2,-3.5,1.35));
#11299=CARTESIAN_POINT('',(-2.2,-3.5,0.75));
#11300=CARTESIAN_POINT('',(-2.2,-3.5,0.75));
#11301=CARTESIAN_POINT('',(-2.2,-3.25,0.75));
#11302=CARTESIAN_POINT('',(-2.2,-3.25,0.75));
#11303=CARTESIAN_POINT('',(-2.2,-3.25,1.35));
#11304=CARTESIAN_POINT('',(-2.2,-3.1,1.35));
#11305=CARTESIAN_POINT('',(-2.2,-3.1,1.5));
#11306=CARTESIAN_POINT('',(-2.2,-3.1,1.5));
#11307=CARTESIAN_POINT('',(-2.2,-2.55,1.5));
#11308=CARTESIAN_POINT('',(-2.2,-2.55,1.4));
#11309=CARTESIAN_POINT('',(-2.8,-2.6,1.35));
#11310=CARTESIAN_POINT('',(-2.8,-2.6,1.35));
#11311=CARTESIAN_POINT('',(-2.8,-2.6,1.75));
#11312=CARTESIAN_POINT('',(-2.8,-2.55,1.4));
#11313=CARTESIAN_POINT('',(-2.8,-2.55,1.5));
#11314=CARTESIAN_POINT('',(-2.8,-3.1,1.5));
#11315=CARTESIAN_POINT('',(-2.8,-3.1,1.5));
#11316=CARTESIAN_POINT('',(-2.8,-3.1,1.35));
#11317=CARTESIAN_POINT('',(-2.8,-3.25,1.35));
#11318=CARTESIAN_POINT('',(-2.8,-3.25,0.75));
#11319=CARTESIAN_POINT('',(-2.8,-3.25,0.75));
#11320=CARTESIAN_POINT('',(-2.8,-3.5,0.75));
#11321=CARTESIAN_POINT('',(-2.8,-3.5,0.75));
#11322=CARTESIAN_POINT('',(-2.8,-3.5,1.35));
#11323=CARTESIAN_POINT('',(-2.8,-3.5,1.35));
#11324=CARTESIAN_POINT('',(-2.8,-3.1,1.35));
#11325=CARTESIAN_POINT('',(-2.8,-3.1,1.75));
#11326=CARTESIAN_POINT('',(-2.8,-2.6,1.75));
#11327=CARTESIAN_POINT('',(-2.2,-2.6,1.35));
#11328=CARTESIAN_POINT('',(-2.2,-2.6,1.75));
#11329=CARTESIAN_POINT('',(-2.2,-2.6,1.75));
#11330=CARTESIAN_POINT('',(-2.2,-3.1,1.75));
#11331=CARTESIAN_POINT('',(-2.2,-3.1,1.35));
#11332=CARTESIAN_POINT('',(-2.2,-3.5,1.35));
#11333=CARTESIAN_POINT('',(-2.2,-3.5,1.35));
#11334=CARTESIAN_POINT('',(-2.2,-3.5,0.75));
#11335=CARTESIAN_POINT('',(-2.2,-3.5,0.75));
#11336=CARTESIAN_POINT('',(-2.2,-3.25,0.75));
#11337=CARTESIAN_POINT('',(-2.2,-3.25,0.75));
#11338=CARTESIAN_POINT('',(-2.2,-3.25,1.35));
#11339=CARTESIAN_POINT('',(-2.2,-3.1,1.35));
#11340=CARTESIAN_POINT('',(-2.2,-3.1,1.5));
#11341=CARTESIAN_POINT('',(-2.2,-3.1,1.5));
#11342=CARTESIAN_POINT('',(-2.2,-2.55,1.5));
#11343=CARTESIAN_POINT('',(-2.2,-2.55,1.4));
#11344=CARTESIAN_POINT('',(0.,0.,0.));
#11345=CARTESIAN_POINT('',(5.,0.,1.25));
#11346=CARTESIAN_POINT('',(-1.75,0.,1.25));
#11347=CARTESIAN_POINT('',(-1.75,0.,1.25));
#11348=CARTESIAN_POINT('',(-1.75,-0.15,1.4));
#11349=CARTESIAN_POINT('',(0.,0.,1.25));
#11350=CARTESIAN_POINT('',(-3.5,0.,1.25));
#11351=CARTESIAN_POINT('',(-3.5,-0.324999999999999,1.575));
#11352=CARTESIAN_POINT('',(-3.5,-0.15,1.4));
#11353=CARTESIAN_POINT('',(5.,-0.15,1.4));
#11354=CARTESIAN_POINT('',(-3.5,-1.,-0.899999999999998));
#11355=CARTESIAN_POINT('',(-3.5,0.,-0.899999999999998));
#11356=CARTESIAN_POINT('',(-3.5,0.,-0.899999999999998));
#11357=CARTESIAN_POINT('',(-3.7,0.,-0.700000000000006));
#11358=CARTESIAN_POINT('',(-3.5,-1.,-0.899999999999998));
#11359=CARTESIAN_POINT('',(-3.5,-1.,-0.899999999999998));
#11360=CARTESIAN_POINT('',(-3.5,-1.,-0.899999999999998));
#11361=CARTESIAN_POINT('',(-3.7,-1.,-0.700000000000006));
#11362=CARTESIAN_POINT('',(-3.7,-1.,-0.700000000000006));
#11363=CARTESIAN_POINT('',(-3.7,-1.,-0.700000000000006));
#11364=CARTESIAN_POINT('',(-3.7,0.,-0.700000000000006));
#11365=CARTESIAN_POINT('',(-3.7,0.,0.700000000000006));
#11366=CARTESIAN_POINT('',(-3.7,-1.,-0.700000000000006));
#11367=CARTESIAN_POINT('',(-3.7,-1.,0.700000000000006));
#11368=CARTESIAN_POINT('',(-3.7,-1.,0.700000000000006));
#11369=CARTESIAN_POINT('',(-3.7,-1.,0.700000000000006));
#11370=CARTESIAN_POINT('',(-3.7,0.,0.700000000000006));
#11371=CARTESIAN_POINT('',(-3.5,0.,0.899999999999997));
#11372=CARTESIAN_POINT('',(-3.7,-1.,0.700000000000006));
#11373=CARTESIAN_POINT('',(-3.5,-1.,0.899999999999997));
#11374=CARTESIAN_POINT('',(-3.5,-1.,0.899999999999997));
#11375=CARTESIAN_POINT('',(-3.5,-1.,0.899999999999997));
#11376=CARTESIAN_POINT('',(-3.5,0.,0.899999999999997));
#11377=CARTESIAN_POINT('',(-3.5,-1.,0.899999999999997));
#11378=CARTESIAN_POINT('',(-3.5,-1.,1.4));
#11379=CARTESIAN_POINT('',(-3.5,-1.,1.4));
#11380=CARTESIAN_POINT('',(-3.5,-1.,1.4));
#11381=CARTESIAN_POINT('',(-0.25,-1.,1.4));
#11382=CARTESIAN_POINT('',(-0.25,-0.9,1.4));
#11383=CARTESIAN_POINT('',(-0.25,-0.15,1.4));
#11384=CARTESIAN_POINT('',(-3.5,-0.9,1.4));
#11385=CARTESIAN_POINT('',(-1.75,-0.9,1.4));
#11386=CARTESIAN_POINT('',(-1.75,-1.,1.4));
#11387=CARTESIAN_POINT('',(-3.5,-1.,1.4));
#11388=CARTESIAN_POINT('',(1.7,-1.,1.4));
#11389=CARTESIAN_POINT('',(1.7,-1.,1.4));
#11390=CARTESIAN_POINT('',(1.7,-0.15,1.4));
#11391=CARTESIAN_POINT('',(5.,-0.15,1.4));
#11392=CARTESIAN_POINT('',(1.7,-1.,1.4));
#11393=CARTESIAN_POINT('',(1.7,-0.574999999999999,1.825));
#11394=CARTESIAN_POINT('',(1.7,0.,1.25));
#11395=CARTESIAN_POINT('',(1.7,-1.,1.4));
#11396=CARTESIAN_POINT('',(1.7,-1.,0.899999999999997));
#11397=CARTESIAN_POINT('',(1.7,-1.,0.899999999999997));
#11398=CARTESIAN_POINT('',(1.7,0.,0.899999999999997));
#11399=CARTESIAN_POINT('',(1.7,0.,1.4));
#11400=CARTESIAN_POINT('',(1.7,-1.,0.899999999999997));
#11401=CARTESIAN_POINT('',(1.7,0.,0.899999999999997));
#11402=CARTESIAN_POINT('',(1.9,0.,0.700000000000006));
#11403=CARTESIAN_POINT('',(1.7,-1.,0.899999999999997));
#11404=CARTESIAN_POINT('',(1.9,-1.,0.700000000000006));
#11405=CARTESIAN_POINT('',(1.9,-1.,0.700000000000006));
#11406=CARTESIAN_POINT('',(1.9,-1.,0.700000000000006));
#11407=CARTESIAN_POINT('',(1.9,0.,0.700000000000006));
#11408=CARTESIAN_POINT('',(1.9,0.,-0.700000000000006));
#11409=CARTESIAN_POINT('',(1.9,-1.,0.700000000000006));
#11410=CARTESIAN_POINT('',(1.9,-1.,-0.700000000000006));
#11411=CARTESIAN_POINT('',(1.9,-1.,-0.700000000000006));
#11412=CARTESIAN_POINT('',(1.9,-1.,-0.700000000000006));
#11413=CARTESIAN_POINT('',(1.9,0.,-0.700000000000006));
#11414=CARTESIAN_POINT('',(1.7,0.,-0.899999999999997));
#11415=CARTESIAN_POINT('',(1.9,-1.,-0.700000000000006));
#11416=CARTESIAN_POINT('',(1.7,-1.,-0.899999999999997));
#11417=CARTESIAN_POINT('',(1.7,-1.,-0.899999999999997));
#11418=CARTESIAN_POINT('',(1.7,-1.,-0.899999999999997));
#11419=CARTESIAN_POINT('',(1.7,-0.324999999999999,-1.575));
#11420=CARTESIAN_POINT('',(1.7,0.,-1.25));
#11421=CARTESIAN_POINT('',(1.7,-0.15,-1.4));
#11422=CARTESIAN_POINT('',(1.7,0.,-0.899999999999997));
#11423=CARTESIAN_POINT('',(1.7,-1.,-0.899999999999997));
#11424=CARTESIAN_POINT('',(1.7,-1.,-1.4));
#11425=CARTESIAN_POINT('',(1.7,-1.,-1.4));
#11426=CARTESIAN_POINT('',(1.7,-1.,-1.4));
#11427=CARTESIAN_POINT('',(5.,-0.15,-1.4));
#11428=CARTESIAN_POINT('',(0.7,-0.15,-1.4));
#11429=CARTESIAN_POINT('',(1.7,-1.,-1.4));
#11430=CARTESIAN_POINT('',(0.699999999999994,-1.,-1.4));
#11431=CARTESIAN_POINT('',(0.699999999999994,-1.,-1.4));
#11432=CARTESIAN_POINT('',(0.699999999999994,-1.,-1.4));
#11433=CARTESIAN_POINT('',(0.962886597938129,-0.259536082474212,-1.50953608247421));
#11434=CARTESIAN_POINT('',(0.339999999999971,0.,-1.25));
#11435=CARTESIAN_POINT('',(0.699999999999994,-1.,-1.4));
#11436=CARTESIAN_POINT('',(0.1,-1.,-1.15000000000002));
#11437=CARTESIAN_POINT('',(0.1,-1.,-1.15000000000002));
#11438=CARTESIAN_POINT('',(0.1,0.,-1.15000000000002));
#11439=CARTESIAN_POINT('',(0.699999999999994,0.,-1.4));
#11440=CARTESIAN_POINT('',(0.1,-1.,-1.15000000000002));
#11441=CARTESIAN_POINT('',(0.1,0.,-1.15000000000002));
#11442=CARTESIAN_POINT('',(-0.2,0.,-1.15000000000002));
#11443=CARTESIAN_POINT('',(0.1,-1.,-1.15000000000002));
#11444=CARTESIAN_POINT('',(-0.2,-1.,-1.15000000000002));
#11445=CARTESIAN_POINT('',(-0.2,-1.,-1.15000000000002));
#11446=CARTESIAN_POINT('',(-0.2,-1.,-1.15000000000002));
#11447=CARTESIAN_POINT('',(-0.586946210788061,-0.147408063163722,-1.39740806316372));
#11448=CARTESIAN_POINT('',(-0.356399999999982,0.,-1.25));
#11449=CARTESIAN_POINT('',(-0.590999999999996,-0.15,-1.4));
#11450=CARTESIAN_POINT('',(-0.2,0.,-1.15000000000002));
#11451=CARTESIAN_POINT('',(-0.2,-1.,-1.15000000000002));
#11452=CARTESIAN_POINT('',(-0.590999999999996,-1.,-1.4));
#11453=CARTESIAN_POINT('',(-0.590999999999996,-1.,-1.4));
#11454=CARTESIAN_POINT('',(-0.590999999999996,-1.,-1.4));
#11455=CARTESIAN_POINT('',(5.,-0.15,-1.4));
#11456=CARTESIAN_POINT('',(-1.409,-0.15,-1.4));
#11457=CARTESIAN_POINT('',(-0.590999999999996,-1.,-1.4));
#11458=CARTESIAN_POINT('',(-1.409,-1.,-1.4));
#11459=CARTESIAN_POINT('',(-1.409,-1.,-1.4));
#11460=CARTESIAN_POINT('',(-1.409,-1.,-1.4));
#11461=CARTESIAN_POINT('',(-1.10999610984558,-0.341178957899237,-1.59117895789924));
#11462=CARTESIAN_POINT('',(-1.6436,0.,-1.25));
#11463=CARTESIAN_POINT('',(-1.409,-1.,-1.4));
#11464=CARTESIAN_POINT('',(-1.8,-1.,-1.15000000000001));
#11465=CARTESIAN_POINT('',(-1.8,-1.,-1.15000000000001));
#11466=CARTESIAN_POINT('',(-1.8,0.,-1.15000000000001));
#11467=CARTESIAN_POINT('',(-1.409,0.,-1.4));
#11468=CARTESIAN_POINT('',(-1.8,-1.,-1.15000000000001));
#11469=CARTESIAN_POINT('',(-1.8,0.,-1.15000000000001));
#11470=CARTESIAN_POINT('',(-2.1,0.,-1.15000000000001));
#11471=CARTESIAN_POINT('',(-1.8,-1.,-1.15000000000001));
#11472=CARTESIAN_POINT('',(-2.1,-1.,-1.15000000000001));
#11473=CARTESIAN_POINT('',(-2.1,-1.,-1.15000000000001));
#11474=CARTESIAN_POINT('',(-2.1,-1.,-1.15000000000001));
#11475=CARTESIAN_POINT('',(-2.440206185567,-0.0417525773195856,-1.29175257731959));
#11476=CARTESIAN_POINT('',(-2.33999999999999,0.,-1.25));
#11477=CARTESIAN_POINT('',(-2.7,-0.15,-1.4));
#11478=CARTESIAN_POINT('',(-2.1,0.,-1.15000000000001));
#11479=CARTESIAN_POINT('',(-2.1,-1.,-1.15000000000001));
#11480=CARTESIAN_POINT('',(-2.7,-1.,-1.4));
#11481=CARTESIAN_POINT('',(-2.7,-1.,-1.4));
#11482=CARTESIAN_POINT('',(-2.7,-1.,-1.4));
#11483=CARTESIAN_POINT('',(5.,-0.15,-1.4));
#11484=CARTESIAN_POINT('',(-3.5,-0.15,-1.4));
#11485=CARTESIAN_POINT('',(-2.7,-1.,-1.4));
#11486=CARTESIAN_POINT('',(-3.5,-1.,-1.4));
#11487=CARTESIAN_POINT('',(-3.5,-1.,-1.4));
#11488=CARTESIAN_POINT('',(-3.5,-1.,-1.4));
#11489=CARTESIAN_POINT('',(-3.5,-0.574999999999999,-1.825));
#11490=CARTESIAN_POINT('',(-3.5,0.,-1.25));
#11491=CARTESIAN_POINT('',(-3.5,-1.,-1.4));
#11492=CARTESIAN_POINT('',(-3.5,0.,-1.4));
#11493=CARTESIAN_POINT('',(0.,-1.,0.));
#11494=CARTESIAN_POINT('',(0.,0.,0.));
#11495=CARTESIAN_POINT('',(-0.25,0.,0.9));
#11496=CARTESIAN_POINT('',(-0.25,0.,1.25));
#11497=CARTESIAN_POINT('',(-0.25,0.,3.75));
#11498=CARTESIAN_POINT('',(0.,0.,1.25));
#11499=CARTESIAN_POINT('',(0.,0.,-1.25));
#11500=CARTESIAN_POINT('',(0.,0.,-1.25));
#11501=CARTESIAN_POINT('',(0.,0.,-1.25));
#11502=CARTESIAN_POINT('',(-1.75,0.,0.9));
#11503=CARTESIAN_POINT('',(-1.75,0.,3.75));
#11504=CARTESIAN_POINT('',(-0.25,0.,3.75));
#11505=CARTESIAN_POINT('',(5.,-0.15,-1.4));
#11506=CARTESIAN_POINT('',(5.,-0.15,-1.4));
#11507=CARTESIAN_POINT('',(5.,-0.15,-1.4));
#11508=CARTESIAN_POINT('',(5.,0.,1.25));
#11509=CARTESIAN_POINT('',(-0.25,0.,1.25));
#11510=CARTESIAN_POINT('',(-0.25,0.,3.75));
#11511=CARTESIAN_POINT('',(-1.75,0.,3.75));
#11512=CARTESIAN_POINT('',(-1.75,-1.5,3.75));
#11513=CARTESIAN_POINT('',(-0.25,-1.5,3.75));
#11514=CARTESIAN_POINT('',(-0.25,-1.5,3.75));
#11515=CARTESIAN_POINT('',(-0.25,0.,3.75));
#11516=CARTESIAN_POINT('',(-0.25,-1.5,3.75));
#11517=CARTESIAN_POINT('',(-1.75,-1.5,3.75));
#11518=CARTESIAN_POINT('',(-1.75,-1.5,1.95));
#11519=CARTESIAN_POINT('',(-0.25,-1.5,1.95));
#11520=CARTESIAN_POINT('',(-0.25,-1.5,1.95));
#11521=CARTESIAN_POINT('',(-0.25,-1.5,3.75));
#11522=CARTESIAN_POINT('',(-0.25,-1.5,1.95));
#11523=CARTESIAN_POINT('',(-1.75,-1.5,1.95));
#11524=CARTESIAN_POINT('',(-1.75,-0.9,1.79594618377936));
#11525=CARTESIAN_POINT('',(-0.25,-0.9,1.79594618377936));
#11526=CARTESIAN_POINT('',(-0.25,-0.9,1.79594618377936));
#11527=CARTESIAN_POINT('',(-0.25,-1.5,1.95));
#11528=CARTESIAN_POINT('',(-0.25,-0.9,1.79594618377936));
#11529=CARTESIAN_POINT('',(-0.25,-0.9,1.79594618377936));
#11530=CARTESIAN_POINT('',(-1.75,-0.9,1.79594618377936));
#11531=CARTESIAN_POINT('',(-0.25,0.,0.));
#11532=CARTESIAN_POINT('',(-1.75,0.,0.));
#11533=CARTESIAN_POINT('',(0.,-0.25,-3.06161699786838E-17));
#11534=MECHANICAL_DESIGN_GEOMETRIC_PRESENTATION_REPRESENTATION('',(#5573,
#5574,#5575,#5576,#5577,#5578,#5579,#5580,#5581,#5582,#5583,#5584,#5585,
#5586,#5587,#5588,#5589,#5590,#5591,#5592,#5593,#5594,#5595,#5596,#5597,
#5598,#5599,#5600,#5601,#5602,#5603,#5604,#5605,#5606,#5607,#5608,#5609,
#5610,#5611,#5612,#5613,#5614,#5615,#5616,#5617,#5618,#5619,#5620,#5621,
#5622,#5623,#5624,#5625,#5626,#5627,#5628,#5629,#5630,#5631,#5632,#5633,
#5634,#5635,#5636,#5637,#5638,#5639,#5640,#5641,#5642,#5643,#5644,#5645,
#5646,#5647,#5648,#5649,#5650,#5651,#5652,#5653,#5654,#5655,#5656,#5657,
#5658,#5659,#5660,#5661,#5662,#5663,#5664,#5665,#5666,#5667,#5668,#5669,
#5670,#5671,#5672,#5673,#5674,#5675,#5676,#5677,#5678,#5679,#5680,#5681,
#5682,#5683,#5684,#5685,#5686,#5687,#5688,#5689,#5690,#5691,#5692,#5693,
#5694,#5695,#5696,#5697,#5698,#5699,#5700,#5701,#5702,#5703,#5704,#5705,
#5706,#5707,#5708,#5709,#5710,#5711,#5712,#5713,#5714,#5715,#5716,#5717,
#5718,#5719,#5720,#5721,#5722,#5723,#5724,#5725,#5726,#5727,#5728,#5729,
#5730,#5731,#5732,#5733,#5734,#5735,#5736,#5737,#5738,#5739,#5740,#5741,
#5742,#5743,#5744,#5745,#5746,#5747,#5748,#5749,#5750,#5751,#5752,#5753,
#5754,#5755,#5756,#5757,#5758,#5759,#5760,#5761,#5762,#5763,#5764,#5765,
#5766,#5767,#5768,#5769,#5770,#5771,#5772,#5773,#5774,#5775,#5776,#5777,
#5778,#5779,#5780,#5781,#5782,#5783,#5784,#5785,#5786,#5787,#5788,#5789,
#5790,#5791,#5792,#5793,#5794,#5795,#5796,#5797,#5798,#5799,#5800,#5801,
#5802,#5803,#5804,#5805,#5806,#5807,#5808,#5809,#5810,#5811,#5812,#5813,
#5814,#5815,#5816,#5817,#5818,#5819,#5820,#5821,#5822,#5823,#5824,#5825,
#5826,#5827,#5828,#5829,#5830,#5831,#5832,#5833,#5834),#11535);
#11535=(
GEOMETRIC_REPRESENTATION_CONTEXT(3)
GLOBAL_UNCERTAINTY_ASSIGNED_CONTEXT((#11538))
GLOBAL_UNIT_ASSIGNED_CONTEXT((#11543,#11542,#11541))
REPRESENTATION_CONTEXT('CL-SB-22A-12T','TOP_LEVEL_ASSEMBLY_PART')
);
#11536=(
GEOMETRIC_REPRESENTATION_CONTEXT(3)
GLOBAL_UNCERTAINTY_ASSIGNED_CONTEXT((#11539))
GLOBAL_UNIT_ASSIGNED_CONTEXT((#11543,#11542,#11541))
REPRESENTATION_CONTEXT('22A-12_c','COMPONENT_PART')
);
#11537=(
GEOMETRIC_REPRESENTATION_CONTEXT(3)
GLOBAL_UNCERTAINTY_ASSIGNED_CONTEXT((#11540))
GLOBAL_UNIT_ASSIGNED_CONTEXT((#11543,#11542,#11541))
REPRESENTATION_CONTEXT('2Side setting_s','COMPONENT_PART')
);
#11538=UNCERTAINTY_MEASURE_WITH_UNIT(LENGTH_MEASURE(1.E-5),#11543,
'DISTANCE_ACCURACY_VALUE','Maximum Tolerance applied to model');
#11539=UNCERTAINTY_MEASURE_WITH_UNIT(LENGTH_MEASURE(1.E-5),#11543,
'DISTANCE_ACCURACY_VALUE','Maximum Tolerance applied to model');
#11540=UNCERTAINTY_MEASURE_WITH_UNIT(LENGTH_MEASURE(1.E-5),#11543,
'DISTANCE_ACCURACY_VALUE','Maximum Tolerance applied to model');
#11541=(
NAMED_UNIT(*)
SI_UNIT($,.STERADIAN.)
SOLID_ANGLE_UNIT()
);
#11542=(
NAMED_UNIT(*)
PLANE_ANGLE_UNIT()
SI_UNIT($,.RADIAN.)
);
#11543=(
LENGTH_UNIT()
NAMED_UNIT(*)
SI_UNIT(.MILLI.,.METRE.)
);
#11544=PRODUCT_DEFINITION_SHAPE('','',#11549);
#11545=PRODUCT_DEFINITION_SHAPE('','',#11550);
#11546=PRODUCT_DEFINITION_SHAPE(' ','NAUO PRDDFN',#13);
#11547=PRODUCT_DEFINITION_SHAPE('','',#11551);
#11548=PRODUCT_DEFINITION_SHAPE(' ','NAUO PRDDFN',#14);
#11549=PRODUCT_DEFINITION('','',#11555,#11552);
#11550=PRODUCT_DEFINITION('','',#11556,#11553);
#11551=PRODUCT_DEFINITION('','',#11557,#11554);
#11552=PRODUCT_DEFINITION_CONTEXT('',#11571,'design');
#11553=PRODUCT_DEFINITION_CONTEXT('',#11571,'design');
#11554=PRODUCT_DEFINITION_CONTEXT('',#11571,'design');
#11555=PRODUCT_DEFINITION_FORMATION_WITH_SPECIFIED_SOURCE('','',#11561,
 .NOT_KNOWN.);
#11556=PRODUCT_DEFINITION_FORMATION_WITH_SPECIFIED_SOURCE('','',#11562,
 .NOT_KNOWN.);
#11557=PRODUCT_DEFINITION_FORMATION_WITH_SPECIFIED_SOURCE('','',#11563,
 .NOT_KNOWN.);
#11558=PRODUCT_RELATED_PRODUCT_CATEGORY('','',(#11561));
#11559=PRODUCT_RELATED_PRODUCT_CATEGORY('','',(#11562));
#11560=PRODUCT_RELATED_PRODUCT_CATEGORY('','',(#11563));
#11561=PRODUCT('CL-SB-22A-12T','CL-SB-22A-12T','CL-SB-22A-12T',(#11567));
#11562=PRODUCT('22A-12_c','22A-12_c','22A-12_c',(#11568));
#11563=PRODUCT('2Side setting_s','2Side setting_s','2Side setting_s',(#11569));
#11564=PRODUCT_CATEGORY('','');
#11565=PRODUCT_CATEGORY('','');
#11566=PRODUCT_CATEGORY('','');
#11567=PRODUCT_CONTEXT('',#11571,'mechanical');
#11568=PRODUCT_CONTEXT('',#11571,'mechanical');
#11569=PRODUCT_CONTEXT('',#11571,'mechanical');
#11570=APPLICATION_PROTOCOL_DEFINITION('international standard',
'ap242_managed_model_based_3d_engineering',2011,#11571);
#11571=APPLICATION_CONTEXT('managed model based 3d engineering');
ENDSEC;
END-ISO-10303-21;
